﻿<LinkSources version="1.02">
  <page ID="24087468-20EA-41D2-BB7A-79D4BC241D4F">
    <linkSource sourcePageID="6F6E2846-2547-4E28-B5E9-9065DDEE083E" comID="CCE1293E-99BB-4916-A91D-1131BAA8979D" comLinkType="cltPageLink"/>
  </page>
  <page ID="2DBFE65F-640F-4626-B99E-670D36B03712">
    <linkSource sourcePageID="24087468-20EA-41D2-BB7A-79D4BC241D4F" comID="2CAAE85E-76AE-4274-9B7E-86534BDAA1C6" comLinkType="cltPageLink"/>
  </page>
  <page ID="F4AE4E13-1303-4685-99EB-64824D18EC9B">
    <linkSource sourcePageID="22D6168E-A538-4BD3-9ACC-D80761B0DBAE" comID="AD131262-3AD3-4AED-901B-7EE41CBDDEFF" comLinkType="cltPageLink"/>
    <linkSource sourcePageID="C08BC718-2609-45F6-93DC-0330FDA3096F" comID="AD131262-3AD3-4AED-901B-7EE41CBDDEFF" comLinkType="cltPageLink"/>
    <linkSource sourcePageID="C08BC718-2609-45F6-93DC-0330FDA3096F" comID="1EBE0C8B-6AB6-4E0E-9095-38BB6D9854B8" comLinkType="cltPageLink"/>
    <linkSource sourcePageID="16391893-36AD-4106-859D-C4471565901E" comID="EA4A99B0-95FF-40F4-9F39-7B8DDD49A469" comLinkType="cltPageLink"/>
    <linkSource sourcePageID="620AF164-DAAC-4EC5-958A-1C6823DF1368" comID="DCB709C7-CB89-46EB-8A0F-9236B406BFC8" comLinkType="cltPageLink"/>
    <linkSource sourcePageID="AE0BFD43-22E7-405A-912A-EAEC36D64B80" comID="DCB709C7-CB89-46EB-8A0F-9236B406BFC8" comLinkType="cltPageLink"/>
    <linkSource sourcePageID="54B42F08-565C-4859-A16D-22B138646F46" comID="1405BC14-D4DB-4930-AEDB-AE7F275C9B60" comLinkType="cltPageLink"/>
    <linkSource sourcePageID="24087468-20EA-41D2-BB7A-79D4BC241D4F" comID="2CAAE85E-76AE-4274-9B7E-86534BDAA1C6" comLinkType="cltPageLink"/>
    <linkSource sourcePageID="C08BC718-2609-45F6-93DC-0330FDA3096F" comID="3C1BD742-7669-4D81-9647-207E5CF131F1" comLinkType="cltPageLink"/>
    <linkSource sourcePageID="0823E0F8-D359-44CA-B69D-ADF03197D003" comID="ED54E1CF-9566-4F4C-B53D-3CCBD659CE24" comLinkType="cltPageLink"/>
    <linkSource sourcePageID="D97726AE-F40D-4CFE-AB39-ECEEC68E56F1" comID="E80C5B48-B877-47AB-88BC-9B6AC90FD6CD" comLinkType="cltPageLink"/>
    <linkSource sourcePageID="2DBFE65F-640F-4626-B99E-670D36B03712" comID="0EC18365-AACA-418B-A3F0-C6DAAFAC63AB" comLinkType="cltPageLink"/>
    <linkSource sourcePageID="24087468-20EA-41D2-BB7A-79D4BC241D4F" comID="4CC662E6-61AE-470F-B2CC-69EDC85A72A3" comLinkType="cltPageLink"/>
  </page>
  <page ID="0823E0F8-D359-44CA-B69D-ADF03197D003">
    <linkSource sourcePageID="8EC1A153-8D62-4640-AB88-C11621D4AB73" comID="AD131262-3AD3-4AED-901B-7EE41CBDDEFF" comLinkType="cltPageLink"/>
    <linkSource sourcePageID="F4AE4E13-1303-4685-99EB-64824D18EC9B" comID="C233343F-D5E8-481E-8502-1E3A80CFE67A" comLinkType="cltPageLink"/>
  </page>
  <page ID="C08BC718-2609-45F6-93DC-0330FDA3096F">
    <linkSource sourcePageID="973F4F62-50DE-41DD-99B9-F37A86091131" comID="5CC31239-FEAD-4EAE-A573-0D45A1783B03" comLinkType="cltPageLink"/>
    <linkSource sourcePageID="8F8D4445-70A6-4062-B43A-3CAD4DB44836" comID="B0995239-0389-4268-9BC3-16EB6B50FA6D" comLinkType="cltPageLink"/>
    <linkSource sourcePageID="14134745-47EF-450A-A753-72F44E9123AF" comID="43F13E71-B3E0-4F9B-B1EB-A538B3E6A91B" comLinkType="cltPageLink"/>
    <linkSource sourcePageID="6F6E2846-2547-4E28-B5E9-9065DDEE083E" comID="CCE1293E-99BB-4916-A91D-1131BAA8979D" comLinkType="cltPageLink"/>
    <linkSource sourcePageID="0823E0F8-D359-44CA-B69D-ADF03197D003" comID="ED54E1CF-9566-4F4C-B53D-3CCBD659CE24" comLinkType="cltPageLink"/>
    <linkSource sourcePageID="F4AE4E13-1303-4685-99EB-64824D18EC9B" comID="5A303E9D-390C-4FA2-A56C-A012CBF24BC9" comLinkType="cltPageLink"/>
    <linkSource sourcePageID="F4AE4E13-1303-4685-99EB-64824D18EC9B" comID="5CC31239-FEAD-4EAE-A573-0D45A1783B03" comLinkType="cltPageLink"/>
    <linkSource sourcePageID="D97726AE-F40D-4CFE-AB39-ECEEC68E56F1" comID="E80C5B48-B877-47AB-88BC-9B6AC90FD6CD" comLinkType="cltPageLink"/>
    <linkSource sourcePageID="EDF370E0-849B-46D2-A5BB-5FD3FEE97F88" comID="E80C5B48-B877-47AB-88BC-9B6AC90FD6CD" comLinkType="cltPageLink"/>
    <linkSource sourcePageID="676422E7-FAC9-4D23-8603-92CECA5EE92A" comID="49036E1B-3B5C-4E40-B357-8C348D233005" comLinkType="cltPageLink"/>
    <linkSource sourcePageID="428179B7-DFB5-4A19-816A-859AC05E131A" comID="E8652782-8B20-456B-A098-4364D7D1059E" comLinkType="cltPageLink"/>
    <linkSource sourcePageID="5449B78C-D018-4379-89CB-177BEA2F32FB" comID="C0984B77-74F8-4009-BB8B-CC77B3E150F8" comLinkType="cltPageLink"/>
    <linkSource sourcePageID="C4139DC5-706F-4AAA-A282-3A4D13BAC1B2" comID="43F13E71-B3E0-4F9B-B1EB-A538B3E6A91B" comLinkType="cltPageLink"/>
    <linkSource sourcePageID="5449B78C-D018-4379-89CB-177BEA2F32FB" comID="673A0516-A80F-4806-864C-188814402531" comLinkType="cltPageLink"/>
    <linkSource sourcePageID="428179B7-DFB5-4A19-816A-859AC05E131A" comID="4DBD141A-D357-48DA-AD96-ED8C265515E3" comLinkType="cltPageLink"/>
    <linkSource sourcePageID="E00BBCFF-6003-4888-BD62-9515EE24C8D0" comID="6A36E753-2F0B-43C5-8BC6-C8E8EB3EDE09" comLinkType="cltPageLink"/>
    <linkSource sourcePageID="E00BBCFF-6003-4888-BD62-9515EE24C8D0" comID="633F8D3E-B22C-4120-99A8-963A9BE6EE3A" comLinkType="cltPageLink"/>
    <linkSource sourcePageID="AC821F08-0391-41C7-9129-C44C4298ADC1" comID="E8652782-8B20-456B-A098-4364D7D1059E" comLinkType="cltPageLink"/>
    <linkSource sourcePageID="48C775BF-B93F-4688-9559-2C5D26CDFC2B" comID="43F13E71-B3E0-4F9B-B1EB-A538B3E6A91B" comLinkType="cltPageLink"/>
    <linkSource sourcePageID="4F84CE01-6D8C-4C85-84E3-19DC2D295546" comID="E80C5B48-B877-47AB-88BC-9B6AC90FD6CD" comLinkType="cltPageLink"/>
    <linkSource sourcePageID="52102101-D803-42A5-903F-67E99F8C07C4" comID="72840F43-F2A1-4240-BAFD-749CBDF4BFC7" comLinkType="cltPageLink"/>
    <linkSource sourcePageID="52102101-D803-42A5-903F-67E99F8C07C4" comID="ACABA641-9BC1-4558-97CD-F36E89D48147" comLinkType="cltPageLink"/>
    <linkSource sourcePageID="52102101-D803-42A5-903F-67E99F8C07C4" comID="887B2AA4-7390-4A09-8422-FFEBBBED15A4" comLinkType="cltPageLink"/>
    <linkSource sourcePageID="5E4999A3-2008-4A7D-A74B-4BD7C31E17D1" comID="C0984B77-74F8-4009-BB8B-CC77B3E150F8" comLinkType="cltPageLink"/>
    <linkSource sourcePageID="5E4999A3-2008-4A7D-A74B-4BD7C31E17D1" comID="673A0516-A80F-4806-864C-188814402531" comLinkType="cltPageLink"/>
    <linkSource sourcePageID="4525D20E-6D00-401B-AD95-70460FC4E410" comID="E8652782-8B20-456B-A098-4364D7D1059E" comLinkType="cltPageLink"/>
    <linkSource sourcePageID="4525D20E-6D00-401B-AD95-70460FC4E410" comID="82188115-BE94-4491-B0C8-C08D8762ADD1" comLinkType="cltPageLink"/>
    <linkSource sourcePageID="4525D20E-6D00-401B-AD95-70460FC4E410" comID="C300E518-AC86-480F-BEA6-CD73840E51C0" comLinkType="cltPageLink"/>
    <linkSource sourcePageID="2DBFE65F-640F-4626-B99E-670D36B03712" comID="480D6D69-90EA-4FB1-9BEF-6B2891F2B480" comLinkType="cltPageLink"/>
    <linkSource sourcePageID="CF30D989-E3F6-4D22-846B-2CB1021E83CE" comID="E8652782-8B20-456B-A098-4364D7D1059E" comLinkType="cltPageLink"/>
    <linkSource sourcePageID="35359DFC-B695-46CC-B3A2-2AA687A1EFCF" comID="78284290-0E01-4E17-A17D-42CA364206E3" comLinkType="cltPageLink"/>
    <linkSource sourcePageID="648F6614-0E9E-4CF9-9EA3-4D5C8DCB09D1" comID="E8652782-8B20-456B-A098-4364D7D1059E" comLinkType="cltPageLink"/>
  </page>
  <page ID="428179B7-DFB5-4A19-816A-859AC05E131A">
    <linkSource sourcePageID="C08BC718-2609-45F6-93DC-0330FDA3096F" comID="E8C8A9A3-77A5-4E22-BFE0-7C3F6F0DE150" comLinkType="cltPageLink"/>
    <linkSource sourcePageID="52102101-D803-42A5-903F-67E99F8C07C4" comID="72840F43-F2A1-4240-BAFD-749CBDF4BFC7" comLinkType="cltPageLink"/>
    <linkSource sourcePageID="6F6E2846-2547-4E28-B5E9-9065DDEE083E" comID="A8C41290-0492-471D-AED9-844F8B240C39" comLinkType="cltPageLink"/>
    <linkSource sourcePageID="5E4999A3-2008-4A7D-A74B-4BD7C31E17D1" comID="673A0516-A80F-4806-864C-188814402531" comLinkType="cltPageLink"/>
  </page>
  <page ID="CF30D989-E3F6-4D22-846B-2CB1021E83CE">
    <linkSource sourcePageID="428179B7-DFB5-4A19-816A-859AC05E131A" comID="864170F6-674F-47DB-A79A-7BE0CE9A7B7C" comLinkType="cltPageLink"/>
  </page>
  <page ID="35359DFC-B695-46CC-B3A2-2AA687A1EFCF">
    <linkSource sourcePageID="CF30D989-E3F6-4D22-846B-2CB1021E83CE" comID="608B9AFB-A417-4B3E-B232-EFF23FE386C2" comLinkType="cltPageLink"/>
    <linkSource sourcePageID="35359DFC-B695-46CC-B3A2-2AA687A1EFCF" comID="206401A2-83E2-4DA0-BD71-C00FB425156F" comLinkType="cltPageLink"/>
  </page>
  <page ID="5E4999A3-2008-4A7D-A74B-4BD7C31E17D1">
    <linkSource sourcePageID="AC821F08-0391-41C7-9129-C44C4298ADC1" comID="4DBD141A-D357-48DA-AD96-ED8C265515E3" comLinkType="cltPageLink"/>
    <linkSource sourcePageID="4525D20E-6D00-401B-AD95-70460FC4E410" comID="C300E518-AC86-480F-BEA6-CD73840E51C0" comLinkType="cltPageLink"/>
    <linkSource sourcePageID="C08BC718-2609-45F6-93DC-0330FDA3096F" comID="31D4EC5A-AA19-4F40-A137-4F505B130972" comLinkType="cltPageLink"/>
    <linkSource sourcePageID="C08BC718-2609-45F6-93DC-0330FDA3096F" comID="D74FCFCE-E952-4E09-A993-F767D2F404C8" comLinkType="cltPageLink"/>
    <linkSource sourcePageID="648F6614-0E9E-4CF9-9EA3-4D5C8DCB09D1" comID="C300E518-AC86-480F-BEA6-CD73840E51C0" comLinkType="cltPageLink"/>
    <linkSource sourcePageID="35359DFC-B695-46CC-B3A2-2AA687A1EFCF" comID="D95C2D17-6CC2-4F31-91AF-538350DBA813" comLinkType="cltPageLink"/>
    <linkSource sourcePageID="CF30D989-E3F6-4D22-846B-2CB1021E83CE" comID="D412E111-096D-44F2-BB99-FD66D806C8CF" comLinkType="cltPageLink"/>
  </page>
  <page ID="6F6E2846-2547-4E28-B5E9-9065DDEE083E">
    <linkSource sourcePageID="0823E0F8-D359-44CA-B69D-ADF03197D003" comID="788D9423-B536-406D-A9C0-D567A6670C4E" comLinkType="cltPageLink"/>
    <linkSource sourcePageID="0823E0F8-D359-44CA-B69D-ADF03197D003" comID="3183B54C-88C6-49DC-896B-2E9C1E8B1FF6" comLinkType="cltPageLink"/>
    <linkSource sourcePageID="C08BC718-2609-45F6-93DC-0330FDA3096F" comID="E0C7954D-1E55-4CDA-B539-841330B37CCE" comLinkType="cltPageLink"/>
    <linkSource sourcePageID="C08BC718-2609-45F6-93DC-0330FDA3096F" comID="190E041C-7C8A-4AF0-8A7E-C1773F404626" comLinkType="cltPageLink"/>
    <linkSource sourcePageID="C08BC718-2609-45F6-93DC-0330FDA3096F" comID="E0784270-B6BF-414C-BEB9-844483B91C95" comLinkType="cltPageLink"/>
    <linkSource sourcePageID="E8B890E0-63A4-4740-B7C8-0DB0C56A2C86" comID="B24A996F-8211-4403-9BE3-97AFEC77AE8F" comLinkType="cltPageLink"/>
    <linkSource sourcePageID="E8B890E0-63A4-4740-B7C8-0DB0C56A2C86" comID="7ED0B513-22C2-4B63-957A-383C35ED8735" comLinkType="cltPageLink"/>
    <linkSource sourcePageID="C08BC718-2609-45F6-93DC-0330FDA3096F" comID="76A826CB-94FA-48AF-889E-A02670F49671" comLinkType="cltPageLink"/>
    <linkSource sourcePageID="0823E0F8-D359-44CA-B69D-ADF03197D003" comID="91CDDB12-A53D-4407-92A4-5238C07C3ED0" comLinkType="cltPageLink"/>
    <linkSource sourcePageID="E8B890E0-63A4-4740-B7C8-0DB0C56A2C86" comID="9F55624C-8258-4E48-86BA-1224E121E98D" comLinkType="cltPageLink"/>
    <linkSource sourcePageID="973F4F62-50DE-41DD-99B9-F37A86091131" comID="D8FBF2CB-D096-4C41-8707-96EE6C9344B5" comLinkType="cltPageLink"/>
    <linkSource sourcePageID="0823E0F8-D359-44CA-B69D-ADF03197D003" comID="9690A418-B3CA-4FB3-8AAB-09DD82769BB3" comLinkType="cltPageLink"/>
    <linkSource sourcePageID="C08BC718-2609-45F6-93DC-0330FDA3096F" comID="4EB41E52-939F-4219-9156-3F5F0715FAA6" comLinkType="cltPageLink"/>
    <linkSource sourcePageID="0823E0F8-D359-44CA-B69D-ADF03197D003" comID="694DC4F5-F593-4950-860F-DB8A2DA3690F" comLinkType="cltPageLink"/>
    <linkSource sourcePageID="0823E0F8-D359-44CA-B69D-ADF03197D003" comID="103E8110-C416-4F8A-BDE0-7BF9EE1CD817" comLinkType="cltPageLink"/>
    <linkSource sourcePageID="0823E0F8-D359-44CA-B69D-ADF03197D003" comID="6685BBE8-7B24-4651-9CDF-28ADB1788448" comLinkType="cltPageLink"/>
    <linkSource sourcePageID="C08BC718-2609-45F6-93DC-0330FDA3096F" comID="58F733B3-F56C-4132-B0EE-E559DEE36038" comLinkType="cltPageLink"/>
    <linkSource sourcePageID="C08BC718-2609-45F6-93DC-0330FDA3096F" comID="8871B489-A10B-46D2-AC2B-B9CE10640C4E" comLinkType="cltPageLink"/>
    <linkSource sourcePageID="973F4F62-50DE-41DD-99B9-F37A86091131" comID="10C0EA04-2D39-44BE-8C26-D6CA5F963BF7" comLinkType="cltPageLink"/>
    <linkSource sourcePageID="973F4F62-50DE-41DD-99B9-F37A86091131" comID="8CD1E005-A8E3-4BFD-9655-52E760BB0CDC" comLinkType="cltPageLink"/>
    <linkSource sourcePageID="E8B890E0-63A4-4740-B7C8-0DB0C56A2C86" comID="53C57405-38F0-4B1E-95CA-F3307CC8B975" comLinkType="cltPageLink"/>
    <linkSource sourcePageID="E8B890E0-63A4-4740-B7C8-0DB0C56A2C86" comID="C3C4BDBF-4D49-4E08-9974-31C05B9AA696" comLinkType="cltPageLink"/>
    <linkSource sourcePageID="E8B890E0-63A4-4740-B7C8-0DB0C56A2C86" comID="12BC757C-259E-4E98-AA82-2B3CCD0DA9EF" comLinkType="cltPageLink"/>
    <linkSource sourcePageID="F4AE4E13-1303-4685-99EB-64824D18EC9B" comID="6405A716-850D-4049-8690-5561A1C2E89A" comLinkType="cltPageLink"/>
    <linkSource sourcePageID="6F6E2846-2547-4E28-B5E9-9065DDEE083E" comID="81C2C9BA-5864-4AA3-8CB5-01CAB48EE8B9" comLinkType="cltPageLink"/>
    <linkSource sourcePageID="6F6E2846-2547-4E28-B5E9-9065DDEE083E" comID="5EEF85C7-7C82-4F27-A093-C5DA85691D4F" comLinkType="cltPageLink"/>
    <linkSource sourcePageID="F201D004-34AF-4D7C-9830-A89F608B494C" comID="8CD1E005-A8E3-4BFD-9655-52E760BB0CDC" comLinkType="cltPageLink"/>
    <linkSource sourcePageID="D97726AE-F40D-4CFE-AB39-ECEEC68E56F1" comID="1E1A971E-5CD7-4A80-9BE5-3BDC8963DF75" comLinkType="cltPageLink"/>
    <linkSource sourcePageID="EDF370E0-849B-46D2-A5BB-5FD3FEE97F88" comID="1E1A971E-5CD7-4A80-9BE5-3BDC8963DF75" comLinkType="cltPageLink"/>
    <linkSource sourcePageID="676422E7-FAC9-4D23-8603-92CECA5EE92A" comID="CA5542E8-8100-4529-BA64-B9026E9E5397" comLinkType="cltPageLink"/>
    <linkSource sourcePageID="428179B7-DFB5-4A19-816A-859AC05E131A" comID="4009E38F-C0C9-4BE8-A20C-D91FC10B8D53" comLinkType="cltPageLink"/>
    <linkSource sourcePageID="5449B78C-D018-4379-89CB-177BEA2F32FB" comID="BC6BE09D-48DA-49F3-84B4-B9D2FB332A54" comLinkType="cltPageLink"/>
    <linkSource sourcePageID="E00BBCFF-6003-4888-BD62-9515EE24C8D0" comID="65467DB9-A16B-4DAE-915A-FC0621FDF26C" comLinkType="cltPageLink"/>
    <linkSource sourcePageID="AC821F08-0391-41C7-9129-C44C4298ADC1" comID="4009E38F-C0C9-4BE8-A20C-D91FC10B8D53" comLinkType="cltPageLink"/>
    <linkSource sourcePageID="4F84CE01-6D8C-4C85-84E3-19DC2D295546" comID="1E1A971E-5CD7-4A80-9BE5-3BDC8963DF75" comLinkType="cltPageLink"/>
    <linkSource sourcePageID="9C7D337C-C709-40C8-A7AC-ACADEF068B11" comID="8CD1E005-A8E3-4BFD-9655-52E760BB0CDC" comLinkType="cltPageLink"/>
    <linkSource sourcePageID="52102101-D803-42A5-903F-67E99F8C07C4" comID="433D2F3F-8C59-4A24-AE72-34FF841485CA" comLinkType="cltPageLink"/>
    <linkSource sourcePageID="52102101-D803-42A5-903F-67E99F8C07C4" comID="2FF0737D-3A15-4E38-B882-E199395F2638" comLinkType="cltPageLink"/>
    <linkSource sourcePageID="5E4999A3-2008-4A7D-A74B-4BD7C31E17D1" comID="BC6BE09D-48DA-49F3-84B4-B9D2FB332A54" comLinkType="cltPageLink"/>
    <linkSource sourcePageID="4525D20E-6D00-401B-AD95-70460FC4E410" comID="4009E38F-C0C9-4BE8-A20C-D91FC10B8D53" comLinkType="cltPageLink"/>
    <linkSource sourcePageID="CF30D989-E3F6-4D22-846B-2CB1021E83CE" comID="4009E38F-C0C9-4BE8-A20C-D91FC10B8D53" comLinkType="cltPageLink"/>
    <linkSource sourcePageID="35359DFC-B695-46CC-B3A2-2AA687A1EFCF" comID="19587448-7040-485E-8904-3DFC77F063D8" comLinkType="cltPageLink"/>
    <linkSource sourcePageID="648F6614-0E9E-4CF9-9EA3-4D5C8DCB09D1" comID="4009E38F-C0C9-4BE8-A20C-D91FC10B8D53" comLinkType="cltPageLink"/>
  </page>
  <page ID="5449B78C-D018-4379-89CB-177BEA2F32FB">
    <linkSource sourcePageID="428179B7-DFB5-4A19-816A-859AC05E131A" comID="4DBD141A-D357-48DA-AD96-ED8C265515E3" comLinkType="cltPageLink"/>
    <linkSource sourcePageID="AC821F08-0391-41C7-9129-C44C4298ADC1" comID="4DBD141A-D357-48DA-AD96-ED8C265515E3" comLinkType="cltPageLink"/>
    <linkSource sourcePageID="AC821F08-0391-41C7-9129-C44C4298ADC1" comID="5490CF76-C11E-4E50-ACDA-4E0BF281D299" comLinkType="cltPageLink"/>
    <linkSource sourcePageID="5E4999A3-2008-4A7D-A74B-4BD7C31E17D1" comID="D996B5FD-D563-4566-AF0D-C02E30AD96FA" comLinkType="cltPageLink"/>
    <linkSource sourcePageID="428179B7-DFB5-4A19-816A-859AC05E131A" comID="F94E5B59-1D13-4FFA-B7D7-1DACC78D8CA7" comLinkType="cltPageLink"/>
    <linkSource sourcePageID="428179B7-DFB5-4A19-816A-859AC05E131A" comID="933B6090-D332-4EB2-AA00-2373D095EDBC" comLinkType="cltPageLink"/>
    <linkSource sourcePageID="428179B7-DFB5-4A19-816A-859AC05E131A" comID="306BC59E-662F-4A1E-A281-5B754492B8FF" comLinkType="cltPageLink"/>
    <linkSource sourcePageID="428179B7-DFB5-4A19-816A-859AC05E131A" comID="3BA451E0-521A-46E5-B9C7-9BEAF1056F1B" comLinkType="cltPageLink"/>
    <linkSource sourcePageID="4525D20E-6D00-401B-AD95-70460FC4E410" comID="5490CF76-C11E-4E50-ACDA-4E0BF281D299" comLinkType="cltPageLink"/>
    <linkSource sourcePageID="AC821F08-0391-41C7-9129-C44C4298ADC1" comID="B631F2C4-B4B3-4F46-BF6A-66484CF973F7" comLinkType="cltPageLink"/>
    <linkSource sourcePageID="AC821F08-0391-41C7-9129-C44C4298ADC1" comID="E50BE8F4-E49B-4AE9-A7EC-F3865C787AA6" comLinkType="cltPageLink"/>
    <linkSource sourcePageID="C08BC718-2609-45F6-93DC-0330FDA3096F" comID="31D4EC5A-AA19-4F40-A137-4F505B130972" comLinkType="cltPageLink"/>
    <linkSource sourcePageID="C08BC718-2609-45F6-93DC-0330FDA3096F" comID="04CFA9D8-39CB-4239-910F-90E6FC6ED46D" comLinkType="cltPageLink"/>
  </page>
  <page ID="54B42F08-565C-4859-A16D-22B138646F46">
    <linkSource sourcePageID="24087468-20EA-41D2-BB7A-79D4BC241D4F" comID="4CC662E6-61AE-470F-B2CC-69EDC85A72A3" comLinkType="cltPageLink"/>
    <linkSource sourcePageID="6F6E2846-2547-4E28-B5E9-9065DDEE083E" comID="CCE1293E-99BB-4916-A91D-1131BAA8979D" comLinkType="cltPageLink"/>
  </page>
  <page ID="AC821F08-0391-41C7-9129-C44C4298ADC1">
    <linkSource sourcePageID="C08BC718-2609-45F6-93DC-0330FDA3096F" comID="9F008B9C-DB35-4CD3-8274-92C00FCEB298" comLinkType="cltPageLink"/>
    <linkSource sourcePageID="4525D20E-6D00-401B-AD95-70460FC4E410" comID="82188115-BE94-4491-B0C8-C08D8762ADD1" comLinkType="cltPageLink"/>
    <linkSource sourcePageID="6F6E2846-2547-4E28-B5E9-9065DDEE083E" comID="A8C41290-0492-471D-AED9-844F8B240C39" comLinkType="cltPageLink"/>
  </page>
</LinkSources>