﻿<project version="2.9" name="南瓜记账_v2_简版" ID="D1338D82-0B6F-4307-8F81-49E53086F3FC">
  <params>
    <pageParam version="5.0" minAllowVersion="5.0"/>
    <projectParam version="2.9" minAllowVersion="2.9" platform="MtMobile" orientation="MoPortrait" mobileScreenScale="1.77777779102325" mobileType="mmtIOS" pageSize="(375,667)" backgroundColor="4294967295" fontSize="0" fontFamily="" projectType="ptPersonalProject" isShowTitleIndex="False"/>
    <previewParam version="1.0"/>
    <colorParam version="1.0"/>
  </params>
  <pages>
    <page name="注册" ID="24087468-20EA-41D2-BB7A-79D4BC241D4F" expanded="True" code="XaqMe6uHkE" thumbCode="XaqMe6uHkE" status="psWhite" isfolder="False" isshownode="True">
      <images>
        <image key="CB45C110EAD5D4B6FE87EACE6DCA921F.png"/>
        <image key="69343460E9407CF814C54637629A380F.svg"/>
        <image key="68BEDC76835F7CAE3D032878BA8F58B9.svg"/>
        <image key="581821C142FFE2C30A1330D052EFFD70.svg"/>
        <image key="46BE05D6127E6CCC0C8AE92AC3027C63.svg"/>
        <image key="F28A9BD389A405EBE15629DBCBAE4D39.png"/>
        <image key="1442791C8160AB432B8A0564B9E0CEDB.svg"/>
      </images>
      <page name="取昵称" ID="2DBFE65F-640F-4626-B99E-670D36B03712" expanded="True" code="1PDmfXFaRE" thumbCode="1PDmfXFaRE" status="psWhite" isfolder="False" isshownode="True">
        <images>
          <image key="69343460E9407CF814C54637629A380F.svg"/>
          <image key="91852B86E51F760894554368302F9800.svg"/>
          <image key="1442791C8160AB432B8A0564B9E0CEDB.svg"/>
          <image key="2665ABD4849F931F04DE5C4045874B51.svg"/>
          <image key="581821C142FFE2C30A1330D052EFFD70.svg"/>
        </images>
      </page>
    </page>
    <page name="净资产" ID="F4AE4E13-1303-4685-99EB-64824D18EC9B" expanded="True" code="tAr7FciW9P" thumbCode="tAr7FciW9P" status="psWhite" isfolder="False" isshownode="True">
      <images>
        <image key="69343460E9407CF814C54637629A380F.svg"/>
        <image key="42CF9E031360EBC09387427849BF6328.svg"/>
        <image key="1442791C8160AB432B8A0564B9E0CEDB.svg"/>
        <image key="68BEDC76835F7CAE3D032878BA8F58B9.svg"/>
        <image key="581821C142FFE2C30A1330D052EFFD70.svg"/>
      </images>
      <page name="交易流水" ID="0823E0F8-D359-44CA-B69D-ADF03197D003" expanded="True" code="hvS8Fk8VTX" thumbCode="hvS8Fk8VTX" status="psWhite" isfolder="False" isshownode="True">
        <images>
          <image key="CB45C110EAD5D4B6FE87EACE6DCA921F.png"/>
          <image key="69343460E9407CF814C54637629A380F.svg"/>
          <image key="42CF9E031360EBC09387427849BF6328.svg"/>
          <image key="581821C142FFE2C30A1330D052EFFD70.svg"/>
          <image key="91852B86E51F760894554368302F9800.svg"/>
          <image key="F28A9BD389A405EBE15629DBCBAE4D39.png"/>
          <image key="1442791C8160AB432B8A0564B9E0CEDB.svg"/>
        </images>
      </page>
      <page name="记一笔帐" ID="C08BC718-2609-45F6-93DC-0330FDA3096F" expanded="True" code="XWURsyDSzS" thumbCode="XWURsyDSzS" isLastOpen="True" status="psWhite" isfolder="False" isshownode="True">
        <images>
          <image key="2E967326C22523F5F084001B9F4E5BC7.svg"/>
          <image key="42CF9E031360EBC09387427849BF6328.svg"/>
          <image key="84E43FD667F4EA128EEFBAD7B03B51F5.svg"/>
          <image key="91852B86E51F760894554368302F9800.svg"/>
          <image key="DA139F0E584512EE783A4911D1FD02D3.svg"/>
          <image key="06F4B6B25823822FF82366138953A6B2.svg"/>
        </images>
      </page>
    </page>
    <page name="一级账户" ID="428179B7-DFB5-4A19-816A-859AC05E131A" expanded="True" code="52MNlyUmlH" thumbCode="52MNlyUmlH" status="psWhite" isfolder="False" isshownode="True">
      <images>
        <image key="CB45C110EAD5D4B6FE87EACE6DCA921F.png"/>
        <image key="42CF9E031360EBC09387427849BF6328.svg"/>
        <image key="69343460E9407CF814C54637629A380F.svg"/>
        <image key="581821C142FFE2C30A1330D052EFFD70.svg"/>
        <image key="91852B86E51F760894554368302F9800.svg"/>
        <image key="F28A9BD389A405EBE15629DBCBAE4D39.png"/>
        <image key="1442791C8160AB432B8A0564B9E0CEDB.svg"/>
      </images>
      <page name="二级账户" ID="CF30D989-E3F6-4D22-846B-2CB1021E83CE" expanded="True" code="jjJoer8aZE" thumbCode="jjJoer8aZE" status="psWhite" isfolder="False" isshownode="True">
        <images>
          <image key="CB45C110EAD5D4B6FE87EACE6DCA921F.png"/>
          <image key="42CF9E031360EBC09387427849BF6328.svg"/>
          <image key="69343460E9407CF814C54637629A380F.svg"/>
          <image key="581821C142FFE2C30A1330D052EFFD70.svg"/>
          <image key="91852B86E51F760894554368302F9800.svg"/>
          <image key="F28A9BD389A405EBE15629DBCBAE4D39.png"/>
          <image key="1442791C8160AB432B8A0564B9E0CEDB.svg"/>
        </images>
        <page name="三级账户" ID="35359DFC-B695-46CC-B3A2-2AA687A1EFCF" expanded="True" code="K1oVMTPNDk" thumbCode="K1oVMTPNDk" status="psWhite" isfolder="False" isshownode="True">
          <images>
            <image key="CB45C110EAD5D4B6FE87EACE6DCA921F.png"/>
            <image key="42CF9E031360EBC09387427849BF6328.svg"/>
            <image key="69343460E9407CF814C54637629A380F.svg"/>
            <image key="581821C142FFE2C30A1330D052EFFD70.svg"/>
            <image key="91852B86E51F760894554368302F9800.svg"/>
            <image key="F28A9BD389A405EBE15629DBCBAE4D39.png"/>
            <image key="1442791C8160AB432B8A0564B9E0CEDB.svg"/>
          </images>
        </page>
      </page>
      <page name="添加账户" ID="5E4999A3-2008-4A7D-A74B-4BD7C31E17D1" expanded="True" code="sFahUZ3wVz" thumbCode="sFahUZ3wVz" status="psWhite" isfolder="False" isshownode="True">
        <images>
          <image key="42CF9E031360EBC09387427849BF6328.svg"/>
          <image key="91852B86E51F760894554368302F9800.svg"/>
        </images>
      </page>
    </page>
    <page name="我" ID="6F6E2846-2547-4E28-B5E9-9065DDEE083E" expanded="True" code="XuTSNN1B9k" thumbCode="XuTSNN1B9k" status="psWhite" isfolder="False" isshownode="True">
      <images>
        <image key="69343460E9407CF814C54637629A380F.svg"/>
        <image key="AB34477532BE33EE7485734900B89543.svg"/>
        <image key="581821C142FFE2C30A1330D052EFFD70.svg"/>
        <image key="2E967326C22523F5F084001B9F4E5BC7.svg"/>
        <image key="91852B86E51F760894554368302F9800.svg"/>
        <image key="DA139F0E584512EE783A4911D1FD02D3.svg"/>
        <image key="1442791C8160AB432B8A0564B9E0CEDB.svg"/>
        <image key="D49B50A7A78783702ED4A5913BC1CF49.svg"/>
      </images>
    </page>
  </pages>
  <trash>
    <page name="首页" ID="8C4C1562-814A-45CC-A471-162FF9B2C885" expanded="True" code="ofk1PpxVXA" thumbCode="wwS2p2kMUt" isLastOpen="True" status="psWhite" isfolder="False" isshownode="True"/>
    <page name="账本" ID="F80290F4-019A-4928-8D59-63E7F200FCEC" expanded="True" code="aXyCDdLQnO" thumbCode="vq6oiccFyQ" isLastOpen="True" status="psWhite" isfolder="False" isshownode="True">
      <images>
        <image key="F5B0FFCDE2455616FF86122E2451CBB6.svg"/>
      </images>
    </page>
    <page name="邀请成员" ID="A9ECEC64-B20F-42A3-9FE1-D6B2F2ED1CD7" expanded="False" code="PTamYVuXl3" thumbCode="4SzFhnm4Lg" isLastOpen="True" status="psWhite" isfolder="False" isshownode="True"/>
    <page name="记一笔帐" ID="22D6168E-A538-4BD3-9ACC-D80761B0DBAE" expanded="True" code="P6ftvJLJsz" thumbCode="9A3O1LaTBQ" isLastOpen="True" status="psWhite" isfolder="False" isshownode="True">
      <images>
        <image key="84E43FD667F4EA128EEFBAD7B03B51F5.svg"/>
        <image key="4C33EC5C1D294AA30B8471BC0A49B848.svg"/>
      </images>
    </page>
    <page name="记一笔帐1" ID="760247C6-F96F-492C-A70F-D7A5A86FEEDA" expanded="False" code="ib5LKzJkAG" thumbCode="KwjoWgmRMq" status="psWhite" isfolder="False" isshownode="True">
      <images>
        <image key="97D42F84AB1ACA7B3DB71E8D7DA90BF0.svg"/>
        <image key="DA139F0E584512EE783A4911D1FD02D3.svg"/>
        <image key="84E43FD667F4EA128EEFBAD7B03B51F5.svg"/>
        <image key="4C33EC5C1D294AA30B8471BC0A49B848.svg"/>
      </images>
    </page>
    <page name="记一笔帐2" ID="D0F190EF-7961-45FF-876F-98209591A34A" expanded="False" code="uMqQ7IWq3v" thumbCode="WWzuxn1rzU" isLastOpen="True" status="psWhite" isfolder="False" isshownode="True">
      <images>
        <image key="97D42F84AB1ACA7B3DB71E8D7DA90BF0.svg"/>
        <image key="DA139F0E584512EE783A4911D1FD02D3.svg"/>
        <image key="84E43FD667F4EA128EEFBAD7B03B51F5.svg"/>
        <image key="4C33EC5C1D294AA30B8471BC0A49B848.svg"/>
      </images>
    </page>
    <page name="进入账本" ID="16391893-36AD-4106-859D-C4471565901E" expanded="True" code="Oq4111Eyat" thumbCode="RwxYC8WJnL" isLastOpen="True" status="psWhite" isfolder="False" isshownode="True"/>
    <page name="进入账本" ID="C19CE8E3-7752-4008-BB31-62710D434CD8" expanded="True" code="qZpUI9u6aH" thumbCode="vjlBftn3tt" isLastOpen="True" status="psWhite" isfolder="False" isshownode="True">
      <images>
        <image key="CB45C110EAD5D4B6FE87EACE6DCA921F.png"/>
        <image key="69343460E9407CF814C54637629A380F.svg"/>
        <image key="581821C142FFE2C30A1330D052EFFD70.svg"/>
        <image key="F28A9BD389A405EBE15629DBCBAE4D39.png"/>
        <image key="1442791C8160AB432B8A0564B9E0CEDB.svg"/>
      </images>
    </page>
    <page name="账本列表" ID="620AF164-DAAC-4EC5-958A-1C6823DF1368" expanded="True" code="QUr5pzcIAt" thumbCode="2NIHPwketf" isLastOpen="True" status="psWhite" isfolder="False" isshownode="True">
      <images>
        <image key="69343460E9407CF814C54637629A380F.svg"/>
        <image key="581821C142FFE2C30A1330D052EFFD70.svg"/>
        <image key="F5B0FFCDE2455616FF86122E2451CBB6.svg"/>
        <image key="1442791C8160AB432B8A0564B9E0CEDB.svg"/>
      </images>
    </page>
    <page name="账本列表" ID="AE0BFD43-22E7-405A-912A-EAEC36D64B80" expanded="False" code="SfBXhMNOKZ" thumbCode="SkcvaozvgJ" isLastOpen="True" status="psWhite" isfolder="False" isshownode="True">
      <images>
        <image key="69343460E9407CF814C54637629A380F.svg"/>
        <image key="581821C142FFE2C30A1330D052EFFD70.svg"/>
        <image key="F5B0FFCDE2455616FF86122E2451CBB6.svg"/>
        <image key="1442791C8160AB432B8A0564B9E0CEDB.svg"/>
      </images>
    </page>
    <page name="资产负债账户" ID="8F8D4445-70A6-4062-B43A-3CAD4DB44836" expanded="True" code="5Uc7mSbzVO" thumbCode="FV5jCBaDrN" isLastOpen="True" status="psWhite" isfolder="False" isshownode="True">
      <images>
        <image key="CB45C110EAD5D4B6FE87EACE6DCA921F.png"/>
        <image key="69343460E9407CF814C54637629A380F.svg"/>
        <image key="581821C142FFE2C30A1330D052EFFD70.svg"/>
        <image key="F28A9BD389A405EBE15629DBCBAE4D39.png"/>
        <image key="1442791C8160AB432B8A0564B9E0CEDB.svg"/>
        <image key="FEC2F2365137C3C3038DD9CB5B636744.svg"/>
      </images>
    </page>
    <page name="月流水" ID="4159F69A-F6A2-48B8-A474-0A2104B85BF1" expanded="True" code="SZDi4YsMCS" thumbCode="" isLastOpen="True" status="psWhite" isfolder="False" isshownode="True">
      <images>
        <image key="69343460E9407CF814C54637629A380F.svg"/>
        <image key="581821C142FFE2C30A1330D052EFFD70.svg"/>
        <image key="1442791C8160AB432B8A0564B9E0CEDB.svg"/>
      </images>
    </page>
    <page name="记一笔帐" ID="297E4479-A5A1-47C4-9209-F5C31CCA387A" expanded="True" code="FJkT2ixcXr" thumbCode="" status="psWhite" isfolder="False" isshownode="True">
      <images>
        <image key="97D42F84AB1ACA7B3DB71E8D7DA90BF0.svg"/>
        <image key="DA139F0E584512EE783A4911D1FD02D3.svg"/>
        <image key="84E43FD667F4EA128EEFBAD7B03B51F5.svg"/>
        <image key="4C33EC5C1D294AA30B8471BC0A49B848.svg"/>
      </images>
    </page>
    <page name="损益分类" ID="E584F5A6-2D79-42AE-A2C1-B680C6BA6BE6" expanded="False" code="zEwAbGCfoc" thumbCode="" status="psWhite" isfolder="False" isshownode="True">
      <images>
        <image key="CB45C110EAD5D4B6FE87EACE6DCA921F.png"/>
        <image key="69343460E9407CF814C54637629A380F.svg"/>
        <image key="581821C142FFE2C30A1330D052EFFD70.svg"/>
        <image key="F28A9BD389A405EBE15629DBCBAE4D39.png"/>
        <image key="1442791C8160AB432B8A0564B9E0CEDB.svg"/>
      </images>
    </page>
    <page name="首页" ID="CC2D125E-FA83-41F1-95CC-2C2C28EA537F" expanded="True" code="A2HMagK2Iv" thumbCode="LchD7WNAPe" isLastOpen="True" status="psWhite" isfolder="False" isshownode="True">
      <images>
        <image key="69343460E9407CF814C54637629A380F.svg"/>
        <image key="581821C142FFE2C30A1330D052EFFD70.svg"/>
        <image key="1442791C8160AB432B8A0564B9E0CEDB.svg"/>
      </images>
    </page>
    <page name="创建帐本" ID="CB174D3A-CB88-43CF-A11F-725ADED13B8C" expanded="False" code="46BP9Sm9px" thumbCode="" status="psWhite" isfolder="False" isshownode="True">
      <images>
        <image key="CB45C110EAD5D4B6FE87EACE6DCA921F.png"/>
        <image key="69343460E9407CF814C54637629A380F.svg"/>
        <image key="581821C142FFE2C30A1330D052EFFD70.svg"/>
        <image key="F5B0FFCDE2455616FF86122E2451CBB6.svg"/>
        <image key="F28A9BD389A405EBE15629DBCBAE4D39.png"/>
        <image key="1442791C8160AB432B8A0564B9E0CEDB.svg"/>
      </images>
    </page>
    <page name="进入账本" ID="E6E1AFAB-091A-44B5-B386-6ACAC3F257A9" expanded="False" code="wKjNJZO2KL" thumbCode="" status="psWhite" isfolder="False" isshownode="True">
      <images>
        <image key="CB45C110EAD5D4B6FE87EACE6DCA921F.png"/>
        <image key="69343460E9407CF814C54637629A380F.svg"/>
        <image key="581821C142FFE2C30A1330D052EFFD70.svg"/>
        <image key="F28A9BD389A405EBE15629DBCBAE4D39.png"/>
        <image key="1442791C8160AB432B8A0564B9E0CEDB.svg"/>
      </images>
    </page>
    <page name="净资产" ID="0011340D-AE6E-4627-8772-4F3D45F7B825" expanded="False" code="5qS85UtPZI" thumbCode="tKyc6yLjvq" isLastOpen="True" status="psWhite" isfolder="False" isshownode="True">
      <images>
        <image key="CB45C110EAD5D4B6FE87EACE6DCA921F.png"/>
        <image key="69343460E9407CF814C54637629A380F.svg"/>
        <image key="C2DA32AD73BD4A46DCAE15462637BA6C.svg"/>
        <image key="581821C142FFE2C30A1330D052EFFD70.svg"/>
        <image key="F28A9BD389A405EBE15629DBCBAE4D39.png"/>
        <image key="1442791C8160AB432B8A0564B9E0CEDB.svg"/>
      </images>
    </page>
    <page name="记一笔帐" ID="8EC1A153-8D62-4640-AB88-C11621D4AB73" expanded="False" code="rxZlFlzKnW" thumbCode="NkM1aBfCcO" isLastOpen="True" status="psWhite" isfolder="False" isshownode="True">
      <images>
        <image key="97D42F84AB1ACA7B3DB71E8D7DA90BF0.svg"/>
        <image key="DA139F0E584512EE783A4911D1FD02D3.svg"/>
        <image key="84E43FD667F4EA128EEFBAD7B03B51F5.svg"/>
        <image key="4C33EC5C1D294AA30B8471BC0A49B848.svg"/>
      </images>
    </page>
    <page name="切换账本" ID="6DEE3BEB-7A73-4C54-856F-55FB975FF9AF" expanded="False" code="9faXdLZ4Je" thumbCode="7nimxwBDIV" isLastOpen="True" status="psWhite" isfolder="False" isshownode="True">
      <images>
        <image key="69343460E9407CF814C54637629A380F.svg"/>
        <image key="CDA96A1E9F5A03484CC3C5E9796C89B3.svg"/>
        <image key="581821C142FFE2C30A1330D052EFFD70.svg"/>
        <image key="91852B86E51F760894554368302F9800.svg"/>
        <image key="1442791C8160AB432B8A0564B9E0CEDB.svg"/>
      </images>
    </page>
    <page name="资产负债账户" ID="E8B890E0-63A4-4740-B7C8-0DB0C56A2C86" expanded="True" code="bBiq3BIppF" thumbCode="M7H6ELz4lb" isLastOpen="True" status="psWhite" isfolder="False" isshownode="True">
      <images>
        <image key="CB45C110EAD5D4B6FE87EACE6DCA921F.png"/>
        <image key="69343460E9407CF814C54637629A380F.svg"/>
        <image key="42CF9E031360EBC09387427849BF6328.svg"/>
        <image key="581821C142FFE2C30A1330D052EFFD70.svg"/>
        <image key="91852B86E51F760894554368302F9800.svg"/>
        <image key="F28A9BD389A405EBE15629DBCBAE4D39.png"/>
        <image key="1442791C8160AB432B8A0564B9E0CEDB.svg"/>
      </images>
    </page>
    <page name="净资产1" ID="F201D004-34AF-4D7C-9830-A89F608B494C" expanded="True" code="7ki1qIT6sY" thumbCode="s68w38tIqe" isLastOpen="True" status="psWhite" isfolder="False" isshownode="True">
      <images>
        <image key="CB45C110EAD5D4B6FE87EACE6DCA921F.png"/>
        <image key="69343460E9407CF814C54637629A380F.svg"/>
        <image key="42CF9E031360EBC09387427849BF6328.svg"/>
        <image key="C2DA32AD73BD4A46DCAE15462637BA6C.svg"/>
        <image key="581821C142FFE2C30A1330D052EFFD70.svg"/>
        <image key="F28A9BD389A405EBE15629DBCBAE4D39.png"/>
        <image key="1442791C8160AB432B8A0564B9E0CEDB.svg"/>
      </images>
    </page>
    <page name="账户管理" ID="676422E7-FAC9-4D23-8603-92CECA5EE92A" expanded="True" code="nLfpJTcEzh" thumbCode="fc2JcBjFPZ" status="psWhite" isfolder="False" isshownode="True">
      <images>
        <image key="42CF9E031360EBC09387427849BF6328.svg"/>
        <image key="91852B86E51F760894554368302F9800.svg"/>
      </images>
    </page>
    <page name="损益" ID="EDF370E0-849B-46D2-A5BB-5FD3FEE97F88" expanded="False" code="1D6nPxFp27" thumbCode="Q4qFW1zmYj" isLastOpen="True" status="psWhite" isfolder="False" isshownode="True">
      <images>
        <image key="42CF9E031360EBC09387427849BF6328.svg"/>
        <image key="97D42F84AB1ACA7B3DB71E8D7DA90BF0.svg"/>
        <image key="91852B86E51F760894554368302F9800.svg"/>
        <image key="DA139F0E584512EE783A4911D1FD02D3.svg"/>
      </images>
    </page>
    <page name="添加子类" ID="E00BBCFF-6003-4888-BD62-9515EE24C8D0" expanded="True" code="KfFLo7DSWf" thumbCode="xVqvSstsOb" isLastOpen="True" status="psWhite" isfolder="False" isshownode="True">
      <images>
        <image key="69343460E9407CF814C54637629A380F.svg"/>
        <image key="42CF9E031360EBC09387427849BF6328.svg"/>
        <image key="581821C142FFE2C30A1330D052EFFD70.svg"/>
        <image key="91852B86E51F760894554368302F9800.svg"/>
        <image key="1442791C8160AB432B8A0564B9E0CEDB.svg"/>
      </images>
    </page>
    <page name="应收和应付账户" ID="1CEB9BC2-06A0-4BCE-A559-78B82283F1A5" expanded="False" code="mR9fVJRlmW" thumbCode="LdL4Tf83ft" isLastOpen="True" status="psWhite" isfolder="False" isshownode="True"/>
    <page name="损益分类" ID="48C775BF-B93F-4688-9559-2C5D26CDFC2B" expanded="False" code="skUGkgHVMh" thumbCode="noi2eWTzOi" isLastOpen="True" status="psWhite" isfolder="False" isshownode="True">
      <images>
        <image key="CB45C110EAD5D4B6FE87EACE6DCA921F.png"/>
        <image key="69343460E9407CF814C54637629A380F.svg"/>
        <image key="581821C142FFE2C30A1330D052EFFD70.svg"/>
        <image key="84E43FD667F4EA128EEFBAD7B03B51F5.svg"/>
        <image key="F28A9BD389A405EBE15629DBCBAE4D39.png"/>
        <image key="1442791C8160AB432B8A0564B9E0CEDB.svg"/>
      </images>
    </page>
    <page name="资产负债" ID="4F84CE01-6D8C-4C85-84E3-19DC2D295546" expanded="False" code="TnJsamna5Y" thumbCode="5jQlDWYgNa" isLastOpen="True" status="psWhite" isfolder="False" isshownode="True">
      <images>
        <image key="42CF9E031360EBC09387427849BF6328.svg"/>
        <image key="91852B86E51F760894554368302F9800.svg"/>
      </images>
    </page>
    <page name="资产列表" ID="9C7D337C-C709-40C8-A7AC-ACADEF068B11" expanded="True" code="sDMq4pT1hd" thumbCode="5mopEXXAmB" isLastOpen="True" status="psWhite" isfolder="False" isshownode="True">
      <images>
        <image key="69343460E9407CF814C54637629A380F.svg"/>
        <image key="42CF9E031360EBC09387427849BF6328.svg"/>
        <image key="581821C142FFE2C30A1330D052EFFD70.svg"/>
        <image key="1442791C8160AB432B8A0564B9E0CEDB.svg"/>
      </images>
    </page>
    <page name="添加账户" ID="52102101-D803-42A5-903F-67E99F8C07C4" expanded="True" code="kFNlHkZh4L" thumbCode="wHowwCDiZw" isLastOpen="True" status="psWhite" isfolder="False" isshownode="True">
      <images>
        <image key="42CF9E031360EBC09387427849BF6328.svg"/>
        <image key="91852B86E51F760894554368302F9800.svg"/>
      </images>
    </page>
    <page name="添加账户大类" ID="5449B78C-D018-4379-89CB-177BEA2F32FB" expanded="True" code="NE1GRYpYwo" thumbCode="wn5RNGeaFu" isLastOpen="True" status="psWhite" isfolder="False" isshownode="True">
      <images>
        <image key="42CF9E031360EBC09387427849BF6328.svg"/>
        <image key="91852B86E51F760894554368302F9800.svg"/>
      </images>
    </page>
    <page name="登陆" ID="54B42F08-565C-4859-A16D-22B138646F46" expanded="True" code="IUenICU75Y" thumbCode="ONWVIB5Dy1" isLastOpen="True" status="psWhite" isfolder="False" isshownode="True">
      <images>
        <image key="69343460E9407CF814C54637629A380F.svg"/>
        <image key="581821C142FFE2C30A1330D052EFFD70.svg"/>
        <image key="1442791C8160AB432B8A0564B9E0CEDB.svg"/>
      </images>
    </page>
    <page name="损益账户" ID="AC821F08-0391-41C7-9129-C44C4298ADC1" expanded="True" code="hHnN2ft8WX" thumbCode="LXAApaoknN" isLastOpen="True" status="psWhite" isfolder="False" isshownode="True">
      <images>
        <image key="69343460E9407CF814C54637629A380F.svg"/>
        <image key="42CF9E031360EBC09387427849BF6328.svg"/>
        <image key="91852B86E51F760894554368302F9800.svg"/>
        <image key="1442791C8160AB432B8A0564B9E0CEDB.svg"/>
        <image key="97D42F84AB1ACA7B3DB71E8D7DA90BF0.svg"/>
        <image key="581821C142FFE2C30A1330D052EFFD70.svg"/>
      </images>
    </page>
    <page name="添加大类" ID="648F6614-0E9E-4CF9-9EA3-4D5C8DCB09D1" expanded="True" code="U16U5TuWlB" thumbCode="Qfno96lKH9" isLastOpen="True" status="psWhite" isfolder="False" isshownode="True">
      <images>
        <image key="69343460E9407CF814C54637629A380F.svg"/>
        <image key="42CF9E031360EBC09387427849BF6328.svg"/>
        <image key="91852B86E51F760894554368302F9800.svg"/>
        <image key="1442791C8160AB432B8A0564B9E0CEDB.svg"/>
        <image key="581821C142FFE2C30A1330D052EFFD70.svg"/>
      </images>
    </page>
  </trash>
  <deletes/>
  <masters>
    <master name="母版" ID="468B7B02-E4B7-4B91-B147-DE0B82B9218A" code="3ZMP53eYSA" status="psWhite" createDate="2017-11-21 20:59:14">
      <refPages>
        <page ID="CB174D3A-CB88-43CF-A11F-725ADED13B8C" refCount="1"/>
        <page ID="CC2D125E-FA83-41F1-95CC-2C2C28EA537F" refCount="1"/>
        <page ID="24087468-20EA-41D2-BB7A-79D4BC241D4F" refCount="1"/>
        <page ID="0011340D-AE6E-4627-8772-4F3D45F7B825" refCount="1"/>
        <page ID="54B42F08-565C-4859-A16D-22B138646F46" refCount="1"/>
        <page ID="9C7D337C-C709-40C8-A7AC-ACADEF068B11" refCount="1"/>
        <page ID="CF30D989-E3F6-4D22-846B-2CB1021E83CE" refCount="1"/>
        <page ID="E00BBCFF-6003-4888-BD62-9515EE24C8D0" refCount="1"/>
        <page ID="35359DFC-B695-46CC-B3A2-2AA687A1EFCF" refCount="1"/>
        <page ID="6DEE3BEB-7A73-4C54-856F-55FB975FF9AF" refCount="1"/>
        <page ID="428179B7-DFB5-4A19-816A-859AC05E131A" refCount="1"/>
        <page ID="4159F69A-F6A2-48B8-A474-0A2104B85BF1" refCount="1"/>
        <page ID="F201D004-34AF-4D7C-9830-A89F608B494C" refCount="1"/>
        <page ID="E6E1AFAB-091A-44B5-B386-6ACAC3F257A9" refCount="1"/>
        <page ID="0823E0F8-D359-44CA-B69D-ADF03197D003" refCount="1"/>
        <page ID="F4AE4E13-1303-4685-99EB-64824D18EC9B" refCount="1"/>
        <page ID="648F6614-0E9E-4CF9-9EA3-4D5C8DCB09D1" refCount="1"/>
        <page ID="2DBFE65F-640F-4626-B99E-670D36B03712" refCount="1"/>
        <page ID="AC821F08-0391-41C7-9129-C44C4298ADC1" refCount="1"/>
        <page ID="6F6E2846-2547-4E28-B5E9-9065DDEE083E" refCount="1"/>
      </refPages>
      <images>
        <image key="CB45C110EAD5D4B6FE87EACE6DCA921F.png"/>
        <image key="69343460E9407CF814C54637629A380F.svg"/>
        <image key="F28A9BD389A405EBE15629DBCBAE4D39.png"/>
        <image key="1442791C8160AB432B8A0564B9E0CEDB.svg"/>
        <image key="581821C142FFE2C30A1330D052EFFD70.svg"/>
      </images>
    </master>
    <master name="母版1" ID="A4D000FE-43C3-4E70-A940-DD9DF6D431A5" code="qqrlD9PMMh" status="psWhite" createDate="2017-11-21 20:59:28">
      <refPages>
        <page ID="CB174D3A-CB88-43CF-A11F-725ADED13B8C" refCount="1"/>
        <page ID="54B42F08-565C-4859-A16D-22B138646F46" refCount="1"/>
        <page ID="24087468-20EA-41D2-BB7A-79D4BC241D4F" refCount="1"/>
        <page ID="2DBFE65F-640F-4626-B99E-670D36B03712" refCount="1"/>
        <page ID="CC2D125E-FA83-41F1-95CC-2C2C28EA537F" refCount="1"/>
        <page ID="E6E1AFAB-091A-44B5-B386-6ACAC3F257A9" refCount="1"/>
      </refPages>
    </master>
    <master name="母版2" ID="4141E677-9825-4910-BAE2-C9BC2256CC6A" code="YNeoJ2kv5z" status="psWhite" createDate="2017-11-28 22:33:20">
      <refPages/>
      <images>
        <image key="42CF9E031360EBC09387427849BF6328.svg"/>
        <image key="91852B86E51F760894554368302F9800.svg"/>
      </images>
    </master>
  </masters>
  <images>
    <image key="CDA96A1E9F5A03484CC3C5E9796C89B3.svg"/>
    <image key="46BE05D6127E6CCC0C8AE92AC3027C63.svg"/>
    <image key="84E43FD667F4EA128EEFBAD7B03B51F5.svg"/>
    <image key="4C33EC5C1D294AA30B8471BC0A49B848.svg"/>
    <image key="F28A9BD389A405EBE15629DBCBAE4D39.png"/>
    <image key="06F4B6B25823822FF82366138953A6B2.svg"/>
    <image key="CB45C110EAD5D4B6FE87EACE6DCA921F.png"/>
    <image key="69343460E9407CF814C54637629A380F.svg"/>
    <image key="42CF9E031360EBC09387427849BF6328.svg"/>
    <image key="97D42F84AB1ACA7B3DB71E8D7DA90BF0.svg"/>
    <image key="2665ABD4849F931F04DE5C4045874B51.svg"/>
    <image key="C2DA32AD73BD4A46DCAE15462637BA6C.svg"/>
    <image key="AB34477532BE33EE7485734900B89543.svg"/>
    <image key="581821C142FFE2C30A1330D052EFFD70.svg"/>
    <image key="F5B0FFCDE2455616FF86122E2451CBB6.svg"/>
    <image key="68BEDC76835F7CAE3D032878BA8F58B9.svg"/>
    <image key="DA139F0E584512EE783A4911D1FD02D3.svg"/>
    <image key="1442791C8160AB432B8A0564B9E0CEDB.svg"/>
    <image key="91852B86E51F760894554368302F9800.svg"/>
    <image key="D49B50A7A78783702ED4A5913BC1CF49.svg"/>
    <image key="FEC2F2365137C3C3038DD9CB5B636744.svg"/>
    <image key="2E967326C22523F5F084001B9F4E5BC7.svg"/>
  </images>
</project>