﻿<master version="5.0" minAllowVersion="5.0" ID="4141E677-9825-4910-BAE2-C9BC2256CC6A">
  <controls>
    <control controlID="BF557FF5-169F-487B-8470-A18CBB19C7D7" controlTypeID="Master" x="0" y="72" w="375" h="41" zOrder="8" masterID="4141E677-9825-4910-BAE2-C9BC2256CC6A">
      <groupChildrenDescriptors>
        <control controlID="97D61C6A-34B3-4EE9-BB2F-6327A6DE17D7" controlTypeID="__group__" x="0" y="0" w="375" h="41" zOrder="0">
          <groupChildrenDescriptors>
            <control controlID="34355BD4-6C42-45D8-8080-C2D850F1FC9D" controlTypeID="Shape" x="0" y="0" w="375" h="41" zOrder="0">
              <color>4294927923</color>
              <borderVisible>False</borderVisible>
              <font family="%E5%BE%AE%E8%BD%AF%E9%9B%85%E9%BB%91" displayName="%E5%BE%AE%E8%BD%AF%E9%9B%85%E9%BB%91" postScript="" weightStyle="Regular" weight="400" isBold="False" isItalic="False"/>
              <textSize>14</textSize>
              <selectedIndex>-1</selectedIndex>
            </control>
            <control controlID="79A071B3-9E1A-4AC6-AFDC-C22294545188" controlTypeID="Icon" x="10" y="11" w="18" h="18" zOrder="1">
              <color>4294967295</color>
              <icon>
                <ID/>
                <iconFontName>jdIonicons</iconFontName>
                <iconCode>62418</iconCode>
              </icon>
              <URL>91852B86E51F760894554368302F9800.svg</URL>
            </control>
            <control controlID="72C4CFB5-6F8A-4DEB-84F2-CF6F75DBACCB" controlTypeID="Label" x="153" y="9" w="70" h="22" zOrder="2">
              <font family="%E5%BE%AE%E8%BD%AF%E9%9B%85%E9%BB%91" displayName="%E5%BE%AE%E8%BD%AF%E9%9B%85%E9%BB%91" postScript="" weightStyle="Regular" weight="400" isBold="False" isItalic="False"/>
              <text>%E5%8D%97%E7%93%9C%E8%AE%B0%E8%B4%A6</text>
              <textColor>4294967295</textColor>
              <textSize>16</textSize>
              <lineSpacing>0</lineSpacing>
              <useDefaultTextSize>False</useDefaultTextSize>
              <selectedIndex>-1</selectedIndex>
            </control>
          </groupChildrenDescriptors>
        </control>
        <control controlID="103E8110-C416-4F8A-BDE0-7BF9EE1CD817" controlTypeID="Icon" x="331" y="8" w="24" h="24" zOrder="1">
          <color>4294967295</color>
          <links eventType="AtClick" animate="AmNone" animateAutoDelay="0" animateDuration="500">
            <link targetPageID="6F6E2846-2547-4E28-B5E9-9065DDEE083E" linkType="ltPageLink" isApplyIncludePage="False" title="%E6%88%91">
              <area shape="0" alt="" ID="{08AC29CD-838A-43A9-B862-D8C3F0D65315}" coords="(0,0,24,24)"/>
            </link>
          </links>
          <icon>
            <ID/>
            <iconFontName>jdiconfontB</iconFontName>
            <iconCode>59648</iconCode>
          </icon>
          <URL>42CF9E031360EBC09387427849BF6328.svg</URL>
        </control>
      </groupChildrenDescriptors>
    </control>
  </controls>
</master>