﻿<master version="5.0" minAllowVersion="5.0" ID="468B7B02-E4B7-4B91-B147-DE0B82B9218A">
  <controls>
    <control controlID="33D50A84-D256-4668-BF1C-C68D1C32ED96" controlTypeID="Master" x="0" y="617" w="375" h="50" zOrder="6" masterID="468B7B02-E4B7-4B91-B147-DE0B82B9218A">
      <groupChildrenDescriptors>
        <control controlID="7FFCC8BD-EE1E-4B80-938C-C54AD99EBD6B" controlTypeID="Shape" x="0" y="0" w="375" h="50" zOrder="0">
          <color>2061821156</color>
          <borderColor>4293190884</borderColor>
          <font family="%E5%BE%AE%E8%BD%AF%E9%9B%85%E9%BB%91" displayName="%E5%BE%AE%E8%BD%AF%E9%9B%85%E9%BB%91" postScript="" weightStyle="Regular" weight="400" isBold="False" isItalic="False"/>
          <textSize>14</textSize>
          <lineSpacing>18</lineSpacing>
          <borderMode>[bmTop]</borderMode>
        </control>
        <control controlID="F78DECB0-535C-4138-9949-230E41837432" controlTypeID="Icon" x="20" y="13" w="24" h="24" zOrder="1">
          <color>4278742761</color>
          <icon>
            <ID>Back.png</ID>
            <iconFontName/>
            <iconCode>-1</iconCode>
          </icon>
          <URL>F28A9BD389A405EBE15629DBCBAE4D39.png</URL>
        </control>
        <control controlID="EA889D8E-2D71-4CDA-B549-5F3682072211" controlTypeID="Icon" x="96" y="13" w="24" h="24" zOrder="2">
          <icon>
            <ID>Gt.png</ID>
            <iconFontName/>
            <iconCode>-1</iconCode>
          </icon>
          <URL>CB45C110EAD5D4B6FE87EACE6DCA921F.png</URL>
        </control>
        <control controlID="EA68C5B9-C212-4C6C-8519-2F4E5E4B2935" controlTypeID="Icon" x="172" y="13" w="24" h="24" zOrder="3">
          <color>4278742761</color>
          <icon>
            <ID/>
            <iconFontName>jdIonicons</iconFontName>
            <iconCode>62666</iconCode>
          </icon>
          <URL>69343460E9407CF814C54637629A380F.svg</URL>
        </control>
        <control controlID="93054EA6-C2CD-4F3D-AFBD-EA51B676D2DA" controlTypeID="Icon" x="248" y="13" w="24" h="24" zOrder="4">
          <color>4278742761</color>
          <icon>
            <ID/>
            <iconFontName>jdIonicons</iconFontName>
            <iconCode>62439</iconCode>
          </icon>
          <URL>581821C142FFE2C30A1330D052EFFD70.svg</URL>
        </control>
        <control controlID="2F4FC441-D0CE-43EF-BF7E-5B0C67BB62C4" controlTypeID="Icon" x="324" y="13" w="24" h="24" zOrder="5">
          <color>4278742761</color>
          <icon>
            <ID/>
            <iconFontName>jdIonicons</iconFontName>
            <iconCode>62593</iconCode>
          </icon>
          <URL>1442791C8160AB432B8A0564B9E0CEDB.svg</URL>
        </control>
      </groupChildrenDescriptors>
    </control>
  </controls>
</master>