﻿<mockup version="5.0" minAllowVersion="5.0" ID="973F4F62-50DE-41DD-99B9-F37A86091131" platform="MtMobile" defaultW="375" defaultH="667" measureW="375" measureH="723" screenOrientation="MoPortrait" mobileScreenScale="1.77777779102325" clipArea="(0,0,375,677)">
  <controls controlCount="49">
    <control controlID="5C2B0BC2-A23D-4857-8A2E-CF9B75358920" controlTypeID="Shape" x="0" y="355" w="375" h="37" zOrder="0">
      <color>15921906</color>
      <borderColor>4292335575</borderColor>
      <font family="%E5%BE%AE%E8%BD%AF%E9%9B%85%E9%BB%91" displayName="%E5%BE%AE%E8%BD%AF%E9%9B%85%E9%BB%91" postScript="" weightStyle="Regular" weight="400" isBold="False" isItalic="False"/>
      <textSize>14</textSize>
      <selectedIndex>-1</selectedIndex>
      <borderMode>[bmBottom]</borderMode>
    </control>
    <control controlID="318A7B11-EE57-4D58-935E-FEF74840B812" controlTypeID="StatusBar(IOS)" x="0" y="0" w="375" h="20" zOrder="1"/>
    <control controlID="71C85305-D2A4-411D-A338-51CAF0C648D6" controlTypeID="Shape" x="10" y="30" w="355" h="32" zOrder="2">
      <color>4294111986</color>
      <borderVisible>False</borderVisible>
      <font family="%E5%BE%AE%E8%BD%AF%E9%9B%85%E9%BB%91" displayName="%E5%BE%AE%E8%BD%AF%E9%9B%85%E9%BB%91" postScript="" weightStyle="Regular" weight="400" isBold="False" isItalic="False"/>
      <textSize>14</textSize>
      <selectedIndex>-1</selectedIndex>
      <radius>8</radius>
    </control>
    <control controlID="F914713C-A825-495F-BB64-F515E62D0EE6" controlTypeID="Tabs" x="0" y="75" w="375" h="48" zOrder="3">
      <color>1089663730</color>
      <borderColor>4294111986</borderColor>
      <links eventType="AtClick" animate="AmNone" animateAutoDelay="0" animateDuration="500">
        <link targetPageID="" linkType="ltPageLink" isApplyIncludePage="False" title="%E6%9C%88%E6%B5%81%E6%B0%B4">
          <area shape="0" alt="" ID="{BE406DA5-A4F7-4D9F-9C3B-A446AC5E236A}" coords="(0,0,186.5,48)"/>
        </link>
        <link targetPageID="0011340D-AE6E-4627-8772-4F3D45F7B825" linkType="ltPageLink" isApplyIncludePage="False" title="%E5%87%80%E8%B5%84%E4%BA%A7">
          <area shape="0" alt="" ID="{2230B212-6611-4786-AEEE-B7096E03EC9C}" coords="(187.5,0,374,48)"/>
        </link>
      </links>
      <font family="%E5%BE%AE%E8%BD%AF%E9%9B%85%E9%BB%91" displayName="%E5%BE%AE%E8%BD%AF%E9%9B%85%E9%BB%91" postScript="" weightStyle="Regular" weight="400" isBold="False" isItalic="False"/>
      <text>%E6%9C%88%E6%B5%81%E6%B0%B4%2C%E5%87%80%E8%B5%84%E4%BA%A7</text>
      <textSize>14</textSize>
      <lineSpacing>0</lineSpacing>
      <selectedIndex>1</selectedIndex>
      <selectedColor>4294927923</selectedColor>
      <dividerPercentHeight>30</dividerPercentHeight>
      <dividerColor>4294967295</dividerColor>
      <selectedTextColor>4294927923</selectedTextColor>
    </control>
    <control controlID="51EA96C1-8D19-43CB-887B-8D64F14BD587" controlTypeID="Line" x="2" y="73" w="371" h="1" zOrder="4">
      <color>4294111986</color>
      <font family="%E5%BE%AE%E8%BD%AF%E9%9B%85%E9%BB%91" displayName="%E5%BE%AE%E8%BD%AF%E9%9B%85%E9%BB%91" postScript="" weightStyle="Regular" weight="400" isBold="False" isItalic="False"/>
      <textColor>4293190884</textColor>
      <textSize>14</textSize>
      <lineSpacing>0</lineSpacing>
      <selectedIndex>-1</selectedIndex>
      <controlPoint>(186,0)</controlPoint>
      <startPoint>(0,0)</startPoint>
      <endPoint>(371,0)</endPoint>
    </control>
    <control controlID="EE8F479F-6B79-45CF-A8F5-1B7847302029" controlTypeID="Label" x="10" y="364" w="33" h="19" zOrder="5">
      <font family="%E5%BE%AE%E8%BD%AF%E9%9B%85%E9%BB%91" displayName="%E5%BE%AE%E8%BD%AF%E9%9B%85%E9%BB%91" postScript="" weightStyle="Regular" weight="400" isBold="False" isItalic="False"/>
      <text>%E8%B5%84%E4%BA%A7</text>
      <lineSpacing>0</lineSpacing>
      <selectedIndex>-1</selectedIndex>
    </control>
    <control controlID="04B42A47-ECEC-4F3C-A7E4-7EB6D46C6E85" controlTypeID="Label" x="277" y="364" w="77" h="19" zOrder="6">
      <font family="%E5%BE%AE%E8%BD%AF%E9%9B%85%E9%BB%91" displayName="%E5%BE%AE%E8%BD%AF%E9%9B%85%E9%BB%91" postScript="" weightStyle="Regular" weight="400" isBold="False" isItalic="False"/>
      <text>555%2C555.00</text>
      <lineSpacing>0</lineSpacing>
      <selectedIndex>-1</selectedIndex>
    </control>
    <control controlID="46220C51-99F9-47ED-8DD9-466DAAE88A1E" controlTypeID="__group__" x="5" y="404" w="167" h="100" zOrder="7">
      <groupChildrenDescriptors>
        <control controlID="6567F246-CBAC-49E1-98C2-EDB0D5AA4572" controlTypeID="Shape" x="0" y="0" w="167" h="100" zOrder="0">
          <color>4294927923</color>
          <borderVisible>False</borderVisible>
          <font family="%E5%BE%AE%E8%BD%AF%E9%9B%85%E9%BB%91" displayName="%E5%BE%AE%E8%BD%AF%E9%9B%85%E9%BB%91" postScript="" weightStyle="Regular" weight="400" isBold="False" isItalic="False"/>
          <textSize>14</textSize>
          <selectedIndex>-1</selectedIndex>
        </control>
        <control controlID="5B497C1B-EA04-4CE7-8BFD-FCAFB6EF11C0" controlTypeID="Label" x="12" y="13" w="100" h="16" zOrder="1">
          <font family="%E5%BE%AE%E8%BD%AF%E9%9B%85%E9%BB%91" displayName="%E5%BE%AE%E8%BD%AF%E9%9B%85%E9%BB%91" postScript="" weightStyle="Regular" weight="400" isBold="False" isItalic="False"/>
          <text>%E5%B7%A5%E5%95%86%E9%93%B6%E8%A1%8C%EF%BC%880855%EF%BC%89</text>
          <textColor>4294967295</textColor>
          <textSize>12</textSize>
          <lineSpacing>0</lineSpacing>
          <useDefaultTextSize>False</useDefaultTextSize>
          <selectedIndex>-1</selectedIndex>
        </control>
        <control controlID="44483039-B351-4F54-B356-757DDE6445B9" controlTypeID="Label" x="28" y="43" w="110" h="27" zOrder="2">
          <font family="%E5%BE%AE%E8%BD%AF%E9%9B%85%E9%BB%91" displayName="%E5%BE%AE%E8%BD%AF%E9%9B%85%E9%BB%91" postScript="" weightStyle="Regular" weight="400" isBold="False" isItalic="False"/>
          <text>500%2C000%2C00</text>
          <textColor>4294967295</textColor>
          <textSize>20</textSize>
          <lineSpacing>0</lineSpacing>
          <useDefaultTextSize>False</useDefaultTextSize>
          <selectedIndex>-1</selectedIndex>
        </control>
      </groupChildrenDescriptors>
    </control>
    <control controlID="0B4292AD-C748-4CD0-9E0A-51B7CD25923E" controlTypeID="__group__" x="192" y="404" w="167" h="100" zOrder="8">
      <groupChildrenDescriptors>
        <control controlID="BDEA423F-C8D1-4B7C-A530-6BBECFCF5562" controlTypeID="Shape" x="0" y="0" w="167" h="100" zOrder="0">
          <color>4278190335</color>
          <borderVisible>False</borderVisible>
          <font family="%E5%BE%AE%E8%BD%AF%E9%9B%85%E9%BB%91" displayName="%E5%BE%AE%E8%BD%AF%E9%9B%85%E9%BB%91" postScript="" weightStyle="Regular" weight="400" isBold="False" isItalic="False"/>
          <textSize>14</textSize>
          <selectedIndex>-1</selectedIndex>
        </control>
        <control controlID="670E1A40-6BBD-46D9-9D84-B97408D0EE26" controlTypeID="Label" x="12" y="13" w="100" h="16" zOrder="1">
          <font family="%E5%BE%AE%E8%BD%AF%E9%9B%85%E9%BB%91" displayName="%E5%BE%AE%E8%BD%AF%E9%9B%85%E9%BB%91" postScript="" weightStyle="Regular" weight="400" isBold="False" isItalic="False"/>
          <text>%E5%B7%A5%E5%95%86%E9%93%B6%E8%A1%8C%EF%BC%880855%EF%BC%89</text>
          <textColor>4294967295</textColor>
          <textSize>12</textSize>
          <lineSpacing>0</lineSpacing>
          <useDefaultTextSize>False</useDefaultTextSize>
          <selectedIndex>-1</selectedIndex>
        </control>
        <control controlID="F0F67699-8071-4958-9D1F-5F3A7ECEC2AA" controlTypeID="Label" x="28" y="43" w="110" h="27" zOrder="2">
          <font family="%E5%BE%AE%E8%BD%AF%E9%9B%85%E9%BB%91" displayName="%E5%BE%AE%E8%BD%AF%E9%9B%85%E9%BB%91" postScript="" weightStyle="Regular" weight="400" isBold="False" isItalic="False"/>
          <text>500%2C000%2C00</text>
          <textColor>4294967295</textColor>
          <textSize>20</textSize>
          <lineSpacing>0</lineSpacing>
          <useDefaultTextSize>False</useDefaultTextSize>
          <selectedIndex>-1</selectedIndex>
        </control>
      </groupChildrenDescriptors>
    </control>
    <control controlID="FC0FCD47-BD79-47FB-AF5B-2071B67D11D0" controlTypeID="Shape" x="0" y="519" w="375" h="37" zOrder="9">
      <color>15921906</color>
      <borderColor>4292335575</borderColor>
      <font family="%E5%BE%AE%E8%BD%AF%E9%9B%85%E9%BB%91" displayName="%E5%BE%AE%E8%BD%AF%E9%9B%85%E9%BB%91" postScript="" weightStyle="Regular" weight="400" isBold="False" isItalic="False"/>
      <textSize>14</textSize>
      <selectedIndex>-1</selectedIndex>
      <borderMode>[bmBottom]</borderMode>
    </control>
    <control controlID="17EE0771-81D5-4C91-81FF-38826F294013" controlTypeID="Label" x="10" y="528" w="33" h="19" zOrder="10">
      <font family="%E5%BE%AE%E8%BD%AF%E9%9B%85%E9%BB%91" displayName="%E5%BE%AE%E8%BD%AF%E9%9B%85%E9%BB%91" postScript="" weightStyle="Regular" weight="400" isBold="False" isItalic="False"/>
      <text>%E8%B4%9F%E5%80%BA</text>
      <lineSpacing>0</lineSpacing>
      <selectedIndex>-1</selectedIndex>
    </control>
    <control controlID="16A81767-5E87-4F7F-BD0D-14DF4ECBC5B3" controlTypeID="Label" x="277" y="528" w="77" h="19" zOrder="11">
      <font family="%E5%BE%AE%E8%BD%AF%E9%9B%85%E9%BB%91" displayName="%E5%BE%AE%E8%BD%AF%E9%9B%85%E9%BB%91" postScript="" weightStyle="Regular" weight="400" isBold="False" isItalic="False"/>
      <text>100%2C000.00</text>
      <lineSpacing>0</lineSpacing>
      <selectedIndex>-1</selectedIndex>
    </control>
    <control controlID="4664914C-EF3F-46AD-9710-75197E8F6374" controlTypeID="__group__" x="0" y="566" w="167" h="100" zOrder="12">
      <groupChildrenDescriptors>
        <control controlID="4DA90417-B602-4149-8F29-09A3A80B6CB4" controlTypeID="Shape" x="0" y="0" w="167" h="100" zOrder="0">
          <color>4294927923</color>
          <borderVisible>False</borderVisible>
          <font family="%E5%BE%AE%E8%BD%AF%E9%9B%85%E9%BB%91" displayName="%E5%BE%AE%E8%BD%AF%E9%9B%85%E9%BB%91" postScript="" weightStyle="Regular" weight="400" isBold="False" isItalic="False"/>
          <textSize>14</textSize>
          <selectedIndex>-1</selectedIndex>
        </control>
        <control controlID="FEF38E5F-650D-4D4E-8CA5-1C9C7101C1AD" controlTypeID="Label" x="12" y="13" w="28" h="16" zOrder="1">
          <font family="%E5%BE%AE%E8%BD%AF%E9%9B%85%E9%BB%91" displayName="%E5%BE%AE%E8%BD%AF%E9%9B%85%E9%BB%91" postScript="" weightStyle="Regular" weight="400" isBold="False" isItalic="False"/>
          <text>%E5%80%9F%E5%85%A5</text>
          <textColor>4294967295</textColor>
          <textSize>12</textSize>
          <lineSpacing>0</lineSpacing>
          <useDefaultTextSize>False</useDefaultTextSize>
          <selectedIndex>-1</selectedIndex>
        </control>
        <control controlID="6A090A51-2BF7-4BF7-888D-91D3FAA22C67" controlTypeID="Label" x="28" y="43" w="98" h="27" zOrder="2">
          <font family="%E5%BE%AE%E8%BD%AF%E9%9B%85%E9%BB%91" displayName="%E5%BE%AE%E8%BD%AF%E9%9B%85%E9%BB%91" postScript="" weightStyle="Regular" weight="400" isBold="False" isItalic="False"/>
          <text>40%2C000%2C00</text>
          <textColor>4294967295</textColor>
          <textSize>20</textSize>
          <lineSpacing>0</lineSpacing>
          <useDefaultTextSize>False</useDefaultTextSize>
          <selectedIndex>-1</selectedIndex>
        </control>
      </groupChildrenDescriptors>
    </control>
    <control controlID="FEEDB40F-16D5-4A98-BDEB-3F71FC341D26" controlTypeID="__group__" x="192" y="566" w="167" h="100" zOrder="13">
      <groupChildrenDescriptors>
        <control controlID="70AAD813-53C2-4830-97BB-C7D37590DA51" controlTypeID="Shape" x="0" y="0" w="167" h="100" zOrder="0">
          <color>4278190335</color>
          <borderVisible>False</borderVisible>
          <font family="%E5%BE%AE%E8%BD%AF%E9%9B%85%E9%BB%91" displayName="%E5%BE%AE%E8%BD%AF%E9%9B%85%E9%BB%91" postScript="" weightStyle="Regular" weight="400" isBold="False" isItalic="False"/>
          <textSize>14</textSize>
          <selectedIndex>-1</selectedIndex>
        </control>
        <control controlID="6DFCBE2F-F61E-40ED-9821-0C0482EAEED6" controlTypeID="Label" x="12" y="13" w="28" h="16" zOrder="1">
          <font family="%E5%BE%AE%E8%BD%AF%E9%9B%85%E9%BB%91" displayName="%E5%BE%AE%E8%BD%AF%E9%9B%85%E9%BB%91" postScript="" weightStyle="Regular" weight="400" isBold="False" isItalic="False"/>
          <text>%E8%B4%B7%E6%AC%BE</text>
          <textColor>4294967295</textColor>
          <textSize>12</textSize>
          <lineSpacing>0</lineSpacing>
          <useDefaultTextSize>False</useDefaultTextSize>
          <selectedIndex>-1</selectedIndex>
        </control>
        <control controlID="72C53B94-5F31-4A93-8B3C-2AA3D781A7ED" controlTypeID="Label" x="28" y="43" w="98" h="27" zOrder="2">
          <font family="%E5%BE%AE%E8%BD%AF%E9%9B%85%E9%BB%91" displayName="%E5%BE%AE%E8%BD%AF%E9%9B%85%E9%BB%91" postScript="" weightStyle="Regular" weight="400" isBold="False" isItalic="False"/>
          <text>60%2C000%2C00</text>
          <textColor>4294967295</textColor>
          <textSize>20</textSize>
          <lineSpacing>0</lineSpacing>
          <useDefaultTextSize>False</useDefaultTextSize>
          <selectedIndex>-1</selectedIndex>
        </control>
      </groupChildrenDescriptors>
    </control>
    <control controlID="FA1CD60E-3710-4C7F-9FE2-BF84F44CDBB6" controlTypeID="Icon" x="43" y="367" w="15" h="15" zOrder="14">
      <icon>
        <ID/>
        <iconFontName>jdIonicons</iconFontName>
        <iconCode>62303</iconCode>
      </icon>
      <URL>C2DA32AD73BD4A46DCAE15462637BA6C.svg</URL>
    </control>
    <control controlID="38C24E27-1809-452A-A25C-5173F2851363" controlTypeID="Icon" x="42" y="531" w="15" h="15" zOrder="15">
      <icon>
        <ID/>
        <iconFontName>jdIonicons</iconFontName>
        <iconCode>62303</iconCode>
      </icon>
      <URL>C2DA32AD73BD4A46DCAE15462637BA6C.svg</URL>
    </control>
    <control controlID="5CC31239-FEAD-4EAE-A573-0D45A1783B03" controlTypeID="Button" x="20" y="283" w="328" h="40" zOrder="16">
      <color>4294927923</color>
      <borderVisible>False</borderVisible>
      <links eventType="AtClick" animate="AmNone" animateAutoDelay="0" animateDuration="500">
        <link targetPageID="E8B890E0-63A4-4740-B7C8-0DB0C56A2C86" linkType="ltPageLink" isApplyIncludePage="False" title="%E8%B5%84%E9%87%91%E5%92%8C%E6%8A%95%E8%B5%84%E8%B4%A6%E6%88%B7">
          <area shape="0" alt="" ID="{8AECBF53-7D1E-484E-98EF-35098FB3A702}" coords="(0,0,328,40)"/>
        </link>
      </links>
      <font family="%E5%BE%AE%E8%BD%AF%E9%9B%85%E9%BB%91" displayName="%E5%BE%AE%E8%BD%AF%E9%9B%85%E9%BB%91" postScript="" weightStyle="Regular" weight="400" isBold="False" isItalic="False"/>
      <text>%2B+%E6%B7%BB%E5%8A%A0%E8%B4%A6%E6%88%B7</text>
      <textColor>4294967295</textColor>
      <lineSpacing>0</lineSpacing>
      <useDefaultTextSize>False</useDefaultTextSize>
      <selectedIndex>-1</selectedIndex>
    </control>
    <control controlID="53AAEB6A-E319-469F-A904-3972E10C73AD" controlTypeID="Shape" x="0" y="123" w="375" h="136" zOrder="17">
      <color>4278242406</color>
      <borderVisible>False</borderVisible>
      <font family="%E5%BE%AE%E8%BD%AF%E9%9B%85%E9%BB%91" displayName="%E5%BE%AE%E8%BD%AF%E9%9B%85%E9%BB%91" postScript="" weightStyle="Regular" weight="400" isBold="False" isItalic="False"/>
      <textSize>14</textSize>
      <selectedIndex>-1</selectedIndex>
    </control>
    <control controlID="05C051FA-89C1-48C2-8A55-589CC09B605A" controlTypeID="Label" x="269" y="172" w="51" h="19" zOrder="18">
      <color>4294927923</color>
      <font family="%E5%BE%AE%E8%BD%AF%E9%9B%85%E9%BB%91" displayName="%E5%BE%AE%E8%BD%AF%E9%9B%85%E9%BB%91" postScript="" weightStyle="Regular" weight="400" isBold="False" isItalic="False"/>
      <text>+%E5%87%80%E8%B5%84%E4%BA%A7+</text>
      <textColor>4294967295</textColor>
      <lineSpacing>0</lineSpacing>
      <selectedIndex>-1</selectedIndex>
    </control>
    <control controlID="01AF47C8-7549-4CC6-A1FE-81597B532165" controlTypeID="Label" x="70" y="172" w="208" h="43" zOrder="19">
      <color>16777215</color>
      <font family="%E5%BE%AE%E8%BD%AF%E9%9B%85%E9%BB%91" displayName="%E5%BE%AE%E8%BD%AF%E9%9B%85%E9%BB%91" postScript="" weightStyle="Regular" weight="400" isBold="False" isItalic="False"/>
      <text>%EF%BF%A5555%2C555.00</text>
      <textColor>4294967295</textColor>
      <textSize>32</textSize>
      <lineSpacing>0</lineSpacing>
      <useDefaultTextSize>False</useDefaultTextSize>
      <selectedIndex>-1</selectedIndex>
    </control>
    <control controlID="157F2DEF-A497-439A-AEDB-E42C9B410A2E" controlTypeID="__group__" x="98" y="143" w="153" h="19" zOrder="20">
      <groupChildrenDescriptors>
        <control controlID="DFA94042-C102-4FC9-81D2-D88F5BB1F365" controlTypeID="Label" x="0" y="0" w="47" h="19" zOrder="0">
          <color>16777215</color>
          <font family="%E5%BE%AE%E8%BD%AF%E9%9B%85%E9%BB%91" displayName="%E5%BE%AE%E8%BD%AF%E9%9B%85%E9%BB%91" postScript="" weightStyle="Regular" weight="400" isBold="False" isItalic="False"/>
          <text>%E6%80%BB%E8%B5%84%E4%BA%A7+</text>
          <textColor>4294967295</textColor>
          <lineSpacing>0</lineSpacing>
          <selectedIndex>-1</selectedIndex>
        </control>
        <control controlID="D95A3B46-35F7-4AF6-9BC1-A474B96A7E22" controlTypeID="Label" x="57" y="0" w="96" h="19" zOrder="1">
          <font family="%E5%BE%AE%E8%BD%AF%E9%9B%85%E9%BB%91" displayName="%E5%BE%AE%E8%BD%AF%E9%9B%85%E9%BB%91+Bold" postScript="" weightStyle="Bold" weight="700" isBold="True" isItalic="False"/>
          <text>%EF%BF%A5655%2C555.00</text>
          <textColor>4294967295</textColor>
          <lineSpacing>0</lineSpacing>
          <textStyles>[fsBold]</textStyles>
          <selectedIndex>-1</selectedIndex>
        </control>
      </groupChildrenDescriptors>
    </control>
    <control controlID="EE75D245-CAA8-42A8-B075-DF5F814BF116" controlTypeID="__group__" x="98" y="225" w="157" h="19" zOrder="21">
      <groupChildrenDescriptors>
        <control controlID="2AF17A46-8957-4055-A1B2-5B62087B0A83" controlTypeID="Label" x="0" y="0" w="47" h="19" zOrder="0">
          <color>16777215</color>
          <font family="%E5%BE%AE%E8%BD%AF%E9%9B%85%E9%BB%91" displayName="%E5%BE%AE%E8%BD%AF%E9%9B%85%E9%BB%91" postScript="" weightStyle="Regular" weight="400" isBold="False" isItalic="False"/>
          <text>%E6%80%BB%E8%B4%9F%E5%80%BA</text>
          <textColor>4294967295</textColor>
          <lineSpacing>0</lineSpacing>
          <selectedIndex>-1</selectedIndex>
        </control>
        <control controlID="BD0199CF-F11C-4FC9-819C-1F8501642AE2" controlTypeID="Label" x="57" y="0" w="100" h="19" zOrder="1">
          <font family="%E5%BE%AE%E8%BD%AF%E9%9B%85%E9%BB%91" displayName="%E5%BE%AE%E8%BD%AF%E9%9B%85%E9%BB%91+Bold" postScript="" weightStyle="Bold" weight="700" isBold="True" isItalic="False"/>
          <text>+%EF%BF%A5100%2C000.00</text>
          <textColor>4294967295</textColor>
          <lineSpacing>0</lineSpacing>
          <textStyles>[fsBold]</textStyles>
          <selectedIndex>-1</selectedIndex>
        </control>
      </groupChildrenDescriptors>
    </control>
    <control controlID="EC03603C-9209-486C-8F71-1BFA8544753B" controlTypeID="Master" x="0" y="676" w="375" h="50" zOrder="22" masterID="468B7B02-E4B7-4B91-B147-DE0B82B9218A">
      <groupChildrenDescriptors>
        <control controlID="04B8C8AD-4CCC-4BD5-8573-8BC9DBA62B4C" controlTypeID="Shape" x="0" y="0" w="375" h="50" zOrder="0">
          <color>2061821156</color>
          <borderColor>4293190884</borderColor>
          <font family="%E5%BE%AE%E8%BD%AF%E9%9B%85%E9%BB%91" displayName="%E5%BE%AE%E8%BD%AF%E9%9B%85%E9%BB%91" postScript="" weightStyle="Regular" weight="400" isBold="False" isItalic="False"/>
          <textSize>14</textSize>
          <selectedIndex>-1</selectedIndex>
          <borderMode>[bmTop]</borderMode>
        </control>
        <control controlID="BDB3B455-7953-41D1-B992-44DABAE4BC28" controlTypeID="Icon" x="20" y="13" w="24" h="24" zOrder="1">
          <color>4278742761</color>
          <icon>
            <ID>Back.png</ID>
            <iconFontName/>
            <iconCode>-1</iconCode>
          </icon>
          <URL>F28A9BD389A405EBE15629DBCBAE4D39.png</URL>
        </control>
        <control controlID="DDBBDB60-C07A-4F37-858D-A3859CBA8B6A" controlTypeID="Icon" x="96" y="13" w="24" h="24" zOrder="2">
          <icon>
            <ID>Gt.png</ID>
            <iconFontName/>
            <iconCode>-1</iconCode>
          </icon>
          <URL>CB45C110EAD5D4B6FE87EACE6DCA921F.png</URL>
        </control>
        <control controlID="AA27173E-6AE1-4473-9010-4AB9333F4A8F" controlTypeID="Icon" x="172" y="13" w="24" h="24" zOrder="3">
          <color>4278742761</color>
          <icon>
            <ID/>
            <iconFontName>jdIonicons</iconFontName>
            <iconCode>62666</iconCode>
          </icon>
          <URL>69343460E9407CF814C54637629A380F.svg</URL>
        </control>
        <control controlID="A65F2CFF-8735-470A-8DA2-C3B9C5FBDF9D" controlTypeID="Icon" x="248" y="13" w="24" h="24" zOrder="4">
          <color>4278742761</color>
          <icon>
            <ID/>
            <iconFontName>jdIonicons</iconFontName>
            <iconCode>62439</iconCode>
          </icon>
          <URL>581821C142FFE2C30A1330D052EFFD70.svg</URL>
        </control>
        <control controlID="A67B16D8-CA40-4D05-9328-149A12FEF0F0" controlTypeID="Icon" x="324" y="13" w="24" h="24" zOrder="5">
          <color>4278742761</color>
          <icon>
            <ID/>
            <iconFontName>jdIonicons</iconFontName>
            <iconCode>62593</iconCode>
          </icon>
          <URL>1442791C8160AB432B8A0564B9E0CEDB.svg</URL>
        </control>
      </groupChildrenDescriptors>
    </control>
    <control controlID="39CE5A0F-243F-4C6B-9E34-DFA9DDC76037" controlTypeID="PopupPanel" x="-88" y="135" w="46" h="46" zOrder="23">
      <groupChildrenDescriptors>
        <control controlID="AC9E64AD-78BF-4AAD-A94C-6229DE2ED36C" controlTypeID="Panel" x="0" y="0" w="375" h="723" zOrder="0">
          <locked>True</locked>
          <color>1879048192</color>
          <borderVisible>False</borderVisible>
          <canMove>False</canMove>
          <alias>background</alias>
          <groupChildrenDescriptors>
            <control controlID="6EE5B93C-8147-40A4-B656-139934E68833" controlTypeID="Border" x="0" y="0" w="375" h="723" zOrder="0">
              <caption>%E8%BE%B9%E6%A1%86</caption>
              <borderVisible>False</borderVisible>
              <alias>borderLayer</alias>
            </control>
          </groupChildrenDescriptors>
          <thinkness>1</thinkness>
        </control>
        <control controlID="1CA2E8D0-2B57-45EF-84E4-61D9A176A3BA" controlTypeID="PopupPanelContent" x="38" y="234" w="300" h="200" zOrder="1">
          <color>16777215</color>
          <alias>content</alias>
          <groupChildrenDescriptors/>
        </control>
      </groupChildrenDescriptors>
    </control>
  </controls>
  <param>
    <backgroundColor>4294967295</backgroundColor>
    <fontSize>0</fontSize>
    <fontFamily/>
    <guideLines>
      <guideLine isLocked="False" isHori="True" value="444"/>
      <guideLine isLocked="False" isHori="True" value="182"/>
      <guideLine isLocked="False" isHori="True" value="462"/>
    </guideLines>
  </param>
</mockup>