﻿<mockup version="5.0" minAllowVersion="5.0" ID="0823E0F8-D359-44CA-B69D-ADF03197D003" platform="MtMobile" defaultW="375" defaultH="667" measureW="375" measureH="818" screenOrientation="MoPortrait" mobileScreenScale="1.77777779102325" clipArea="(0,0,375,768)">
  <controls controlCount="48">
    <control controlID="318A7B11-EE57-4D58-935E-FEF74840B812" controlTypeID="StatusBar(IOS)" x="0" y="0" w="375" h="20" zOrder="0"/>
    <control controlID="71C85305-D2A4-411D-A338-51CAF0C648D6" controlTypeID="Shape" x="10" y="30" w="355" h="32" zOrder="1">
      <color>4294111986</color>
      <borderVisible>False</borderVisible>
      <font family="%E5%BE%AE%E8%BD%AF%E9%9B%85%E9%BB%91" displayName="%E5%BE%AE%E8%BD%AF%E9%9B%85%E9%BB%91" postScript="" weightStyle="Regular" weight="400" isBold="False" isItalic="False"/>
      <textSize>14</textSize>
      <selectedIndex>-1</selectedIndex>
      <radius>8</radius>
    </control>
    <control controlID="DF546328-AF52-450C-BCCD-D337DF1F239F" controlTypeID="Master" x="0" y="768" w="375" h="50" zOrder="2" masterID="468B7B02-E4B7-4B91-B147-DE0B82B9218A">
      <groupChildrenDescriptors>
        <control controlID="CF4B4987-D9FD-4EA5-8B0E-C3C52EAED39C" controlTypeID="Shape" x="0" y="0" w="375" h="50" zOrder="0">
          <color>2061821156</color>
          <borderColor>4293190884</borderColor>
          <font family="%E5%BE%AE%E8%BD%AF%E9%9B%85%E9%BB%91" displayName="%E5%BE%AE%E8%BD%AF%E9%9B%85%E9%BB%91" postScript="" weightStyle="Regular" weight="400" isBold="False" isItalic="False"/>
          <textSize>14</textSize>
          <selectedIndex>-1</selectedIndex>
          <borderMode>[bmTop]</borderMode>
        </control>
        <control controlID="581317B3-295E-4B47-ACAD-87E5CE42D72A" controlTypeID="Icon" x="20" y="13" w="24" h="24" zOrder="1">
          <color>4278742761</color>
          <icon>
            <ID>Back.png</ID>
            <iconFontName/>
            <iconCode>-1</iconCode>
          </icon>
        </control>
        <control controlID="FEE2286A-8A03-4A36-9E2C-FEB8FD33A440" controlTypeID="Icon" x="96" y="13" w="24" h="24" zOrder="2">
          <icon>
            <ID>Gt.png</ID>
            <iconFontName/>
            <iconCode>-1</iconCode>
          </icon>
        </control>
        <control controlID="E8A8B9B2-DC26-478D-8D7E-BCF2115FFBA7" controlTypeID="Icon" x="172" y="13" w="24" h="24" zOrder="3">
          <color>4278742761</color>
          <icon>
            <ID/>
            <iconFontName>jdIonicons</iconFontName>
            <iconCode>62666</iconCode>
          </icon>
          <URL>69343460E9407CF814C54637629A380F.svg</URL>
        </control>
        <control controlID="2943D642-912B-4B12-B36E-BE98FCAB7237" controlTypeID="Icon" x="248" y="13" w="24" h="24" zOrder="4">
          <color>4278742761</color>
          <icon>
            <ID/>
            <iconFontName>jdIonicons</iconFontName>
            <iconCode>62439</iconCode>
          </icon>
          <URL>581821C142FFE2C30A1330D052EFFD70.svg</URL>
        </control>
        <control controlID="20761B5B-D18F-4FE4-835B-E2CCB2F46535" controlTypeID="Icon" x="324" y="13" w="24" h="24" zOrder="5">
          <color>4278742761</color>
          <icon>
            <ID/>
            <iconFontName>jdIonicons</iconFontName>
            <iconCode>62593</iconCode>
          </icon>
          <URL>1442791C8160AB432B8A0564B9E0CEDB.svg</URL>
        </control>
      </groupChildrenDescriptors>
    </control>
    <control controlID="AA335D7D-0EA0-4BF2-8B0C-5B6EBF9CA57B" controlTypeID="Shape" x="0" y="72" w="375" h="41" zOrder="3">
      <color>4294927923</color>
      <borderVisible>False</borderVisible>
      <font family="%E5%BE%AE%E8%BD%AF%E9%9B%85%E9%BB%91" displayName="%E5%BE%AE%E8%BD%AF%E9%9B%85%E9%BB%91" postScript="" weightStyle="Regular" weight="400" isBold="False" isItalic="False"/>
      <textSize>14</textSize>
      <selectedIndex>-1</selectedIndex>
    </control>
    <control controlID="ED54E1CF-9566-4F4C-B53D-3CCBD659CE24" controlTypeID="Icon" x="10" y="83" w="18" h="18" zOrder="4">
      <color>4294967295</color>
      <links eventType="AtClick" animate="AmNone" animateAutoDelay="0" animateDuration="500">
        <link targetPageID="F4AE4E13-1303-4685-99EB-64824D18EC9B" linkType="ltPageLink" isApplyIncludePage="False" title="%E6%9C%88%E6%B5%81%E6%B0%B4">
          <area shape="0" alt="" ID="{A225F56B-7A89-4B05-A42B-939C19813BF8}" coords="(0,0,18,18)"/>
        </link>
      </links>
      <icon>
        <ID/>
        <iconFontName>jdIonicons</iconFontName>
        <iconCode>62418</iconCode>
      </icon>
      <URL>91852B86E51F760894554368302F9800.svg</URL>
    </control>
    <control controlID="4DD37A7A-1242-4C0F-B51D-FA1CD6932D67" controlTypeID="Label" x="153" y="81" w="70" h="22" zOrder="5">
      <font family="%E5%BE%AE%E8%BD%AF%E9%9B%85%E9%BB%91" displayName="%E5%BE%AE%E8%BD%AF%E9%9B%85%E9%BB%91" postScript="" weightStyle="Regular" weight="400" isBold="False" isItalic="False"/>
      <text>%E5%8D%97%E7%93%9C%E8%AE%B0%E8%B4%A6</text>
      <textColor>4294967295</textColor>
      <textSize>16</textSize>
      <lineSpacing>0</lineSpacing>
      <useDefaultTextSize>False</useDefaultTextSize>
      <selectedIndex>-1</selectedIndex>
    </control>
    <control controlID="6685BBE8-7B24-4651-9CDF-28ADB1788448" controlTypeID="Icon" x="331" y="80" w="24" h="24" zOrder="6">
      <color>4294967295</color>
      <links eventType="AtClick" animate="AmNone" animateAutoDelay="0" animateDuration="500">
        <link targetPageID="6F6E2846-2547-4E28-B5E9-9065DDEE083E" linkType="ltPageLink" isApplyIncludePage="False" title="%E6%88%91">
          <area shape="0" alt="" ID="{08AC29CD-838A-43A9-B862-D8C3F0D65315}" coords="(0,0,24,24)"/>
        </link>
      </links>
      <icon>
        <ID/>
        <iconFontName>jdiconfontB</iconFontName>
        <iconCode>59648</iconCode>
      </icon>
      <URL>42CF9E031360EBC09387427849BF6328.svg</URL>
    </control>
    <control controlID="A4AB6026-ABDA-46A7-BEE2-67D156FE1AE9" controlTypeID="__group__" x="0" y="114" w="375" h="68" zOrder="7">
      <groupChildrenDescriptors>
        <control controlID="CB66B63B-F54B-4E9E-ACD4-6BDCAEFE8AF6" controlTypeID="Shape" x="0" y="0" w="375" h="68" zOrder="0">
          <color>15921906</color>
          <borderColor>4292335575</borderColor>
          <font family="%E5%BE%AE%E8%BD%AF%E9%9B%85%E9%BB%91" displayName="%E5%BE%AE%E8%BD%AF%E9%9B%85%E9%BB%91" postScript="" weightStyle="Regular" weight="400" isBold="False" isItalic="False"/>
          <textSize>14</textSize>
          <selectedIndex>-1</selectedIndex>
          <borderMode>[bmBottom]</borderMode>
        </control>
        <control controlID="100C18EE-34B3-4AE8-B418-2B1EFE612BEE" controlTypeID="Label" x="11" y="16" w="162" h="18" zOrder="1">
          <font family="%E5%BE%AE%E8%BD%AF%E9%9B%85%E9%BB%91" displayName="%E5%BE%AE%E8%BD%AF%E9%9B%85%E9%BB%91" postScript="" weightStyle="Regular" weight="400" isBold="False" isItalic="False"/>
          <text>%E5%B7%A5%E5%95%86%E9%93%B6%E8%A1%8C%EF%BC%880855%EF%BC%89%3E%E5%85%AC%E4%BA%A4%E5%8D%A1</text>
          <textSize>13</textSize>
          <lineSpacing>0</lineSpacing>
          <useDefaultTextSize>False</useDefaultTextSize>
          <selectedIndex>-1</selectedIndex>
        </control>
        <control controlID="39A10C27-AEE5-4B10-BA1E-0711AA69CF7E" controlTypeID="Label" x="303" y="17" w="59" h="18" zOrder="2">
          <font family="%E5%BE%AE%E8%BD%AF%E9%9B%85%E9%BB%91" displayName="%E5%BE%AE%E8%BD%AF%E9%9B%85%E9%BB%91" postScript="" weightStyle="Regular" weight="400" isBold="False" isItalic="False"/>
          <text>%EF%BF%A5300.00</text>
          <textSize>13</textSize>
          <lineSpacing>0</lineSpacing>
          <useDefaultTextSize>False</useDefaultTextSize>
          <selectedIndex>-1</selectedIndex>
        </control>
        <control controlID="87369D32-83DF-4C64-828B-9D72E2D28D01" controlTypeID="Label" x="319" y="40" w="40" h="16" zOrder="3">
          <font family="%E5%BE%AE%E8%BD%AF%E9%9B%85%E9%BB%91" displayName="%E5%BE%AE%E8%BD%AF%E9%9B%85%E9%BB%91" postScript="" weightStyle="Regular" weight="400" isBold="False" isItalic="False"/>
          <text>%E9%99%88%E7%9C%9F%E8%89%B3</text>
          <textColor>4284374622</textColor>
          <textSize>12</textSize>
          <lineSpacing>0</lineSpacing>
          <useDefaultTextSize>False</useDefaultTextSize>
          <selectedIndex>-1</selectedIndex>
        </control>
        <control controlID="6D4D7C81-9F0B-4173-A8A7-B9B40707D879" controlTypeID="Label" x="11" y="40" w="72" h="16" zOrder="4">
          <color>4294111986</color>
          <font family="%E5%BE%AE%E8%BD%AF%E9%9B%85%E9%BB%91" displayName="%E5%BE%AE%E8%BD%AF%E9%9B%85%E9%BB%91" postScript="" weightStyle="Regular" weight="400" isBold="False" isItalic="False"/>
          <text>11-29+21%3A59</text>
          <textColor>4287927444</textColor>
          <textSize>12</textSize>
          <lineSpacing>0</lineSpacing>
          <useDefaultTextSize>False</useDefaultTextSize>
          <selectedIndex>-1</selectedIndex>
        </control>
        <control controlID="D5A1F512-A5CF-4B31-B0DA-78BD44FBBD20" controlTypeID="Label" x="93" y="40" w="52" h="16" zOrder="5">
          <font family="%E5%BE%AE%E8%BD%AF%E9%9B%85%E9%BB%91" displayName="%E5%BE%AE%E8%BD%AF%E9%9B%85%E9%BB%91" postScript="" weightStyle="Regular" weight="400" isBold="False" isItalic="False"/>
          <text>%E5%A4%87%E6%B3%A8%E4%BF%A1%E6%81%AF</text>
          <textColor>4284374622</textColor>
          <textSize>12</textSize>
          <lineSpacing>0</lineSpacing>
          <useDefaultTextSize>False</useDefaultTextSize>
          <selectedIndex>-1</selectedIndex>
        </control>
      </groupChildrenDescriptors>
    </control>
    <control controlID="3934D584-BC0D-4D9F-B77F-C5167A614132" controlTypeID="__group__" x="0" y="182" w="375" h="68" zOrder="8">
      <groupChildrenDescriptors>
        <control controlID="E0739EF7-7976-49C8-A168-26B0A44CFAB8" controlTypeID="Shape" x="0" y="0" w="375" h="68" zOrder="0">
          <color>15921906</color>
          <borderColor>4292335575</borderColor>
          <font family="%E5%BE%AE%E8%BD%AF%E9%9B%85%E9%BB%91" displayName="%E5%BE%AE%E8%BD%AF%E9%9B%85%E9%BB%91" postScript="" weightStyle="Regular" weight="400" isBold="False" isItalic="False"/>
          <textSize>14</textSize>
          <selectedIndex>-1</selectedIndex>
          <borderMode>[bmBottom]</borderMode>
        </control>
        <control controlID="5000115F-FC40-4AB7-AAC4-A80B7FFD4355" controlTypeID="Label" x="11" y="16" w="162" h="18" zOrder="1">
          <font family="%E5%BE%AE%E8%BD%AF%E9%9B%85%E9%BB%91" displayName="%E5%BE%AE%E8%BD%AF%E9%9B%85%E9%BB%91" postScript="" weightStyle="Regular" weight="400" isBold="False" isItalic="False"/>
          <text>%E5%B7%A5%E5%95%86%E9%93%B6%E8%A1%8C%EF%BC%880855%EF%BC%89%3E%E5%85%AC%E4%BA%A4%E5%8D%A1</text>
          <textSize>13</textSize>
          <lineSpacing>0</lineSpacing>
          <useDefaultTextSize>False</useDefaultTextSize>
          <selectedIndex>-1</selectedIndex>
        </control>
        <control controlID="15B5BDE6-F275-43BE-A714-8BC04F7558FA" controlTypeID="Label" x="303" y="17" w="59" h="18" zOrder="2">
          <font family="%E5%BE%AE%E8%BD%AF%E9%9B%85%E9%BB%91" displayName="%E5%BE%AE%E8%BD%AF%E9%9B%85%E9%BB%91" postScript="" weightStyle="Regular" weight="400" isBold="False" isItalic="False"/>
          <text>%EF%BF%A5300.00</text>
          <textSize>13</textSize>
          <lineSpacing>0</lineSpacing>
          <useDefaultTextSize>False</useDefaultTextSize>
          <selectedIndex>-1</selectedIndex>
        </control>
        <control controlID="DBF45CDF-3161-4C14-A428-66B5D9E3B363" controlTypeID="Label" x="319" y="40" w="40" h="16" zOrder="3">
          <font family="%E5%BE%AE%E8%BD%AF%E9%9B%85%E9%BB%91" displayName="%E5%BE%AE%E8%BD%AF%E9%9B%85%E9%BB%91" postScript="" weightStyle="Regular" weight="400" isBold="False" isItalic="False"/>
          <text>%E9%99%88%E7%9C%9F%E8%89%B3</text>
          <textColor>4284374622</textColor>
          <textSize>12</textSize>
          <lineSpacing>0</lineSpacing>
          <useDefaultTextSize>False</useDefaultTextSize>
          <selectedIndex>-1</selectedIndex>
        </control>
        <control controlID="07D93E2A-D2AB-455D-8BB2-F37911692867" controlTypeID="Label" x="11" y="40" w="72" h="16" zOrder="4">
          <color>4294111986</color>
          <font family="%E5%BE%AE%E8%BD%AF%E9%9B%85%E9%BB%91" displayName="%E5%BE%AE%E8%BD%AF%E9%9B%85%E9%BB%91" postScript="" weightStyle="Regular" weight="400" isBold="False" isItalic="False"/>
          <text>11-29+21%3A59</text>
          <textColor>4287927444</textColor>
          <textSize>12</textSize>
          <lineSpacing>0</lineSpacing>
          <useDefaultTextSize>False</useDefaultTextSize>
          <selectedIndex>-1</selectedIndex>
        </control>
        <control controlID="1DB3E984-E4FA-4715-9323-CA0DFC8D956F" controlTypeID="Label" x="93" y="40" w="52" h="16" zOrder="5">
          <font family="%E5%BE%AE%E8%BD%AF%E9%9B%85%E9%BB%91" displayName="%E5%BE%AE%E8%BD%AF%E9%9B%85%E9%BB%91" postScript="" weightStyle="Regular" weight="400" isBold="False" isItalic="False"/>
          <text>%E5%A4%87%E6%B3%A8%E4%BF%A1%E6%81%AF</text>
          <textColor>4284374622</textColor>
          <textSize>12</textSize>
          <lineSpacing>0</lineSpacing>
          <useDefaultTextSize>False</useDefaultTextSize>
          <selectedIndex>-1</selectedIndex>
        </control>
      </groupChildrenDescriptors>
    </control>
    <control controlID="FB9E389C-8D49-48BB-AEF2-5C3B868C2E1E" controlTypeID="__group__" x="0" y="250" w="375" h="68" zOrder="9">
      <groupChildrenDescriptors>
        <control controlID="E666B7B3-F9F0-423C-B0C6-E64B4B331F44" controlTypeID="Shape" x="0" y="0" w="375" h="68" zOrder="0">
          <color>15921906</color>
          <borderColor>4292335575</borderColor>
          <font family="%E5%BE%AE%E8%BD%AF%E9%9B%85%E9%BB%91" displayName="%E5%BE%AE%E8%BD%AF%E9%9B%85%E9%BB%91" postScript="" weightStyle="Regular" weight="400" isBold="False" isItalic="False"/>
          <textSize>14</textSize>
          <selectedIndex>-1</selectedIndex>
          <borderMode>[bmBottom]</borderMode>
        </control>
        <control controlID="F3339694-0C1A-4B75-B15F-9A2216A38A60" controlTypeID="Label" x="11" y="16" w="162" h="18" zOrder="1">
          <font family="%E5%BE%AE%E8%BD%AF%E9%9B%85%E9%BB%91" displayName="%E5%BE%AE%E8%BD%AF%E9%9B%85%E9%BB%91" postScript="" weightStyle="Regular" weight="400" isBold="False" isItalic="False"/>
          <text>%E5%B7%A5%E5%95%86%E9%93%B6%E8%A1%8C%EF%BC%880855%EF%BC%89%3E%E5%85%AC%E4%BA%A4%E5%8D%A1</text>
          <textSize>13</textSize>
          <lineSpacing>0</lineSpacing>
          <useDefaultTextSize>False</useDefaultTextSize>
          <selectedIndex>-1</selectedIndex>
        </control>
        <control controlID="EA75872E-D6DB-4B1B-B8E1-9C5E9C502E3E" controlTypeID="Label" x="303" y="17" w="59" h="18" zOrder="2">
          <font family="%E5%BE%AE%E8%BD%AF%E9%9B%85%E9%BB%91" displayName="%E5%BE%AE%E8%BD%AF%E9%9B%85%E9%BB%91" postScript="" weightStyle="Regular" weight="400" isBold="False" isItalic="False"/>
          <text>%EF%BF%A5300.00</text>
          <textSize>13</textSize>
          <lineSpacing>0</lineSpacing>
          <useDefaultTextSize>False</useDefaultTextSize>
          <selectedIndex>-1</selectedIndex>
        </control>
        <control controlID="6F31C4DA-5828-4550-9E88-83C355E870B2" controlTypeID="Label" x="319" y="40" w="40" h="16" zOrder="3">
          <font family="%E5%BE%AE%E8%BD%AF%E9%9B%85%E9%BB%91" displayName="%E5%BE%AE%E8%BD%AF%E9%9B%85%E9%BB%91" postScript="" weightStyle="Regular" weight="400" isBold="False" isItalic="False"/>
          <text>%E9%99%88%E7%9C%9F%E8%89%B3</text>
          <textColor>4284374622</textColor>
          <textSize>12</textSize>
          <lineSpacing>0</lineSpacing>
          <useDefaultTextSize>False</useDefaultTextSize>
          <selectedIndex>-1</selectedIndex>
        </control>
        <control controlID="1059C1D6-5D9F-4E37-BFEC-C8CCE2072BA7" controlTypeID="Label" x="11" y="40" w="72" h="16" zOrder="4">
          <color>4294111986</color>
          <font family="%E5%BE%AE%E8%BD%AF%E9%9B%85%E9%BB%91" displayName="%E5%BE%AE%E8%BD%AF%E9%9B%85%E9%BB%91" postScript="" weightStyle="Regular" weight="400" isBold="False" isItalic="False"/>
          <text>11-29+21%3A59</text>
          <textColor>4287927444</textColor>
          <textSize>12</textSize>
          <lineSpacing>0</lineSpacing>
          <useDefaultTextSize>False</useDefaultTextSize>
          <selectedIndex>-1</selectedIndex>
        </control>
        <control controlID="8D16AAA8-EDAE-4368-94AB-0A918C02C94A" controlTypeID="Label" x="93" y="40" w="52" h="16" zOrder="5">
          <font family="%E5%BE%AE%E8%BD%AF%E9%9B%85%E9%BB%91" displayName="%E5%BE%AE%E8%BD%AF%E9%9B%85%E9%BB%91" postScript="" weightStyle="Regular" weight="400" isBold="False" isItalic="False"/>
          <text>%E5%A4%87%E6%B3%A8%E4%BF%A1%E6%81%AF</text>
          <textColor>4284374622</textColor>
          <textSize>12</textSize>
          <lineSpacing>0</lineSpacing>
          <useDefaultTextSize>False</useDefaultTextSize>
          <selectedIndex>-1</selectedIndex>
        </control>
      </groupChildrenDescriptors>
    </control>
    <control controlID="C03E0CBA-97C4-4732-8EF0-3AB183AEDD9C" controlTypeID="__group__" x="0" y="318" w="375" h="68" zOrder="10">
      <groupChildrenDescriptors>
        <control controlID="D123F1D9-73F4-4B35-9DA0-8EED0A25EC9F" controlTypeID="Shape" x="0" y="0" w="375" h="68" zOrder="0">
          <color>15921906</color>
          <borderColor>4292335575</borderColor>
          <font family="%E5%BE%AE%E8%BD%AF%E9%9B%85%E9%BB%91" displayName="%E5%BE%AE%E8%BD%AF%E9%9B%85%E9%BB%91" postScript="" weightStyle="Regular" weight="400" isBold="False" isItalic="False"/>
          <textSize>14</textSize>
          <selectedIndex>-1</selectedIndex>
          <borderMode>[bmBottom]</borderMode>
        </control>
        <control controlID="9FB721AB-BF3D-4A3D-B555-FA2F45538B04" controlTypeID="Label" x="11" y="16" w="162" h="18" zOrder="1">
          <font family="%E5%BE%AE%E8%BD%AF%E9%9B%85%E9%BB%91" displayName="%E5%BE%AE%E8%BD%AF%E9%9B%85%E9%BB%91" postScript="" weightStyle="Regular" weight="400" isBold="False" isItalic="False"/>
          <text>%E5%B7%A5%E5%95%86%E9%93%B6%E8%A1%8C%EF%BC%880855%EF%BC%89%3E%E5%85%AC%E4%BA%A4%E5%8D%A1</text>
          <textSize>13</textSize>
          <lineSpacing>0</lineSpacing>
          <useDefaultTextSize>False</useDefaultTextSize>
          <selectedIndex>-1</selectedIndex>
        </control>
        <control controlID="FEDFB726-4D6C-4ECD-9760-68048D567AB2" controlTypeID="Label" x="303" y="17" w="59" h="18" zOrder="2">
          <font family="%E5%BE%AE%E8%BD%AF%E9%9B%85%E9%BB%91" displayName="%E5%BE%AE%E8%BD%AF%E9%9B%85%E9%BB%91" postScript="" weightStyle="Regular" weight="400" isBold="False" isItalic="False"/>
          <text>%EF%BF%A5300.00</text>
          <textSize>13</textSize>
          <lineSpacing>0</lineSpacing>
          <useDefaultTextSize>False</useDefaultTextSize>
          <selectedIndex>-1</selectedIndex>
        </control>
        <control controlID="B4E9EEED-0B5A-4C66-B623-CDEA8F607C6A" controlTypeID="Label" x="319" y="40" w="40" h="16" zOrder="3">
          <font family="%E5%BE%AE%E8%BD%AF%E9%9B%85%E9%BB%91" displayName="%E5%BE%AE%E8%BD%AF%E9%9B%85%E9%BB%91" postScript="" weightStyle="Regular" weight="400" isBold="False" isItalic="False"/>
          <text>%E9%99%88%E7%9C%9F%E8%89%B3</text>
          <textColor>4284374622</textColor>
          <textSize>12</textSize>
          <lineSpacing>0</lineSpacing>
          <useDefaultTextSize>False</useDefaultTextSize>
          <selectedIndex>-1</selectedIndex>
        </control>
        <control controlID="E24293E8-207A-49C5-AA91-6627D68B6EC3" controlTypeID="Label" x="11" y="40" w="72" h="16" zOrder="4">
          <color>4294111986</color>
          <font family="%E5%BE%AE%E8%BD%AF%E9%9B%85%E9%BB%91" displayName="%E5%BE%AE%E8%BD%AF%E9%9B%85%E9%BB%91" postScript="" weightStyle="Regular" weight="400" isBold="False" isItalic="False"/>
          <text>11-29+21%3A59</text>
          <textColor>4287927444</textColor>
          <textSize>12</textSize>
          <lineSpacing>0</lineSpacing>
          <useDefaultTextSize>False</useDefaultTextSize>
          <selectedIndex>-1</selectedIndex>
        </control>
        <control controlID="F67D41F0-9838-41EB-8576-9DD9F46E1C57" controlTypeID="Label" x="93" y="40" w="52" h="16" zOrder="5">
          <font family="%E5%BE%AE%E8%BD%AF%E9%9B%85%E9%BB%91" displayName="%E5%BE%AE%E8%BD%AF%E9%9B%85%E9%BB%91" postScript="" weightStyle="Regular" weight="400" isBold="False" isItalic="False"/>
          <text>%E5%A4%87%E6%B3%A8%E4%BF%A1%E6%81%AF</text>
          <textColor>4284374622</textColor>
          <textSize>12</textSize>
          <lineSpacing>0</lineSpacing>
          <useDefaultTextSize>False</useDefaultTextSize>
          <selectedIndex>-1</selectedIndex>
        </control>
      </groupChildrenDescriptors>
    </control>
    <control controlID="D0463CD0-6EFD-485E-BA53-FC0D6E351F4A" controlTypeID="__group__" x="0" y="386" w="375" h="68" zOrder="11">
      <groupChildrenDescriptors>
        <control controlID="712C4325-1043-4010-8EA1-2F8F1624BBF7" controlTypeID="Shape" x="0" y="0" w="375" h="68" zOrder="0">
          <color>15921906</color>
          <borderColor>4292335575</borderColor>
          <font family="%E5%BE%AE%E8%BD%AF%E9%9B%85%E9%BB%91" displayName="%E5%BE%AE%E8%BD%AF%E9%9B%85%E9%BB%91" postScript="" weightStyle="Regular" weight="400" isBold="False" isItalic="False"/>
          <textSize>14</textSize>
          <selectedIndex>-1</selectedIndex>
          <borderMode>[bmBottom]</borderMode>
        </control>
        <control controlID="83822B9B-0065-498A-8080-8B94275EDD29" controlTypeID="Label" x="11" y="16" w="162" h="18" zOrder="1">
          <font family="%E5%BE%AE%E8%BD%AF%E9%9B%85%E9%BB%91" displayName="%E5%BE%AE%E8%BD%AF%E9%9B%85%E9%BB%91" postScript="" weightStyle="Regular" weight="400" isBold="False" isItalic="False"/>
          <text>%E5%B7%A5%E5%95%86%E9%93%B6%E8%A1%8C%EF%BC%880855%EF%BC%89%3E%E5%85%AC%E4%BA%A4%E5%8D%A1</text>
          <textSize>13</textSize>
          <lineSpacing>0</lineSpacing>
          <useDefaultTextSize>False</useDefaultTextSize>
          <selectedIndex>-1</selectedIndex>
        </control>
        <control controlID="5FFB746B-3C1B-4CFF-BC06-FF9637022C53" controlTypeID="Label" x="303" y="17" w="59" h="18" zOrder="2">
          <font family="%E5%BE%AE%E8%BD%AF%E9%9B%85%E9%BB%91" displayName="%E5%BE%AE%E8%BD%AF%E9%9B%85%E9%BB%91" postScript="" weightStyle="Regular" weight="400" isBold="False" isItalic="False"/>
          <text>%EF%BF%A5300.00</text>
          <textSize>13</textSize>
          <lineSpacing>0</lineSpacing>
          <useDefaultTextSize>False</useDefaultTextSize>
          <selectedIndex>-1</selectedIndex>
        </control>
        <control controlID="0D2FE84A-765B-41ED-BEA4-1C4099C9333A" controlTypeID="Label" x="319" y="40" w="40" h="16" zOrder="3">
          <font family="%E5%BE%AE%E8%BD%AF%E9%9B%85%E9%BB%91" displayName="%E5%BE%AE%E8%BD%AF%E9%9B%85%E9%BB%91" postScript="" weightStyle="Regular" weight="400" isBold="False" isItalic="False"/>
          <text>%E9%99%88%E7%9C%9F%E8%89%B3</text>
          <textColor>4284374622</textColor>
          <textSize>12</textSize>
          <lineSpacing>0</lineSpacing>
          <useDefaultTextSize>False</useDefaultTextSize>
          <selectedIndex>-1</selectedIndex>
        </control>
        <control controlID="06E2A06C-9220-4D8D-B2E7-C0C08D8D74D7" controlTypeID="Label" x="11" y="40" w="72" h="16" zOrder="4">
          <color>4294111986</color>
          <font family="%E5%BE%AE%E8%BD%AF%E9%9B%85%E9%BB%91" displayName="%E5%BE%AE%E8%BD%AF%E9%9B%85%E9%BB%91" postScript="" weightStyle="Regular" weight="400" isBold="False" isItalic="False"/>
          <text>11-29+21%3A59</text>
          <textColor>4287927444</textColor>
          <textSize>12</textSize>
          <lineSpacing>0</lineSpacing>
          <useDefaultTextSize>False</useDefaultTextSize>
          <selectedIndex>-1</selectedIndex>
        </control>
        <control controlID="A088A316-988D-4FF3-8A98-0D61BF479EAA" controlTypeID="Label" x="93" y="40" w="52" h="16" zOrder="5">
          <font family="%E5%BE%AE%E8%BD%AF%E9%9B%85%E9%BB%91" displayName="%E5%BE%AE%E8%BD%AF%E9%9B%85%E9%BB%91" postScript="" weightStyle="Regular" weight="400" isBold="False" isItalic="False"/>
          <text>%E5%A4%87%E6%B3%A8%E4%BF%A1%E6%81%AF</text>
          <textColor>4284374622</textColor>
          <textSize>12</textSize>
          <lineSpacing>0</lineSpacing>
          <useDefaultTextSize>False</useDefaultTextSize>
          <selectedIndex>-1</selectedIndex>
        </control>
      </groupChildrenDescriptors>
    </control>
  </controls>
  <param>
    <backgroundColor>4294967295</backgroundColor>
    <fontSize>0</fontSize>
    <fontFamily/>
    <guideLines>
      <guideLine isLocked="False" isHori="True" value="444"/>
      <guideLine isLocked="False" isHori="True" value="-91"/>
      <guideLine isLocked="False" isHori="True" value="462"/>
    </guideLines>
  </param>
</mockup>