<mockup version="5.0" minAllowVersion="5.0" ID="16391893-36AD-4106-859D-C4471565901E" platform="MtMobile" defaultW="375" defaultH="667" measureW="375" measureH="667" screenOrientation="MoPortrait" mobileScreenScale="1.77777779102325" clipArea="(0,0,0,0)">
  <controls controlCount="8">
    <control controlID="318A7B11-EE57-4D58-935E-FEF74840B812" controlTypeID="StatusBar(IOS)" x="0" y="0" w="375" h="20" zOrder="0"/>
    <control controlID="71C85305-D2A4-411D-A338-51CAF0C648D6" controlTypeID="Shape" x="10" y="30" w="355" h="32" zOrder="1">
      <color>4294111986</color>
      <borderVisible>False</borderVisible>
      <font family="%E5%BE%AE%E8%BD%AF%E9%9B%85%E9%BB%91" displayName="%E5%BE%AE%E8%BD%AF%E9%9B%85%E9%BB%91" postScript="" weightStyle="Regular" weight="400" isBold="False" isItalic="False"/>
      <textSize>14</textSize>
      <lineSpacing>18</lineSpacing>
      <selectedIndex>-1</selectedIndex>
      <radius>8</radius>
    </control>
    <control controlID="EA4A99B0-95FF-40F4-9F39-7B8DDD49A469" controlTypeID="Button" x="13" y="517" w="350" h="40" zOrder="2">
      <color>4294927923</color>
      <borderVisible>False</borderVisible>
      <links eventType="AtClick" animate="AmNone" animateAutoDelay="0" animateDuration="500">
        <link targetPageID="F4AE4E13-1303-4685-99EB-64824D18EC9B" linkType="ltPageLink" isApplyIncludePage="False" title="%E6%9C%88%E6%B5%81%E6%B0%B4">
          <area shape="0" alt="" ID="{9BCABACA-E2B1-4844-B4B7-C45FC996695F}" coords="(0,0,350,40)"/>
        </link>
      </links>
      <font family="%E5%BE%AE%E8%BD%AF%E9%9B%85%E9%BB%91" displayName="%E5%BE%AE%E8%BD%AF%E9%9B%85%E9%BB%91" postScript="" weightStyle="Regular" weight="400" isBold="False" isItalic="False"/>
      <text>%E7%A1%AE++++%E5%AE%9A</text>
      <textColor>4294967295</textColor>
      <lineSpacing>18</lineSpacing>
      <useDefaultTextSize>False</useDefaultTextSize>
      <selectedIndex>-1</selectedIndex>
    </control>
    <control controlID="62BCBA89-C434-4A5C-88D2-35BE0A492431" controlTypeID="TextInput" x="13" y="454" w="350" h="39" zOrder="3">
      <borderColor>4289638062</borderColor>
      <font family="%E5%BE%AE%E8%BD%AF%E9%9B%85%E9%BB%91" displayName="%E5%BE%AE%E8%BD%AF%E9%9B%85%E9%BB%91" postScript="" weightStyle="Regular" weight="400" isBold="False" isItalic="False"/>
      <textColor>4289638062</textColor>
      <lineSpacing>18</lineSpacing>
      <selectedIndex>-1</selectedIndex>
      <placeHolder>%E8%BE%93%E5%85%A5%E5%88%9B%E5%BB%BA%E4%BA%BA%E6%98%B5%E7%A7%B0</placeHolder>
    </control>
    <control controlID="FF0A35CB-6D1D-4CE7-BF83-70A2BBED7AFE" controlTypeID="TextInput" x="13" y="395" w="350" h="39" zOrder="4">
      <borderColor>4289638062</borderColor>
      <font family="%E5%BE%AE%E8%BD%AF%E9%9B%85%E9%BB%91" displayName="%E5%BE%AE%E8%BD%AF%E9%9B%85%E9%BB%91" postScript="" weightStyle="Regular" weight="400" isBold="False" isItalic="False"/>
      <textColor>4289638062</textColor>
      <lineSpacing>18</lineSpacing>
      <selectedIndex>-1</selectedIndex>
      <placeHolder>%E8%AE%BE%E7%BD%AE%E4%B8%8D%E5%B0%91%E4%BA%8E6%E4%B8%AA%E5%AD%97%E7%AC%A6%E7%9A%84%E5%AF%86%E5%8C%99</placeHolder>
    </control>
    <control controlID="D1801929-DBC7-49B0-AF84-ADE497D5C425" controlTypeID="TextInput" x="13" y="336" w="350" h="39" zOrder="5">
      <borderColor>4289638062</borderColor>
      <font family="%E5%BE%AE%E8%BD%AF%E9%9B%85%E9%BB%91" displayName="%E5%BE%AE%E8%BD%AF%E9%9B%85%E9%BB%91" postScript="" weightStyle="Regular" weight="400" isBold="False" isItalic="False"/>
      <textColor>4289638062</textColor>
      <lineSpacing>18</lineSpacing>
      <selectedIndex>-1</selectedIndex>
      <placeHolder>%E8%BE%93%E5%85%A5%E8%B4%A6%E6%9C%AC%E5%90%8D</placeHolder>
    </control>
    <control controlID="C0842377-6342-4C34-978E-3E060D7C1C71" controlTypeID="Label" x="13" y="113" w="135" h="22" zOrder="6">
      <font family="%E5%BE%AE%E8%BD%AF%E9%9B%85%E9%BB%91" displayName="%E5%BE%AE%E8%BD%AF%E9%9B%85%E9%BB%91" postScript="" weightStyle="Regular" weight="400" isBold="False" isItalic="False"/>
      <text>%E5%9F%BA%E6%9C%AC%E4%BF%A1%E6%81%AF%EF%BC%88*%E5%BF%85%E5%A1%AB%EF%BC%89</text>
      <textColor>4280821800</textColor>
      <textSize>16</textSize>
      <lineSpacing>21</lineSpacing>
      <useDefaultTextSize>False</useDefaultTextSize>
      <selectedIndex>-1</selectedIndex>
    </control>
    <control controlID="B606F4E2-A006-42CA-BAA3-7D7CBF68E17D" controlTypeID="Label" x="13" y="156" w="61" h="19" zOrder="7">
      <font family="%E5%BE%AE%E8%BD%AF%E9%9B%85%E9%BB%91" displayName="%E5%BE%AE%E8%BD%AF%E9%9B%85%E9%BB%91" postScript="" weightStyle="Regular" weight="400" isBold="False" isItalic="False"/>
      <text>%E5%8D%95%E8%A1%8C%E6%96%87%E5%AD%97</text>
      <lineSpacing>18</lineSpacing>
      <selectedIndex>-1</selectedIndex>
    </control>
  </controls>
  <param>
    <backgroundColor>4294967295</backgroundColor>
    <fontSize>0</fontSize>
    <fontFamily/>
    <guideLines>
      <guideLine isLocked="False" isHori="True" value="-28"/>
      <guideLine isLocked="False" isHori="True" value="188"/>
    </guideLines>
  </param>
</mockup>