<mockup version="5.0" minAllowVersion="5.0" ID="24087468-20EA-41D2-BB7A-79D4BC241D4F" platform="MtMobile" defaultW="375" defaultH="667" measureW="375" measureH="667" screenOrientation="MoPortrait" mobileScreenScale="1.77777779102325" clipArea="(0,0,0,0)">
  <controls controlCount="37">
    <control controlID="318A7B11-EE57-4D58-935E-FEF74840B812" controlTypeID="StatusBar(IOS)" x="0" y="0" w="375" h="20" zOrder="0"/>
    <control controlID="71C85305-D2A4-411D-A338-51CAF0C648D6" controlTypeID="Shape" x="10" y="30" w="355" h="32" zOrder="1">
      <color>4294111986</color>
      <borderVisible>False</borderVisible>
      <font family="%E5%BE%AE%E8%BD%AF%E9%9B%85%E9%BB%91" displayName="%E5%BE%AE%E8%BD%AF%E9%9B%85%E9%BB%91" postScript="" weightStyle="Regular" weight="400" isBold="False" isItalic="False"/>
      <textSize>14</textSize>
      <lineSpacing>18</lineSpacing>
      <selectedIndex>-1</selectedIndex>
      <radius>8</radius>
    </control>
    <control controlID="51EA96C1-8D19-43CB-887B-8D64F14BD587" controlTypeID="Line" x="2" y="73" w="371" h="1" zOrder="2">
      <color>4294111986</color>
      <font family="%E5%BE%AE%E8%BD%AF%E9%9B%85%E9%BB%91" displayName="%E5%BE%AE%E8%BD%AF%E9%9B%85%E9%BB%91" postScript="" weightStyle="Regular" weight="400" isBold="False" isItalic="False"/>
      <textColor>4293190884</textColor>
      <textSize>14</textSize>
      <lineSpacing>18</lineSpacing>
      <selectedIndex>-1</selectedIndex>
      <controlPoint>(186,0)</controlPoint>
      <startPoint>(0,0)</startPoint>
      <endPoint>(371,0)</endPoint>
    </control>
    <control controlID="4752C734-44AF-44FD-824F-0F98B90FBF62" controlTypeID="Label" x="20" y="161" w="67" h="27" zOrder="3">
      <font family="%E5%BE%AE%E8%BD%AF%E9%9B%85%E9%BB%91" displayName="%E5%BE%AE%E8%BD%AF%E9%9B%85%E9%BB%91" postScript="" weightStyle="Regular" weight="400" isBold="False" isItalic="False"/>
      <text>%EF%BF%A50.00</text>
      <textColor>4294927923</textColor>
      <textSize>20</textSize>
      <lineSpacing>26</lineSpacing>
      <useDefaultTextSize>False</useDefaultTextSize>
      <selectedIndex>-1</selectedIndex>
    </control>
    <control controlID="D85AE98C-2076-4D46-ABB9-2EE8DEDCC328" controlTypeID="Shape" x="20" y="84" w="120" h="55" zOrder="4">
      <borderColor>4294111986</borderColor>
      <interactiveData>
        <entry title="">
          <area shape="0" alt="" ID="{9C98BC52-5F3D-440C-818A-82D4EAD48EA2}" coords="(0,0,120,55)"/>
          <events title="">
            <event eventType="atClick" isChecked="True">
              <behaviour title="" isChecked="True" isWait="False" isLoop="False" execMode="emParallel">
                <target targetID="9EB12DB5-C50F-4C16-A8D3-84966A57486D" isChecked="True" isAutoRecovery="False" isLoop="False" execMode="emSequence">
                  <command name="Popup State Change" isChecked="True" descrition="">
                    <param name="AniInterpolation" value="0" varType="3" description=""/>
                    <param name="AniDuration" value="200" varType="3" description=""/>
                    <param name="AniAutoReverse" value="False" varType="11" description=""/>
                    <param name="AniLoop" value="False" varType="11" description=""/>
                    <param name="AniInterpolationTypeOut" value="False" varType="11" description=""/>
                    <param name="Delay" value="0" varType="3" description=""/>
                    <param name="Value" value="2" varType="3" description=""/>
                    <param name="AniType" value="0" varType="3" description=""/>
                  </command>
                </target>
              </behaviour>
            </event>
          </events>
        </entry>
      </interactiveData>
      <font family="%E5%BE%AE%E8%BD%AF%E9%9B%85%E9%BB%91" displayName="%E5%BE%AE%E8%BD%AF%E9%9B%85%E9%BB%91" postScript="" weightStyle="Regular" weight="400" isBold="False" isItalic="False"/>
      <text>%E9%80%89%E6%8B%A9%E6%B5%81%E6%B0%B4%E6%9D%A5%E6%BA%90</text>
      <textColor>4287006342</textColor>
      <textSize>14</textSize>
      <lineSpacing>18</lineSpacing>
      <selectedIndex>-1</selectedIndex>
      <borderMode>[bmBottom]</borderMode>
    </control>
    <control controlID="EEF44C3D-89A5-4EA0-A820-8623AC4EB8AB" controlTypeID="Label" x="304" y="165" w="33" h="19" zOrder="5">
      <color>7960953</color>
      <font family="%E5%BE%AE%E8%BD%AF%E9%9B%85%E9%BB%91" displayName="%E5%BE%AE%E8%BD%AF%E9%9B%85%E9%BB%91" postScript="" weightStyle="Regular" weight="400" isBold="False" isItalic="False"/>
      <text>%E4%BB%8A%E5%A4%A9</text>
      <textColor>4283519313</textColor>
      <lineSpacing>18</lineSpacing>
      <selectedIndex>-1</selectedIndex>
    </control>
    <control controlID="0C9E4A56-7C08-45FA-BCBE-D35A4EE48AFC" controlTypeID="Shape" x="20" y="214" w="335" h="27" zOrder="6">
      <borderColor>4294111986</borderColor>
      <font family="%E5%BE%AE%E8%BD%AF%E9%9B%85%E9%BB%91" displayName="%E5%BE%AE%E8%BD%AF%E9%9B%85%E9%BB%91" postScript="" weightStyle="Regular" weight="400" isBold="False" isItalic="False"/>
      <text>%E5%A4%87%E6%B3%A8...</text>
      <textColor>4287927444</textColor>
      <textSize>14</textSize>
      <textAlign>HaLeft</textAlign>
      <lineSpacing>18</lineSpacing>
      <selectedIndex>-1</selectedIndex>
      <borderMode>[bmBottom]</borderMode>
    </control>
    <control controlID="CA4F2A20-728E-414F-8810-CA3E4156EF8A" controlTypeID="Shape" x="218" y="85" w="120" h="55" zOrder="7">
      <borderColor>4294111986</borderColor>
      <interactiveData>
        <entry title="">
          <area shape="0" alt="" ID="{0EB4D692-49DC-45FE-8D0A-D7586BD8BE08}" coords="(0,0,120,55)"/>
          <events title="">
            <event eventType="atClick" isChecked="True">
              <behaviour title="" isChecked="True" isWait="False" isLoop="False" execMode="emParallel">
                <target targetID="9EB12DB5-C50F-4C16-A8D3-84966A57486D" isChecked="True" isAutoRecovery="False" isLoop="False" execMode="emSequence">
                  <command name="Popup State Change" isChecked="True" descrition="">
                    <param name="AniInterpolation" value="0" varType="3" description=""/>
                    <param name="AniDuration" value="200" varType="3" description=""/>
                    <param name="AniAutoReverse" value="False" varType="11" description=""/>
                    <param name="AniLoop" value="False" varType="11" description=""/>
                    <param name="AniInterpolationTypeOut" value="False" varType="11" description=""/>
                    <param name="Delay" value="0" varType="3" description=""/>
                    <param name="Value" value="2" varType="3" description=""/>
                    <param name="AniType" value="0" varType="3" description=""/>
                  </command>
                </target>
              </behaviour>
            </event>
          </events>
        </entry>
      </interactiveData>
      <font family="%E5%BE%AE%E8%BD%AF%E9%9B%85%E9%BB%91" displayName="%E5%BE%AE%E8%BD%AF%E9%9B%85%E9%BB%91" postScript="" weightStyle="Regular" weight="400" isBold="False" isItalic="False"/>
      <text>%E9%80%89%E6%8B%A9%E6%B5%81%E6%B0%B4%E5%8E%BB%E5%90%91</text>
      <textColor>4287006342</textColor>
      <textSize>14</textSize>
      <lineSpacing>18</lineSpacing>
      <selectedIndex>-1</selectedIndex>
      <borderMode>[bmBottom]</borderMode>
    </control>
    <control controlID="93E4E593-BA63-4106-B514-0F7BF157FDBB" controlTypeID="Icon" x="176" y="100" w="24" h="24" zOrder="8">
      <icon>
        <ID/>
        <iconFontName>jdIonicons</iconFontName>
        <iconCode>62223</iconCode>
      </icon>
      <URL>84E43FD667F4EA128EEFBAD7B03B51F5.svg</URL>
    </control>
    <control controlID="D7E7FA4A-1E14-4E60-8E2C-3F35C0F7026E" controlTypeID="Icon" x="337" y="165" w="20" h="20" zOrder="9">
      <icon>
        <ID/>
        <iconFontName>jdFontAwesome</iconFontName>
        <iconCode>61555</iconCode>
      </icon>
      <URL>4C33EC5C1D294AA30B8471BC0A49B848.svg</URL>
    </control>
    <control controlID="7F71CFCA-4CCB-474C-A328-73504E8A8C3F" controlTypeID="Label" x="20" y="263" w="47" h="19" zOrder="10">
      <font family="%E5%BE%AE%E8%BD%AF%E9%9B%85%E9%BB%91" displayName="%E5%BE%AE%E8%BD%AF%E9%9B%85%E9%BB%91" postScript="" weightStyle="Regular" weight="400" isBold="False" isItalic="False"/>
      <text>%E8%AE%B0%E5%BD%95%E4%BA%BA</text>
      <lineSpacing>18</lineSpacing>
      <selectedIndex>-1</selectedIndex>
    </control>
    <control controlID="E101D131-ECEA-4E0B-B341-38DF6A768019" controlTypeID="Label" x="20" y="292" w="47" h="19" zOrder="11">
      <font family="%E5%BE%AE%E8%BD%AF%E9%9B%85%E9%BB%91" displayName="%E5%BE%AE%E8%BD%AF%E9%9B%85%E9%BB%91" postScript="" weightStyle="Regular" weight="400" isBold="False" isItalic="False"/>
      <text>%E9%99%88%E7%9C%9F%E8%89%B3</text>
      <textColor>4283519313</textColor>
      <lineSpacing>18</lineSpacing>
      <selectedIndex>-1</selectedIndex>
    </control>
    <control controlID="B5875542-91E1-4ED4-BA88-A282E6EDA49B" controlTypeID="Label" x="77" y="292" w="33" h="19" zOrder="12">
      <font family="%E5%BE%AE%E8%BD%AF%E9%9B%85%E9%BB%91" displayName="%E5%BE%AE%E8%BD%AF%E9%9B%85%E9%BB%91" postScript="" weightStyle="Regular" weight="400" isBold="False" isItalic="False"/>
      <text>%E7%BB%95%E7%BF%94</text>
      <textColor>4283519313</textColor>
      <lineSpacing>18</lineSpacing>
      <selectedIndex>-1</selectedIndex>
    </control>
    <control controlID="E756D2B1-F98F-4331-8C3E-D9F1AA7C8396" controlTypeID="Keyboard" x="0" y="402" w="375" h="263" zOrder="13">
      <keyboardType>ktGridNine</keyboardType>
    </control>
    <control controlID="EDD839AE-D60B-4E67-A19F-E660DAB1514B" controlTypeID="Button" x="20" y="342" w="160" h="40" zOrder="14">
      <color>16711680</color>
      <borderColor>4294927923</borderColor>
      <font family="%E5%BE%AE%E8%BD%AF%E9%9B%85%E9%BB%91" displayName="%E5%BE%AE%E8%BD%AF%E9%9B%85%E9%BB%91" postScript="" weightStyle="Regular" weight="400" isBold="False" isItalic="False"/>
      <text>%E5%86%8D%E8%AE%B0%E4%B8%80%E7%AC%94</text>
      <textColor>4294901760</textColor>
      <lineSpacing>18</lineSpacing>
      <selectedIndex>-1</selectedIndex>
    </control>
    <control controlID="AD131262-3AD3-4AED-901B-7EE41CBDDEFF" controlTypeID="Button" x="194" y="342" w="160" h="40" zOrder="15">
      <color>4294927923</color>
      <borderVisible>False</borderVisible>
      <links eventType="AtClick" animate="AmNone" animateAutoDelay="0" animateDuration="500">
        <link targetPageID="F4AE4E13-1303-4685-99EB-64824D18EC9B" linkType="ltPageLink" isApplyIncludePage="False" title="%E6%9C%88%E6%B5%81%E6%B0%B4">
          <area shape="0" alt="" ID="{12C559E1-82F3-482A-A132-D27680B78CD7}" coords="(0,0,160,40)"/>
        </link>
      </links>
      <font family="%E5%BE%AE%E8%BD%AF%E9%9B%85%E9%BB%91" displayName="%E5%BE%AE%E8%BD%AF%E9%9B%85%E9%BB%91" postScript="" weightStyle="Regular" weight="400" isBold="False" isItalic="False"/>
      <text>%E4%BF%9D%E5%AD%98</text>
      <textColor>4294967295</textColor>
      <lineSpacing>18</lineSpacing>
      <selectedIndex>-1</selectedIndex>
    </control>
    <control controlID="7B3D993A-7094-4C4A-9E71-F028EE84A1BB" controlTypeID="Label" x="120" y="292" w="33" h="19" zOrder="16">
      <font family="%E5%BE%AE%E8%BD%AF%E9%9B%85%E9%BB%91" displayName="%E5%BE%AE%E8%BD%AF%E9%9B%85%E9%BB%91" postScript="" weightStyle="Regular" weight="400" isBold="False" isItalic="False"/>
      <text>%E7%BB%95%E7%BF%94</text>
      <textColor>4283519313</textColor>
      <lineSpacing>18</lineSpacing>
      <selectedIndex>-1</selectedIndex>
    </control>
    <control controlID="8311547B-F60A-42CB-ABCC-652F3B72F79E" controlTypeID="Label" x="163" y="292" w="33" h="19" zOrder="17">
      <font family="%E5%BE%AE%E8%BD%AF%E9%9B%85%E9%BB%91" displayName="%E5%BE%AE%E8%BD%AF%E9%9B%85%E9%BB%91" postScript="" weightStyle="Regular" weight="400" isBold="False" isItalic="False"/>
      <text>%E7%BB%95%E7%BF%94</text>
      <textColor>4283519313</textColor>
      <lineSpacing>18</lineSpacing>
      <selectedIndex>-1</selectedIndex>
    </control>
    <control controlID="9EB12DB5-C50F-4C16-A8D3-84966A57486D" controlTypeID="PopupPanel" x="-54" y="284" w="46" h="46" zOrder="18">
      <color>4292335575</color>
      <groupChildrenDescriptors>
        <control controlID="3BAB624F-9A7B-4765-874D-15872746ACCB" controlTypeID="Panel" x="0" y="0" w="375" h="667" zOrder="0">
          <locked>True</locked>
          <color>4292335575</color>
          <borderVisible>False</borderVisible>
          <canMove>False</canMove>
          <alias>background</alias>
          <groupChildrenDescriptors>
            <control controlID="55DFF6DF-A94F-47D5-B794-8AFFEDF1E855" controlTypeID="Border" x="0" y="0" w="375" h="667" zOrder="0">
              <caption>%E8%BE%B9%E6%A1%86</caption>
              <borderVisible>False</borderVisible>
              <alias>borderLayer</alias>
            </control>
          </groupChildrenDescriptors>
          <thinkness>1</thinkness>
        </control>
        <control controlID="0F6E1209-E0AE-4674-8418-5502DC030AD6" controlTypeID="PopupPanelContent" x="0" y="139" w="375" h="560" zOrder="1">
          <color>16777215</color>
          <alias>content</alias>
          <groupChildrenDescriptors>
            <control controlID="F320862B-6FB7-4D6A-A748-1BDE651765BA" controlTypeID="Shape" x="0" y="0" w="375" h="560" zOrder="0">
              <borderVisible>False</borderVisible>
              <font family="%E5%BE%AE%E8%BD%AF%E9%9B%85%E9%BB%91" displayName="%E5%BE%AE%E8%BD%AF%E9%9B%85%E9%BB%91" postScript="" weightStyle="Regular" weight="400" isBold="False" isItalic="False"/>
              <textSize>14</textSize>
              <lineSpacing>18</lineSpacing>
              <selectedIndex>-1</selectedIndex>
            </control>
            <control controlID="55D4B91F-EC5D-4DA5-BFCC-F04F3CE55E35" controlTypeID="Shape" x="0" y="0" w="375" h="40" zOrder="1">
              <color>4294927923</color>
              <borderVisible>False</borderVisible>
              <font family="%E5%BE%AE%E8%BD%AF%E9%9B%85%E9%BB%91" displayName="%E5%BE%AE%E8%BD%AF%E9%9B%85%E9%BB%91" postScript="" weightStyle="Regular" weight="400" isBold="False" isItalic="False"/>
              <text>++++++%E8%B5%84%E4%BA%A7</text>
              <textColor>4294967295</textColor>
              <textSize>14</textSize>
              <textAlign>HaLeft</textAlign>
              <lineSpacing>18</lineSpacing>
              <selectedIndex>-1</selectedIndex>
            </control>
            <control controlID="AFF2A118-5B8A-4198-9507-FA49A1505906" controlTypeID="Shape" x="0" y="160" w="375" h="40" zOrder="2">
              <color>4281584793</color>
              <borderVisible>False</borderVisible>
              <font family="%E5%BE%AE%E8%BD%AF%E9%9B%85%E9%BB%91" displayName="%E5%BE%AE%E8%BD%AF%E9%9B%85%E9%BB%91" postScript="" weightStyle="Regular" weight="400" isBold="False" isItalic="False"/>
              <text>++++++%E6%94%B6%E5%85%A5</text>
              <textColor>4294967295</textColor>
              <textSize>14</textSize>
              <textAlign>HaLeft</textAlign>
              <lineSpacing>18</lineSpacing>
              <selectedIndex>-1</selectedIndex>
            </control>
            <control controlID="12AE89E3-2189-4FB1-9C35-E5DAA741FDA6" controlTypeID="Shape" x="0" y="40" w="375" h="40" zOrder="3">
              <color>4292335575</color>
              <font family="%E5%BE%AE%E8%BD%AF%E9%9B%85%E9%BB%91" displayName="%E5%BE%AE%E8%BD%AF%E9%9B%85%E9%BB%91" postScript="" weightStyle="Regular" weight="400" isBold="False" isItalic="False"/>
              <text>++++++++++++%E5%B7%A5%E5%95%86%E9%93%B6%E8%A1%8C%EF%BC%880855%EF%BC%89</text>
              <textColor>4282598211</textColor>
              <textSize>14</textSize>
              <textAlign>HaLeft</textAlign>
              <lineSpacing>18</lineSpacing>
              <selectedIndex>-1</selectedIndex>
              <borderMode>[bmTop]</borderMode>
            </control>
            <control controlID="423AB1ED-4317-4DF7-9C12-F30468851C03" controlTypeID="Shape" x="0" y="80" w="375" h="40" zOrder="4">
              <color>4292335575</color>
              <font family="%E5%BE%AE%E8%BD%AF%E9%9B%85%E9%BB%91" displayName="%E5%BE%AE%E8%BD%AF%E9%9B%85%E9%BB%91" postScript="" weightStyle="Regular" weight="400" isBold="False" isItalic="False"/>
              <text>++++++++++++%E5%BE%AE%E4%BF%A1%E4%BD%99%E9%A2%9D</text>
              <textColor>4282598211</textColor>
              <textSize>14</textSize>
              <textAlign>HaLeft</textAlign>
              <lineSpacing>18</lineSpacing>
              <selectedIndex>-1</selectedIndex>
              <borderMode>[bmTop]</borderMode>
            </control>
            <control controlID="CC7D891E-7AB7-467D-833E-F63669468E96" controlTypeID="Shape" x="0" y="120" w="375" h="40" zOrder="5">
              <color>4292335575</color>
              <font family="%E5%BE%AE%E8%BD%AF%E9%9B%85%E9%BB%91" displayName="%E5%BE%AE%E8%BD%AF%E9%9B%85%E9%BB%91" postScript="" weightStyle="Regular" weight="400" isBold="False" isItalic="False"/>
              <text>++++++++++++%E7%8E%B0%E9%87%91%E9%92%B1%E5%8C%85</text>
              <textColor>4282598211</textColor>
              <textSize>14</textSize>
              <textAlign>HaLeft</textAlign>
              <lineSpacing>18</lineSpacing>
              <selectedIndex>-1</selectedIndex>
              <borderMode>[bmTop]</borderMode>
            </control>
            <control controlID="28613FFA-DCFD-4757-8851-077700B3B589" controlTypeID="Shape" x="0" y="200" w="375" h="40" zOrder="6">
              <color>4292335575</color>
              <font family="%E5%BE%AE%E8%BD%AF%E9%9B%85%E9%BB%91" displayName="%E5%BE%AE%E8%BD%AF%E9%9B%85%E9%BB%91" postScript="" weightStyle="Regular" weight="400" isBold="False" isItalic="False"/>
              <text>++++++++++++%E5%B7%A5%E8%B5%84</text>
              <textColor>4282598211</textColor>
              <textSize>14</textSize>
              <textAlign>HaLeft</textAlign>
              <lineSpacing>18</lineSpacing>
              <selectedIndex>-1</selectedIndex>
              <borderMode>[bmBottom]</borderMode>
            </control>
            <control controlID="896FFE17-CCEB-413B-A3FD-0E9075D2EC61" controlTypeID="Shape" x="0" y="240" w="375" h="40" zOrder="7">
              <color>4292335575</color>
              <font family="%E5%BE%AE%E8%BD%AF%E9%9B%85%E9%BB%91" displayName="%E5%BE%AE%E8%BD%AF%E9%9B%85%E9%BB%91" postScript="" weightStyle="Regular" weight="400" isBold="False" isItalic="False"/>
              <text>++++++++++++%E5%A5%96%E9%87%91</text>
              <textColor>4282598211</textColor>
              <textSize>14</textSize>
              <textAlign>HaLeft</textAlign>
              <lineSpacing>18</lineSpacing>
              <selectedIndex>-1</selectedIndex>
              <borderMode>[bmLeft,bmRight,bmBottom]</borderMode>
            </control>
            <control controlID="EFAA4E7B-1F7E-4044-9702-4AD43F89FA83" controlTypeID="Shape" x="0" y="280" w="375" h="40" zOrder="8">
              <color>4292335575</color>
              <font family="%E5%BE%AE%E8%BD%AF%E9%9B%85%E9%BB%91" displayName="%E5%BE%AE%E8%BD%AF%E9%9B%85%E9%BB%91" postScript="" weightStyle="Regular" weight="400" isBold="False" isItalic="False"/>
              <text>++++++++++++%E6%8A%95%E8%B5%84%E6%94%B6%E7%9B%8A</text>
              <textColor>4282598211</textColor>
              <textSize>14</textSize>
              <textAlign>HaLeft</textAlign>
              <lineSpacing>18</lineSpacing>
              <selectedIndex>-1</selectedIndex>
              <borderMode>[bmLeft,bmRight,bmBottom]</borderMode>
            </control>
            <control controlID="A1C07D46-4907-45AD-9276-99CF32CB5FD5" controlTypeID="Shape" x="0" y="320" w="375" h="40" zOrder="9">
              <color>4285229931</color>
              <borderVisible>False</borderVisible>
              <font family="%E5%BE%AE%E8%BD%AF%E9%9B%85%E9%BB%91" displayName="%E5%BE%AE%E8%BD%AF%E9%9B%85%E9%BB%91" postScript="" weightStyle="Regular" weight="400" isBold="False" isItalic="False"/>
              <text>++++++%E8%B4%B9%E7%94%A8</text>
              <textColor>4294967295</textColor>
              <textSize>14</textSize>
              <textAlign>HaLeft</textAlign>
              <lineSpacing>18</lineSpacing>
              <selectedIndex>-1</selectedIndex>
            </control>
            <control controlID="7C04E440-E90B-414F-B9B9-15AF2C02C82A" controlTypeID="Shape" x="0" y="360" w="375" h="40" zOrder="10">
              <color>4292335575</color>
              <font family="%E5%BE%AE%E8%BD%AF%E9%9B%85%E9%BB%91" displayName="%E5%BE%AE%E8%BD%AF%E9%9B%85%E9%BB%91" postScript="" weightStyle="Regular" weight="400" isBold="False" isItalic="False"/>
              <text>++++++++++++%E4%B8%89%E9%A4%90</text>
              <textColor>4282598211</textColor>
              <textSize>14</textSize>
              <textAlign>HaLeft</textAlign>
              <lineSpacing>18</lineSpacing>
              <selectedIndex>-1</selectedIndex>
              <borderMode>[bmLeft,bmRight,bmBottom]</borderMode>
            </control>
            <control controlID="8FF4BD64-0881-41E4-8831-CA2EDD394DD4" controlTypeID="Shape" x="0" y="400" w="375" h="40" zOrder="11">
              <color>4292335575</color>
              <font family="%E5%BE%AE%E8%BD%AF%E9%9B%85%E9%BB%91" displayName="%E5%BE%AE%E8%BD%AF%E9%9B%85%E9%BB%91" postScript="" weightStyle="Regular" weight="400" isBold="False" isItalic="False"/>
              <text>++++++++++++%E4%BD%8F%E5%AE%BF%E6%B0%B4%E7%94%B5</text>
              <textColor>4282598211</textColor>
              <textSize>14</textSize>
              <textAlign>HaLeft</textAlign>
              <lineSpacing>18</lineSpacing>
              <selectedIndex>-1</selectedIndex>
              <borderMode>[bmBottom]</borderMode>
            </control>
            <control controlID="D969A964-AF9A-4990-B48E-EDE790DB8159" controlTypeID="Shape" x="0" y="475" w="375" h="40" zOrder="12">
              <color>4292335575</color>
              <font family="%E5%BE%AE%E8%BD%AF%E9%9B%85%E9%BB%91" displayName="%E5%BE%AE%E8%BD%AF%E9%9B%85%E9%BB%91" postScript="" weightStyle="Regular" weight="400" isBold="False" isItalic="False"/>
              <text>++++++++++++%E5%80%9F%E5%85%A5</text>
              <textColor>4282598211</textColor>
              <textSize>14</textSize>
              <textAlign>HaLeft</textAlign>
              <lineSpacing>18</lineSpacing>
              <selectedIndex>-1</selectedIndex>
              <borderMode>[bmLeft,bmRight,bmBottom]</borderMode>
            </control>
            <control controlID="54491F3F-96A4-4E2B-8C84-3E6388FD6032" controlTypeID="Shape" x="0" y="435" w="375" h="40" zOrder="13">
              <color>4285229931</color>
              <borderVisible>False</borderVisible>
              <font family="%E5%BE%AE%E8%BD%AF%E9%9B%85%E9%BB%91" displayName="%E5%BE%AE%E8%BD%AF%E9%9B%85%E9%BB%91" postScript="" weightStyle="Regular" weight="400" isBold="False" isItalic="False"/>
              <text>++++++%E8%B4%9F%E5%80%BA</text>
              <textColor>4294967295</textColor>
              <textSize>14</textSize>
              <textAlign>HaLeft</textAlign>
              <lineSpacing>18</lineSpacing>
              <selectedIndex>-1</selectedIndex>
            </control>
            <control controlID="79219FC1-DB20-4170-94A2-678D4B0218CC" controlTypeID="Shape" x="0" y="515" w="375" h="40" zOrder="14">
              <color>4292335575</color>
              <font family="%E5%BE%AE%E8%BD%AF%E9%9B%85%E9%BB%91" displayName="%E5%BE%AE%E8%BD%AF%E9%9B%85%E9%BB%91" postScript="" weightStyle="Regular" weight="400" isBold="False" isItalic="False"/>
              <text>++++++++++++%E8%B4%B7%E6%AC%BE</text>
              <textColor>4282598211</textColor>
              <textSize>14</textSize>
              <textAlign>HaLeft</textAlign>
              <lineSpacing>18</lineSpacing>
              <selectedIndex>-1</selectedIndex>
              <borderMode>[bmLeft,bmRight,bmBottom]</borderMode>
            </control>
          </groupChildrenDescriptors>
        </control>
      </groupChildrenDescriptors>
    </control>
  </controls>
  <param>
    <backgroundColor>4294967295</backgroundColor>
    <fontSize>0</fontSize>
    <fontFamily/>
    <guideLines>
      <guideLine isLocked="False" isHori="True" value="439"/>
      <guideLine isLocked="False" isHori="True" value="500"/>
      <guideLine isLocked="False" isHori="True" value="462"/>
    </guideLines>
  </param>
</mockup>