﻿<mockup version="5.0" minAllowVersion="5.0" ID="24087468-20EA-41D2-BB7A-79D4BC241D4F" platform="MtMobile" defaultW="375" defaultH="667" measureW="375" measureH="667" screenOrientation="MoPortrait" mobileScreenScale="1.77777779102325" clipArea="(0,0,0,0)">
  <controls controlCount="41">
    <control controlID="D8705D82-147D-4946-BB7C-C7B617A8539C" controlTypeID="Image" x="10" y="83" w="49" h="49" zOrder="0"/>
    <control controlID="211A0586-4E70-4939-A0DB-72DA470D1B6F" controlTypeID="Label" x="114" y="166" w="147" h="27" zOrder="1">
      <font family="%E5%BE%AE%E8%BD%AF%E9%9B%85%E9%BB%91" displayName="%E5%BE%AE%E8%BD%AF%E9%9B%85%E9%BB%91" postScript="" weightStyle="Regular" weight="400" isBold="False" isItalic="False"/>
      <text>%E5%85%A8%E8%B5%84%E4%BA%A7%E8%AE%B0%E8%B4%A6%E5%B7%A5%E5%85%B7</text>
      <textSize>20</textSize>
      <lineSpacing>0</lineSpacing>
      <useDefaultTextSize>False</useDefaultTextSize>
      <selectedIndex>-1</selectedIndex>
    </control>
    <control controlID="33D50A84-D256-4668-BF1C-C68D1C32ED96" controlTypeID="Master" x="0" y="617" w="375" h="50" zOrder="2" masterID="468B7B02-E4B7-4B91-B147-DE0B82B9218A">
      <groupChildrenDescriptors>
        <control controlID="55AC6E0D-E578-42D3-AD55-BA2D7C375E02" controlTypeID="Shape" x="0" y="0" w="375" h="50" zOrder="0">
          <color>2061821156</color>
          <borderColor>4293190884</borderColor>
          <font family="%E5%BE%AE%E8%BD%AF%E9%9B%85%E9%BB%91" displayName="%E5%BE%AE%E8%BD%AF%E9%9B%85%E9%BB%91" postScript="" weightStyle="Regular" weight="400" isBold="False" isItalic="False"/>
          <textSize>14</textSize>
          <selectedIndex>-1</selectedIndex>
          <borderMode>[bmTop]</borderMode>
        </control>
        <control controlID="EA0C76DB-BFB7-4AE5-9E57-41AECD03485A" controlTypeID="Icon" x="20" y="13" w="24" h="24" zOrder="1">
          <color>4278742761</color>
          <icon>
            <ID>Back.png</ID>
            <iconFontName/>
            <iconCode>-1</iconCode>
          </icon>
          <URL>F28A9BD389A405EBE15629DBCBAE4D39.png</URL>
        </control>
        <control controlID="633DEFE8-5DE5-4DAA-93E6-7E32571ECF64" controlTypeID="Icon" x="96" y="13" w="24" h="24" zOrder="2">
          <icon>
            <ID>Gt.png</ID>
            <iconFontName/>
            <iconCode>-1</iconCode>
          </icon>
          <URL>CB45C110EAD5D4B6FE87EACE6DCA921F.png</URL>
        </control>
        <control controlID="268B3157-C136-4F99-AF89-B701DD5ED206" controlTypeID="Icon" x="172" y="13" w="24" h="24" zOrder="3">
          <color>4278742761</color>
          <icon>
            <ID/>
            <iconFontName>jdIonicons</iconFontName>
            <iconCode>62666</iconCode>
          </icon>
          <URL>69343460E9407CF814C54637629A380F.svg</URL>
        </control>
        <control controlID="4F5C6408-7C1D-4E5D-A092-09F25B1AA9CB" controlTypeID="Icon" x="248" y="13" w="24" h="24" zOrder="4">
          <color>4278742761</color>
          <icon>
            <ID/>
            <iconFontName>jdIonicons</iconFontName>
            <iconCode>62439</iconCode>
          </icon>
          <URL>581821C142FFE2C30A1330D052EFFD70.svg</URL>
        </control>
        <control controlID="C3ABDD81-4CF2-48D2-9300-57B22DEBAFA0" controlTypeID="Icon" x="324" y="13" w="24" h="24" zOrder="5">
          <color>4278742761</color>
          <icon>
            <ID/>
            <iconFontName>jdIonicons</iconFontName>
            <iconCode>62593</iconCode>
          </icon>
          <URL>1442791C8160AB432B8A0564B9E0CEDB.svg</URL>
        </control>
      </groupChildrenDescriptors>
    </control>
    <control controlID="373CAA9A-956B-421B-B573-85D148E40863" controlTypeID="Master" x="0" y="0" w="375" h="62" zOrder="3" masterID="A4D000FE-43C3-4E70-A940-DD9DF6D431A5">
      <groupChildrenDescriptors>
        <control controlID="062A3D31-6B90-425A-8DBA-820D4E97054D" controlTypeID="StatusBar(IOS)" x="0" y="0" w="375" h="20" zOrder="0"/>
        <control controlID="6422301C-B272-4E0C-BF12-41740EE465A7" controlTypeID="Shape" x="10" y="30" w="355" h="32" zOrder="1">
          <color>4294111986</color>
          <borderVisible>False</borderVisible>
          <font family="%E5%BE%AE%E8%BD%AF%E9%9B%85%E9%BB%91" displayName="%E5%BE%AE%E8%BD%AF%E9%9B%85%E9%BB%91" postScript="" weightStyle="Regular" weight="400" isBold="False" isItalic="False"/>
          <textSize>14</textSize>
          <selectedIndex>-1</selectedIndex>
          <radius>8</radius>
        </control>
      </groupChildrenDescriptors>
    </control>
    <control controlID="A03B302A-F137-47EC-81E8-B83F5B3EE46A" controlTypeID="TextInput" x="47" y="314" w="282" h="39" zOrder="4">
      <borderColor>4289638062</borderColor>
      <font family="%E5%BE%AE%E8%BD%AF%E9%9B%85%E9%BB%91" displayName="%E5%BE%AE%E8%BD%AF%E9%9B%85%E9%BB%91" postScript="" weightStyle="Regular" weight="400" isBold="False" isItalic="False"/>
      <text>QQ%E5%8F%B7</text>
      <textColor>4289638062</textColor>
      <lineSpacing>0</lineSpacing>
      <selectedIndex>-1</selectedIndex>
      <placeHolder>%E8%BE%93%E5%85%A5%E5%88%9B%E5%BB%BA%E4%BA%BA%E6%98%B5%E7%A7%B0</placeHolder>
    </control>
    <control controlID="4F1A8FBF-9097-4623-B0A7-7CC7B8162C98" controlTypeID="Label" x="52" y="212" w="271" h="19" zOrder="5">
      <font family="%E5%BE%AE%E8%BD%AF%E9%9B%85%E9%BB%91" displayName="%E5%BE%AE%E8%BD%AF%E9%9B%85%E9%BB%91" postScript="" weightStyle="Regular" weight="400" isBold="False" isItalic="False"/>
      <text>%E5%85%A8%E9%9D%A2%E6%8E%8C%E6%8F%A1%E8%B5%84%E4%BA%A7%E5%88%86%E5%B8%83%E5%8A%A8%E6%80%81%EF%BC%8C%E4%BC%98%E5%8C%96%E5%AE%B6%E5%BA%AD%E8%B4%A2%E5%8A%A1%E7%8A%B6%E5%86%B5</text>
      <lineSpacing>0</lineSpacing>
      <selectedIndex>-1</selectedIndex>
    </control>
    <control controlID="2CAAE85E-76AE-4274-9B7E-86534BDAA1C6" controlTypeID="Button" x="47" y="431" w="282" h="39" zOrder="6">
      <color>4294927923</color>
      <borderVisible>False</borderVisible>
      <links eventType="AtClick" animate="AmNone" animateAutoDelay="0" animateDuration="500">
        <link targetPageID="2DBFE65F-640F-4626-B99E-670D36B03712" linkType="ltPageLink" isApplyIncludePage="False" title="%E5%8F%96%E6%98%B5%E7%A7%B0">
          <area shape="0" alt="" ID="{72298975-785F-41CA-9B49-C9651A9B735C}" coords="(0,0,282,39)"/>
        </link>
      </links>
      <font family="%E5%BE%AE%E8%BD%AF%E9%9B%85%E9%BB%91" displayName="%E5%BE%AE%E8%BD%AF%E9%9B%85%E9%BB%91" postScript="" weightStyle="Regular" weight="400" isBold="False" isItalic="False"/>
      <text>%E6%B3%A8+++%E5%86%8C</text>
      <textColor>4294967295</textColor>
      <lineSpacing>0</lineSpacing>
      <selectedIndex>-1</selectedIndex>
      <radius>0</radius>
    </control>
    <control controlID="38FB2829-97C4-4BEE-9E6B-A824149AF074" controlTypeID="TextInput" x="47" y="371" w="282" h="39" zOrder="7">
      <borderColor>4289638062</borderColor>
      <font family="%E5%BE%AE%E8%BD%AF%E9%9B%85%E9%BB%91" displayName="%E5%BE%AE%E8%BD%AF%E9%9B%85%E9%BB%91" postScript="" weightStyle="Regular" weight="400" isBold="False" isItalic="False"/>
      <text>%E5%AF%86%E7%A0%81</text>
      <textColor>4289638062</textColor>
      <lineSpacing>0</lineSpacing>
      <selectedIndex>-1</selectedIndex>
      <placeHolder>%E8%BE%93%E5%85%A5%E5%88%9B%E5%BB%BA%E4%BA%BA%E6%98%B5%E7%A7%B0</placeHolder>
    </control>
    <control controlID="4CC662E6-61AE-470F-B2CC-69EDC85A72A3" controlTypeID="Button" x="47" y="486" w="282" h="39" zOrder="8">
      <color>16737843</color>
      <borderColor>4294927923</borderColor>
      <links eventType="AtClick" animate="AmNone" animateAutoDelay="0" animateDuration="500">
        <link targetPageID="F4AE4E13-1303-4685-99EB-64824D18EC9B" linkType="ltPageLink" isApplyIncludePage="False" title="%E5%87%80%E8%B5%84%E4%BA%A7">
          <area shape="0" alt="" ID="{77F8DFA3-18E0-474C-9C7D-EA7406BA98E3}" coords="(0,0,282,39)"/>
        </link>
      </links>
      <font family="%E5%BE%AE%E8%BD%AF%E9%9B%85%E9%BB%91" displayName="%E5%BE%AE%E8%BD%AF%E9%9B%85%E9%BB%91" postScript="" weightStyle="Regular" weight="400" isBold="False" isItalic="False"/>
      <text>%E7%99%BB+++%E5%BD%95</text>
      <textColor>4294927923</textColor>
      <lineSpacing>0</lineSpacing>
      <selectedIndex>-1</selectedIndex>
      <radius>0</radius>
    </control>
    <control controlID="738E9739-C2DD-4C8E-87B0-8F2478C273C5" controlTypeID="PopupPanel" x="-14" y="527" w="46" h="46" zOrder="9">
      <caption>%E8%B4%A6%E5%8F%B7%E6%9C%89%E8%AF%AF</caption>
      <groupChildrenDescriptors>
        <control controlID="185538EB-D2AC-41B3-836C-85DDCA6D8702" controlTypeID="Panel" x="0" y="0" w="375" h="667" zOrder="0">
          <locked>True</locked>
          <color>1879048192</color>
          <borderVisible>False</borderVisible>
          <canMove>False</canMove>
          <alias>background</alias>
          <groupChildrenDescriptors>
            <control controlID="4BDC31EB-B75B-49E5-8C44-8B095F63B07C" controlTypeID="Border" x="0" y="0" w="375" h="667" zOrder="0">
              <caption>%E8%BE%B9%E6%A1%86</caption>
              <borderVisible>False</borderVisible>
              <alias>borderLayer</alias>
            </control>
          </groupChildrenDescriptors>
          <thinkness>1</thinkness>
        </control>
        <control controlID="43A8386C-F2ED-4DCF-8C9E-0D5F00C173DF" controlTypeID="PopupPanelContent" x="0" y="20" w="375" h="667" zOrder="1">
          <color>16777215</color>
          <alias>content</alias>
          <groupChildrenDescriptors>
            <control controlID="29A9A8DF-4EF6-46F9-9618-39F29357CE86" controlTypeID="ModalScreen" x="0" y="0" w="375" h="667" zOrder="0">
              <color>436207616</color>
            </control>
            <control controlID="CDFF6CA7-DC67-46F3-BDEB-8B6E8E55AE25" controlTypeID="Shape" x="63" y="290" w="250" h="114" zOrder="1">
              <color>2399141888</color>
              <borderVisible>False</borderVisible>
              <font family="%E5%BE%AE%E8%BD%AF%E9%9B%85%E9%BB%91" displayName="%E5%BE%AE%E8%BD%AF%E9%9B%85%E9%BB%91" postScript="" weightStyle="Regular" weight="400" isBold="False" isItalic="False"/>
              <textSize>14</textSize>
              <selectedIndex>-1</selectedIndex>
              <radius>5</radius>
            </control>
            <control controlID="5DF5B146-F09D-4B5A-91A3-671D18405AD8" controlTypeID="Icon" x="176" y="316" w="24" h="24" zOrder="2">
              <color>4294967295</color>
              <icon>
                <ID/>
                <iconFontName>jdIcoFont</iconFontName>
                <iconCode>59013</iconCode>
              </icon>
              <URL>46BE05D6127E6CCC0C8AE92AC3027C63.svg</URL>
            </control>
            <control controlID="A15FDB57-9DD5-463B-9B46-8C3E73C633E3" controlTypeID="Label" x="140" y="355" w="102" h="22" zOrder="3">
              <font family="%E5%BE%AE%E8%BD%AF%E9%9B%85%E9%BB%91" displayName="%E5%BE%AE%E8%BD%AF%E9%9B%85%E9%BB%91" postScript="" weightStyle="Regular" weight="400" isBold="False" isItalic="False"/>
              <text>%E8%B4%A6%E5%8F%B7%E8%BE%93%E5%85%A5%E6%9C%89%E8%AF%AF</text>
              <textColor>4294967295</textColor>
              <textSize>16</textSize>
              <lineSpacing>0</lineSpacing>
              <useDefaultTextSize>False</useDefaultTextSize>
              <selectedIndex>-1</selectedIndex>
            </control>
          </groupChildrenDescriptors>
        </control>
      </groupChildrenDescriptors>
    </control>
    <control controlID="3B5DC8D3-4523-479A-8DD5-EA15E86F407B" controlTypeID="PopupPanel" x="-19" y="386" w="46" h="46" zOrder="10">
      <caption>%E8%B4%A6%E6%88%B7%E8%BF%98%E6%9C%AA%E6%B3%A8%E5%86%8C</caption>
      <groupChildrenDescriptors>
        <control controlID="CC0CF399-C210-467C-8175-5BAA8B7E376C" controlTypeID="Panel" x="0" y="0" w="375" h="667" zOrder="0">
          <locked>True</locked>
          <color>1879048192</color>
          <borderVisible>False</borderVisible>
          <canMove>False</canMove>
          <alias>background</alias>
          <groupChildrenDescriptors>
            <control controlID="EA96756C-3CFB-4452-B68C-E8E35368671B" controlTypeID="Border" x="0" y="0" w="375" h="667" zOrder="0">
              <caption>%E8%BE%B9%E6%A1%86</caption>
              <borderVisible>False</borderVisible>
              <alias>borderLayer</alias>
            </control>
          </groupChildrenDescriptors>
          <thinkness>1</thinkness>
        </control>
        <control controlID="1810A353-1CA9-424D-9685-D2DBCD37C393" controlTypeID="PopupPanelContent" x="0" y="20" w="375" h="667" zOrder="1">
          <color>16777215</color>
          <alias>content</alias>
          <groupChildrenDescriptors>
            <control controlID="F6BECE86-F363-443B-AC0A-868E72210DDF" controlTypeID="ModalScreen" x="0" y="0" w="375" h="667" zOrder="0">
              <color>436207616</color>
            </control>
            <control controlID="E017956B-8C97-41D0-BF00-EB7F17E89C36" controlTypeID="Shape" x="63" y="290" w="250" h="114" zOrder="1">
              <color>2399141888</color>
              <borderVisible>False</borderVisible>
              <font family="%E5%BE%AE%E8%BD%AF%E9%9B%85%E9%BB%91" displayName="%E5%BE%AE%E8%BD%AF%E9%9B%85%E9%BB%91" postScript="" weightStyle="Regular" weight="400" isBold="False" isItalic="False"/>
              <textSize>14</textSize>
              <selectedIndex>-1</selectedIndex>
              <radius>5</radius>
            </control>
            <control controlID="6B936677-45A4-4CC6-AE70-4E89CCAE7917" controlTypeID="Icon" x="176" y="316" w="24" h="24" zOrder="2">
              <color>4294967295</color>
              <icon>
                <ID/>
                <iconFontName>jdIcoFont</iconFontName>
                <iconCode>59013</iconCode>
              </icon>
              <URL>46BE05D6127E6CCC0C8AE92AC3027C63.svg</URL>
            </control>
            <control controlID="F111AF06-237D-44ED-9DC1-AB963376F005" controlTypeID="Label" x="140" y="355" w="102" h="22" zOrder="3">
              <font family="%E5%BE%AE%E8%BD%AF%E9%9B%85%E9%BB%91" displayName="%E5%BE%AE%E8%BD%AF%E9%9B%85%E9%BB%91" postScript="" weightStyle="Regular" weight="400" isBold="False" isItalic="False"/>
              <text>%E8%B4%A6%E5%8F%B7%E5%B0%9A%E6%9C%AA%E6%B3%A8%E5%86%8C</text>
              <textColor>4294967295</textColor>
              <textSize>16</textSize>
              <lineSpacing>0</lineSpacing>
              <useDefaultTextSize>False</useDefaultTextSize>
              <selectedIndex>-1</selectedIndex>
            </control>
          </groupChildrenDescriptors>
        </control>
      </groupChildrenDescriptors>
    </control>
    <control controlID="847563A9-0D3E-44A7-80CD-D87AAD158063" controlTypeID="PopupPanel" x="-14" y="286" w="46" h="46" zOrder="11">
      <caption>%E6%B3%A8%E5%86%8C%E6%88%90%E5%8A%9F</caption>
      <groupChildrenDescriptors>
        <control controlID="F8944D67-46C1-4FE4-B8BB-CD1CC8B367C3" controlTypeID="Panel" x="0" y="0" w="375" h="667" zOrder="0">
          <locked>True</locked>
          <color>1879048192</color>
          <borderVisible>False</borderVisible>
          <canMove>False</canMove>
          <alias>background</alias>
          <groupChildrenDescriptors>
            <control controlID="8ACF8203-0004-4CEA-BCD2-59E5BEEDA5AE" controlTypeID="Border" x="0" y="0" w="375" h="667" zOrder="0">
              <caption>%E8%BE%B9%E6%A1%86</caption>
              <borderVisible>False</borderVisible>
              <alias>borderLayer</alias>
            </control>
          </groupChildrenDescriptors>
          <thinkness>1</thinkness>
        </control>
        <control controlID="95FA9B3C-D56D-4741-B424-245610DE2132" controlTypeID="PopupPanelContent" x="0" y="20" w="375" h="667" zOrder="1">
          <color>16777215</color>
          <alias>content</alias>
          <groupChildrenDescriptors>
            <control controlID="A7916CBD-085F-4EBF-9FA7-38D133431ADD" controlTypeID="ModalScreen" x="0" y="0" w="375" h="667" zOrder="0">
              <color>436207616</color>
            </control>
            <control controlID="4A8476B4-3B2C-4F18-BEB7-B3547169F231" controlTypeID="Shape" x="63" y="290" w="250" h="114" zOrder="1">
              <color>2399141888</color>
              <borderVisible>False</borderVisible>
              <font family="%E5%BE%AE%E8%BD%AF%E9%9B%85%E9%BB%91" displayName="%E5%BE%AE%E8%BD%AF%E9%9B%85%E9%BB%91" postScript="" weightStyle="Regular" weight="400" isBold="False" isItalic="False"/>
              <textSize>14</textSize>
              <selectedIndex>-1</selectedIndex>
              <radius>5</radius>
            </control>
            <control controlID="2B504AD5-EA1F-48CC-B241-FB8C6DB88767" controlTypeID="Icon" x="176" y="316" w="24" h="24" zOrder="2">
              <color>4294967295</color>
              <icon>
                <ID/>
                <iconFontName>jdIcoFont</iconFontName>
                <iconCode>58944</iconCode>
              </icon>
              <URL>68BEDC76835F7CAE3D032878BA8F58B9.svg</URL>
            </control>
            <control controlID="0757BD2C-EC3B-4E4E-9B70-1428A86181C5" controlTypeID="Label" x="154" y="356" w="69" h="22" zOrder="3">
              <font family="%E5%BE%AE%E8%BD%AF%E9%9B%85%E9%BB%91" displayName="%E5%BE%AE%E8%BD%AF%E9%9B%85%E9%BB%91" postScript="" weightStyle="Regular" weight="400" isBold="False" isItalic="False"/>
              <text>%E6%B3%A8%E5%86%8C%E6%88%90%E5%8A%9F</text>
              <textColor>4294967295</textColor>
              <textSize>16</textSize>
              <lineSpacing>0</lineSpacing>
              <useDefaultTextSize>False</useDefaultTextSize>
              <selectedIndex>-1</selectedIndex>
            </control>
          </groupChildrenDescriptors>
        </control>
      </groupChildrenDescriptors>
    </control>
  </controls>
  <param>
    <backgroundColor>4294967295</backgroundColor>
    <fontSize>0</fontSize>
    <fontFamily/>
    <guideLines>
      <guideLine isLocked="False" isHori="True" value="472"/>
      <guideLine isLocked="False" isHori="True" value="480"/>
    </guideLines>
  </param>
</mockup>