﻿<mockup version="5.0" minAllowVersion="5.0" ID="2DBFE65F-640F-4626-B99E-670D36B03712" platform="MtMobile" defaultW="375" defaultH="667" measureW="375" measureH="667" screenOrientation="MoPortrait" mobileScreenScale="1.77777779102325" clipArea="(0,0,0,0)">
  <controls controlCount="22">
    <control controlID="50C3C393-AC4C-492E-9C7D-A934C6284478" controlTypeID="TextInput" x="35" y="277" w="282" h="39" zOrder="0">
      <borderColor>4289638062</borderColor>
      <font family="%E5%BE%AE%E8%BD%AF%E9%9B%85%E9%BB%91" displayName="%E5%BE%AE%E8%BD%AF%E9%9B%85%E9%BB%91" postScript="" weightStyle="Regular" weight="400" isBold="False" isItalic="False"/>
      <text>%E6%98%B5%E7%A7%B0</text>
      <textColor>4289638062</textColor>
      <lineSpacing>0</lineSpacing>
      <selectedIndex>-1</selectedIndex>
      <placeHolder>%E8%BE%93%E5%85%A5%E5%88%9B%E5%BB%BA%E4%BA%BA%E6%98%B5%E7%A7%B0</placeHolder>
    </control>
    <control controlID="2C608F2F-EF62-47EB-9A17-3B81ED0E7A5C" controlTypeID="Label" x="35" y="156" w="152" h="32" zOrder="1">
      <font family="%E5%BE%AE%E8%BD%AF%E9%9B%85%E9%BB%91" displayName="%E5%BE%AE%E8%BD%AF%E9%9B%85%E9%BB%91" postScript="" weightStyle="Regular" weight="400" isBold="False" isItalic="False"/>
      <text>%E8%AE%BE%E7%BD%AE%E4%B8%AA%E6%80%A7%E6%98%B5%E7%A7%B0</text>
      <textColor>4294901760</textColor>
      <textSize>24</textSize>
      <lineSpacing>0</lineSpacing>
      <useDefaultTextSize>False</useDefaultTextSize>
      <selectedIndex>-1</selectedIndex>
    </control>
    <control controlID="E3B62A12-BD5F-4B3A-986A-5340512E8859" controlTypeID="TextArea" x="35" y="198" w="289" h="58" zOrder="2">
      <font family="%E5%BE%AE%E8%BD%AF%E9%9B%85%E9%BB%91" displayName="%E5%BE%AE%E8%BD%AF%E9%9B%85%E9%BB%91" postScript="" weightStyle="Regular" weight="400" isBold="False" isItalic="False"/>
      <text>%E6%94%AF%E6%8C%81%E9%82%80%E8%AF%B7%E6%88%90%E5%91%98%E4%B8%80%E8%B5%B7%E4%BD%BF%E7%94%A8%E8%B4%A6%E6%9C%AC%EF%BC%8C%E5%BB%BA%E8%AE%AE%E5%8F%96%E4%B8%80%E4%B8%AA%E5%A4%A7%E5%AE%B6%E7%86%9F%E6%82%89%E7%9A%84%E6%98%B5%E7%A7%B0%E5%93%A6%EF%BC%81</text>
      <textColor>4283519313</textColor>
      <lineSpacingMultiple>1.29999995231628</lineSpacingMultiple>
      <selectedIndex>-1</selectedIndex>
    </control>
    <control controlID="0EC18365-AACA-418B-A3F0-C6DAAFAC63AB" controlTypeID="Button" x="35" y="360" w="282" h="39" zOrder="3">
      <color>4294927923</color>
      <borderVisible>False</borderVisible>
      <links eventType="AtClick" animate="AmNone" animateAutoDelay="0" animateDuration="500">
        <link targetPageID="F4AE4E13-1303-4685-99EB-64824D18EC9B" linkType="ltPageLink" isApplyIncludePage="False" title="%E6%9C%88%E6%B5%81%E6%B0%B4">
          <area shape="0" alt="" ID="{72298975-785F-41CA-9B49-C9651A9B735C}" coords="(0,0,282,39)"/>
        </link>
      </links>
      <font family="%E5%BE%AE%E8%BD%AF%E9%9B%85%E9%BB%91" displayName="%E5%BE%AE%E8%BD%AF%E9%9B%85%E9%BB%91" postScript="" weightStyle="Regular" weight="400" isBold="False" isItalic="False"/>
      <text>%E7%A1%AE%E8%AE%A4</text>
      <textColor>4294967295</textColor>
      <lineSpacing>0</lineSpacing>
      <selectedIndex>-1</selectedIndex>
      <radius>0</radius>
    </control>
    <control controlID="A28532A5-9199-4C47-96BA-A5B1876BB4B5" controlTypeID="__group__" x="35" y="327" w="147" h="16" zOrder="4">
      <groupChildrenDescriptors>
        <control controlID="37CF2367-D811-4C1D-8CF2-0187E386D46D" controlTypeID="Label" x="16" y="0" w="131" h="16" zOrder="0">
          <font family="%E5%BE%AE%E8%BD%AF%E9%9B%85%E9%BB%91" displayName="%E5%BE%AE%E8%BD%AF%E9%9B%85%E9%BB%91" postScript="" weightStyle="Regular" weight="400" isBold="False" isItalic="False"/>
          <text>%E6%9A%82%E6%97%B6%E4%B8%8D%E6%94%AF%E6%8C%81%E6%9B%B4%E6%94%B9%E6%98%B5%E7%A7%B0%E5%93%A6%EF%BC%81</text>
          <textColor>4288782753</textColor>
          <textSize>12</textSize>
          <lineSpacing>0</lineSpacing>
          <useDefaultTextSize>False</useDefaultTextSize>
          <selectedIndex>-1</selectedIndex>
        </control>
        <control controlID="51795886-7F1F-49BB-BEC4-AC7FFF1E4594" controlTypeID="Icon" x="0" y="2" w="12" h="12" zOrder="1">
          <color>4289638062</color>
          <icon>
            <ID/>
            <iconFontName>jdFontAwesome</iconFontName>
            <iconCode>61546</iconCode>
          </icon>
          <URL>2665ABD4849F931F04DE5C4045874B51.svg</URL>
        </control>
      </groupChildrenDescriptors>
    </control>
    <control controlID="4A0A7FE5-6DB2-44E0-95BA-52052A134D71" controlTypeID="Master" x="0" y="0" w="375" h="62" zOrder="5" masterID="A4D000FE-43C3-4E70-A940-DD9DF6D431A5">
      <groupChildrenDescriptors>
        <control controlID="8B64DC2F-BAE4-4868-A48F-3705EF41BE71" controlTypeID="StatusBar(IOS)" x="0" y="0" w="375" h="20" zOrder="0"/>
        <control controlID="15357B74-5E51-4E2D-9672-E2557DAE061B" controlTypeID="Shape" x="10" y="30" w="355" h="32" zOrder="1">
          <color>4294111986</color>
          <borderVisible>False</borderVisible>
          <font family="%E5%BE%AE%E8%BD%AF%E9%9B%85%E9%BB%91" displayName="%E5%BE%AE%E8%BD%AF%E9%9B%85%E9%BB%91" postScript="" weightStyle="Regular" weight="400" isBold="False" isItalic="False"/>
          <textSize>14</textSize>
          <selectedIndex>-1</selectedIndex>
          <radius>8</radius>
        </control>
      </groupChildrenDescriptors>
    </control>
    <control controlID="EE5F5122-5DC5-4847-8D72-E5B8245D5C03" controlTypeID="Icon" x="10" y="85" w="18" h="18" zOrder="6">
      <color>4294967295</color>
      <icon>
        <ID/>
        <iconFontName>jdIonicons</iconFontName>
        <iconCode>62418</iconCode>
      </icon>
      <URL>91852B86E51F760894554368302F9800.svg</URL>
    </control>
    <control controlID="DD080E2B-9F3E-463A-990D-203B7F75CE3B" controlTypeID="__group__" x="0" y="74" w="375" h="41" zOrder="7">
      <groupChildrenDescriptors>
        <control controlID="B4BE1B9E-CCC8-4A66-817F-BF6938FC0411" controlTypeID="Shape" x="0" y="0" w="375" h="41" zOrder="0">
          <color>4294927923</color>
          <borderVisible>False</borderVisible>
          <font family="%E5%BE%AE%E8%BD%AF%E9%9B%85%E9%BB%91" displayName="%E5%BE%AE%E8%BD%AF%E9%9B%85%E9%BB%91" postScript="" weightStyle="Regular" weight="400" isBold="False" isItalic="False"/>
          <textSize>14</textSize>
          <selectedIndex>-1</selectedIndex>
        </control>
        <control controlID="1A6C3741-D7D2-483B-A4D9-5515958BA127" controlTypeID="Icon" x="10" y="11" w="18" h="18" zOrder="1">
          <color>4294967295</color>
          <icon>
            <ID/>
            <iconFontName>jdIonicons</iconFontName>
            <iconCode>62418</iconCode>
          </icon>
          <URL>91852B86E51F760894554368302F9800.svg</URL>
        </control>
        <control controlID="4A43A4FD-4F44-44AA-A275-3071AC50834C" controlTypeID="Label" x="153" y="9" w="70" h="22" zOrder="2">
          <font family="%E5%BE%AE%E8%BD%AF%E9%9B%85%E9%BB%91" displayName="%E5%BE%AE%E8%BD%AF%E9%9B%85%E9%BB%91" postScript="" weightStyle="Regular" weight="400" isBold="False" isItalic="False"/>
          <text>%E5%8D%97%E7%93%9C%E8%AE%B0%E8%B4%A6</text>
          <textColor>4294967295</textColor>
          <textSize>16</textSize>
          <lineSpacing>0</lineSpacing>
          <useDefaultTextSize>False</useDefaultTextSize>
          <selectedIndex>-1</selectedIndex>
        </control>
      </groupChildrenDescriptors>
    </control>
    <control controlID="3D0B21CA-0CED-4E5C-B83D-58018DDD64E9" controlTypeID="Master" x="0" y="617" w="375" h="50" zOrder="8" masterID="468B7B02-E4B7-4B91-B147-DE0B82B9218A">
      <groupChildrenDescriptors>
        <control controlID="57BA3C1A-2F8A-48FE-8D24-B4D1552875C4" controlTypeID="Shape" x="0" y="0" w="375" h="50" zOrder="0">
          <color>2061821156</color>
          <borderColor>4293190884</borderColor>
          <font family="%E5%BE%AE%E8%BD%AF%E9%9B%85%E9%BB%91" displayName="%E5%BE%AE%E8%BD%AF%E9%9B%85%E9%BB%91" postScript="" weightStyle="Regular" weight="400" isBold="False" isItalic="False"/>
          <textSize>14</textSize>
          <selectedIndex>-1</selectedIndex>
          <borderMode>[bmTop]</borderMode>
        </control>
        <control controlID="57571FA4-BA7D-4480-9697-C04C0187E61B" controlTypeID="Icon" x="20" y="13" w="24" h="24" zOrder="1">
          <color>4278742761</color>
          <icon>
            <ID>Back.png</ID>
            <iconFontName/>
            <iconCode>-1</iconCode>
          </icon>
        </control>
        <control controlID="27A54989-BD2C-47FF-ABF7-1FBDFB94ABAA" controlTypeID="Icon" x="96" y="13" w="24" h="24" zOrder="2">
          <icon>
            <ID>Gt.png</ID>
            <iconFontName/>
            <iconCode>-1</iconCode>
          </icon>
        </control>
        <control controlID="220C541D-2964-4F5F-8E46-50630BA38E7F" controlTypeID="Icon" x="172" y="13" w="24" h="24" zOrder="3">
          <color>4278742761</color>
          <icon>
            <ID/>
            <iconFontName>jdIonicons</iconFontName>
            <iconCode>62666</iconCode>
          </icon>
          <URL>69343460E9407CF814C54637629A380F.svg</URL>
        </control>
        <control controlID="FCDB3444-A4E0-43EB-80CD-BF8B1EA82ACA" controlTypeID="Icon" x="248" y="13" w="24" h="24" zOrder="4">
          <color>4278742761</color>
          <icon>
            <ID/>
            <iconFontName>jdIonicons</iconFontName>
            <iconCode>62439</iconCode>
          </icon>
          <URL>581821C142FFE2C30A1330D052EFFD70.svg</URL>
        </control>
        <control controlID="D922F464-F14E-4B8B-8F29-160825AC6544" controlTypeID="Icon" x="324" y="13" w="24" h="24" zOrder="5">
          <color>4278742761</color>
          <icon>
            <ID/>
            <iconFontName>jdIonicons</iconFontName>
            <iconCode>62593</iconCode>
          </icon>
          <URL>1442791C8160AB432B8A0564B9E0CEDB.svg</URL>
        </control>
      </groupChildrenDescriptors>
    </control>
  </controls>
  <param>
    <backgroundColor>4294967295</backgroundColor>
    <fontSize>0</fontSize>
    <fontFamily/>
    <guideLines/>
  </param>
</mockup>