﻿<mockup version="5.0" minAllowVersion="5.0" ID="35359DFC-B695-46CC-B3A2-2AA687A1EFCF" platform="MtMobile" defaultW="375" defaultH="667" measureW="375" measureH="667" screenOrientation="MoPortrait" mobileScreenScale="1.77777779102325" clipArea="(0,0,0,0)">
  <controls controlCount="18">
    <control controlID="1900F048-74C8-4DF0-B208-0870A28093D6" controlTypeID="TextInput" x="0" y="113" w="375" h="45" zOrder="0">
      <borderVisible>False</borderVisible>
      <font family="%E5%BE%AE%E8%BD%AF%E9%9B%85%E9%BB%91" displayName="%E5%BE%AE%E8%BD%AF%E9%9B%85%E9%BB%91" postScript="" weightStyle="Regular" weight="400" isBold="False" isItalic="False"/>
      <text>%E8%B4%B5%E9%87%91%E5%B1%9E</text>
      <textColor>4279966491</textColor>
      <lineSpacing>0</lineSpacing>
      <selectedIndex>-1</selectedIndex>
    </control>
    <control controlID="F19383EE-0EE6-4A9F-8D8E-10C274C12C39" controlTypeID="StatusBar(IOS)" x="0" y="0" w="375" h="20" zOrder="1"/>
    <control controlID="F5129EE3-C957-4884-8CF2-78415AEB8FA1" controlTypeID="Shape" x="10" y="30" w="355" h="32" zOrder="2">
      <color>4294111986</color>
      <borderVisible>False</borderVisible>
      <font family="%E5%BE%AE%E8%BD%AF%E9%9B%85%E9%BB%91" displayName="%E5%BE%AE%E8%BD%AF%E9%9B%85%E9%BB%91" postScript="" weightStyle="Regular" weight="400" isBold="False" isItalic="False"/>
      <textSize>14</textSize>
      <selectedIndex>-1</selectedIndex>
      <radius>8</radius>
    </control>
    <control controlID="60283B8A-CC8E-4945-AFB3-5C3F2F2FC23F" controlTypeID="Shape" x="0" y="72" w="375" h="41" zOrder="3">
      <color>4294927923</color>
      <borderVisible>False</borderVisible>
      <font family="%E5%BE%AE%E8%BD%AF%E9%9B%85%E9%BB%91" displayName="%E5%BE%AE%E8%BD%AF%E9%9B%85%E9%BB%91" postScript="" weightStyle="Regular" weight="400" isBold="False" isItalic="False"/>
      <textSize>14</textSize>
      <selectedIndex>-1</selectedIndex>
    </control>
    <control controlID="78284290-0E01-4E17-A17D-42CA364206E3" controlTypeID="Icon" x="10" y="83" w="18" h="18" zOrder="4">
      <color>4294967295</color>
      <links eventType="AtClick" animate="AmNone" animateAutoDelay="0" animateDuration="500">
        <link targetPageID="C08BC718-2609-45F6-93DC-0330FDA3096F" linkType="ltPageLink" isApplyIncludePage="False" title="%E8%AE%B0%E4%B8%80%E7%AC%94%E5%B8%90">
          <area shape="0" alt="" ID="{DD594944-F0B0-400B-96B8-513D78F32D0A}" coords="(0,0,18,18)"/>
        </link>
      </links>
      <icon>
        <ID/>
        <iconFontName>jdIonicons</iconFontName>
        <iconCode>62418</iconCode>
      </icon>
      <URL>91852B86E51F760894554368302F9800.svg</URL>
    </control>
    <control controlID="6CE9F0F1-6D3D-499A-9D54-0B595821FF8E" controlTypeID="Label" x="153" y="81" w="70" h="22" zOrder="5">
      <font family="%E5%BE%AE%E8%BD%AF%E9%9B%85%E9%BB%91" displayName="%E5%BE%AE%E8%BD%AF%E9%9B%85%E9%BB%91" postScript="" weightStyle="Regular" weight="400" isBold="False" isItalic="False"/>
      <text>%E5%8D%97%E7%93%9C%E8%AE%B0%E8%B4%A6</text>
      <textColor>4294967295</textColor>
      <textSize>16</textSize>
      <lineSpacing>0</lineSpacing>
      <useDefaultTextSize>False</useDefaultTextSize>
      <selectedIndex>-1</selectedIndex>
    </control>
    <control controlID="19587448-7040-485E-8904-3DFC77F063D8" controlTypeID="Icon" x="331" y="80" w="24" h="24" zOrder="6">
      <color>4294967295</color>
      <links eventType="AtClick" animate="AmNone" animateAutoDelay="0" animateDuration="500">
        <link targetPageID="6F6E2846-2547-4E28-B5E9-9065DDEE083E" linkType="ltPageLink" isApplyIncludePage="False" title="%E6%88%91">
          <area shape="0" alt="" ID="{08AC29CD-838A-43A9-B862-D8C3F0D65315}" coords="(0,0,24,24)"/>
        </link>
      </links>
      <icon>
        <ID/>
        <iconFontName>jdiconfontB</iconFontName>
        <iconCode>59648</iconCode>
      </icon>
      <URL>42CF9E031360EBC09387427849BF6328.svg</URL>
    </control>
    <control controlID="917A1456-3AA8-4198-95E6-0D74DC097985" controlTypeID="Master" x="0" y="617" w="375" h="50" zOrder="7" masterID="468B7B02-E4B7-4B91-B147-DE0B82B9218A">
      <groupChildrenDescriptors>
        <control controlID="D9117F52-2C26-47B1-A325-25E67EFB032A" controlTypeID="Shape" x="0" y="0" w="375" h="50" zOrder="0">
          <color>2061821156</color>
          <borderColor>4293190884</borderColor>
          <font family="%E5%BE%AE%E8%BD%AF%E9%9B%85%E9%BB%91" displayName="%E5%BE%AE%E8%BD%AF%E9%9B%85%E9%BB%91" postScript="" weightStyle="Regular" weight="400" isBold="False" isItalic="False"/>
          <textSize>14</textSize>
          <selectedIndex>-1</selectedIndex>
          <borderMode>[bmTop]</borderMode>
        </control>
        <control controlID="F52999CA-AA0D-4370-89A8-342FFBA0D16C" controlTypeID="Icon" x="20" y="13" w="24" h="24" zOrder="1">
          <color>4278742761</color>
          <icon>
            <ID>Back.png</ID>
            <iconFontName/>
            <iconCode>-1</iconCode>
          </icon>
          <URL>F28A9BD389A405EBE15629DBCBAE4D39.png</URL>
        </control>
        <control controlID="7D51E221-387A-4A54-B8B8-3BD3222D90F4" controlTypeID="Icon" x="96" y="13" w="24" h="24" zOrder="2">
          <icon>
            <ID>Gt.png</ID>
            <iconFontName/>
            <iconCode>-1</iconCode>
          </icon>
          <URL>CB45C110EAD5D4B6FE87EACE6DCA921F.png</URL>
        </control>
        <control controlID="5AB16F0B-F121-4F91-81E3-FEB01F719797" controlTypeID="Icon" x="172" y="13" w="24" h="24" zOrder="3">
          <color>4278742761</color>
          <icon>
            <ID/>
            <iconFontName>jdIonicons</iconFontName>
            <iconCode>62666</iconCode>
          </icon>
          <URL>69343460E9407CF814C54637629A380F.svg</URL>
        </control>
        <control controlID="E58D7310-ED60-4DF7-83B9-7356081F1E90" controlTypeID="Icon" x="248" y="13" w="24" h="24" zOrder="4">
          <color>4278742761</color>
          <icon>
            <ID/>
            <iconFontName>jdIonicons</iconFontName>
            <iconCode>62439</iconCode>
          </icon>
          <URL>581821C142FFE2C30A1330D052EFFD70.svg</URL>
        </control>
        <control controlID="F5FE49C3-4389-4E5B-A7A4-CBD10B5A871E" controlTypeID="Icon" x="324" y="13" w="24" h="24" zOrder="5">
          <color>4278742761</color>
          <icon>
            <ID/>
            <iconFontName>jdIonicons</iconFontName>
            <iconCode>62593</iconCode>
          </icon>
          <URL>1442791C8160AB432B8A0564B9E0CEDB.svg</URL>
        </control>
      </groupChildrenDescriptors>
    </control>
    <control controlID="206401A2-83E2-4DA0-BD71-C00FB425156F" controlTypeID="List" x="0" y="185" w="375" h="155" zOrder="8">
      <borderVisible>False</borderVisible>
      <links eventType="AtClick" animate="AmNone" animateAutoDelay="0" animateDuration="500">
        <link targetPageID="" linkType="ltPageLink" isApplyIncludePage="False" title="%E9%BB%84%E9%87%91A">
          <area shape="0" alt="" ID="{8544B889-5F32-464C-B13B-B149AC4B1FD2}" coords="(0,0,375,45)"/>
        </link>
        <link targetPageID="" linkType="ltPageLink" isApplyIncludePage="False" title="%E9%BB%84%E9%87%91B">
          <area shape="0" alt="" ID="{4C9AEAE5-D698-44BF-A6F5-25B940D96CA6}" coords="(0,45,375,90)"/>
        </link>
        <link targetPageID="35359DFC-B695-46CC-B3A2-2AA687A1EFCF" linkType="ltPageLink" isApplyIncludePage="False" title="%E9%BB%84%E9%87%91C">
          <area shape="0" alt="" ID="{9E3E95E4-4CD5-4CE7-A3D2-D516A8E3F991}" coords="(0,90,375,135)"/>
        </link>
      </links>
      <font family="%E5%BE%AE%E8%BD%AF%E9%9B%85%E9%BB%91" displayName="%E5%BE%AE%E8%BD%AF%E9%9B%85%E9%BB%91" postScript="" weightStyle="Regular" weight="400" isBold="False" isItalic="False"/>
      <text>%E9%BB%84%E9%87%91A%0D%0A%E9%BB%84%E9%87%91B%0D%0A%E9%BB%84%E9%87%91C</text>
      <textSize>14</textSize>
      <lineSpacing>0</lineSpacing>
      <useDefaultTextSize>False</useDefaultTextSize>
      <selectedIndex>2</selectedIndex>
      <selectedColor>4294927923</selectedColor>
      <textPadding>21</textPadding>
      <itemHeight>45</itemHeight>
      <separatorColor>4292335575</separatorColor>
      <showSeparator>True</showSeparator>
      <selectedTextColor>4294967295</selectedTextColor>
    </control>
    <control controlID="BB54A814-C2F5-4EC6-BA19-2AD4EE1D7E23" controlTypeID="Shape" x="0" y="157" w="375" h="29" zOrder="9">
      <color>4294111986</color>
      <borderVisible>False</borderVisible>
      <font family="%E5%BE%AE%E8%BD%AF%E9%9B%85%E9%BB%91" displayName="%E5%BE%AE%E8%BD%AF%E9%9B%85%E9%BB%91" postScript="" weightStyle="Regular" weight="400" isBold="False" isItalic="False"/>
      <text>+++++++%E5%AD%90%E7%B1%BB%E5%90%8D%E7%A7%B0</text>
      <textColor>4285229931</textColor>
      <textSize>14</textSize>
      <textAlign>HaLeft</textAlign>
      <selectedIndex>-1</selectedIndex>
    </control>
    <control controlID="6D0FF02C-969A-4D57-865D-0B67B6076156" controlTypeID="Button" x="27" y="356" w="328" h="40" zOrder="10">
      <color>4294927923</color>
      <borderVisible>False</borderVisible>
      <font family="%E5%BE%AE%E8%BD%AF%E9%9B%85%E9%BB%91" displayName="%E5%BE%AE%E8%BD%AF%E9%9B%85%E9%BB%91" postScript="" weightStyle="Regular" weight="400" isBold="False" isItalic="False"/>
      <text>%E4%BF%9D%E5%AD%98%E8%B4%A6%E6%88%B7</text>
      <textColor>4294967295</textColor>
      <lineSpacing>0</lineSpacing>
      <useDefaultTextSize>False</useDefaultTextSize>
      <selectedIndex>-1</selectedIndex>
      <radius>0</radius>
    </control>
    <control controlID="D95C2D17-6CC2-4F31-91AF-538350DBA813" controlTypeID="Button" x="27" y="413" w="328" h="40" zOrder="11">
      <color>16711680</color>
      <borderColor>4294901760</borderColor>
      <links eventType="AtClick" animate="AmNone" animateAutoDelay="0" animateDuration="500">
        <link targetPageID="5E4999A3-2008-4A7D-A74B-4BD7C31E17D1" linkType="ltPageLink" isApplyIncludePage="False" title="%E6%B7%BB%E5%8A%A0%E8%B4%A6%E6%88%B7%E5%B0%8F%E7%B1%BB">
          <area shape="0" alt="" ID="{14761915-0595-4CEA-B495-9B4EEDD85CA5}" coords="(0,0,328,40)"/>
        </link>
      </links>
      <font family="%E5%BE%AE%E8%BD%AF%E9%9B%85%E9%BB%91" displayName="%E5%BE%AE%E8%BD%AF%E9%9B%85%E9%BB%91" postScript="" weightStyle="Regular" weight="400" isBold="False" isItalic="False"/>
      <text>%E6%B7%BB%E5%8A%A0%E5%AD%90%E7%B1%BB</text>
      <textColor>4294927923</textColor>
      <lineSpacing>0</lineSpacing>
      <useDefaultTextSize>False</useDefaultTextSize>
      <selectedIndex>-1</selectedIndex>
      <radius>0</radius>
    </control>
  </controls>
  <param>
    <backgroundColor>4294967295</backgroundColor>
    <fontSize>0</fontSize>
    <fontFamily/>
    <guideLines/>
  </param>
</mockup>