﻿<mockup version="5.0" minAllowVersion="5.0" ID="F4AE4E13-1303-4685-99EB-64824D18EC9B" platform="MtMobile" defaultW="375" defaultH="667" measureW="375" measureH="818" screenOrientation="MoPortrait" mobileScreenScale="1.77777779102325" clipArea="(0,0,375,768)">
  <controls controlCount="56">
    <control controlID="080C2FDF-D122-49F4-A7AB-8FCD35387438" controlTypeID="Panel" x="0" y="122" w="375" h="525" zOrder="0">
      <borderVisible>False</borderVisible>
      <groupChildrenDescriptors>
        <control controlID="260A5780-2DDA-4CB7-9805-55FE29A7CECD" controlTypeID="Shape" x="0" y="0" w="375" h="136" zOrder="0">
          <color>4278242406</color>
          <borderVisible>False</borderVisible>
          <font family="%E5%BE%AE%E8%BD%AF%E9%9B%85%E9%BB%91" displayName="%E5%BE%AE%E8%BD%AF%E9%9B%85%E9%BB%91" postScript="" weightStyle="Regular" weight="400" isBold="False" isItalic="False"/>
          <textSize>14</textSize>
          <selectedIndex>-1</selectedIndex>
        </control>
        <control controlID="8C8D1208-6316-4AD0-91D8-D85EF0DD76BF" controlTypeID="Label" x="242" y="49" w="60" h="19" zOrder="1">
          <color>4294927923</color>
          <font family="%E5%BE%AE%E8%BD%AF%E9%9B%85%E9%BB%91" displayName="%E5%BE%AE%E8%BD%AF%E9%9B%85%E9%BB%91" postScript="" weightStyle="Regular" weight="400" isBold="False" isItalic="False"/>
          <text>%E6%9C%AC%E6%9C%88%E6%94%AF%E5%87%BA</text>
          <textColor>4294967295</textColor>
          <lineSpacing>0</lineSpacing>
          <selectedIndex>-1</selectedIndex>
        </control>
        <control controlID="18D5127A-5F55-4408-938B-693A38350818" controlTypeID="Label" x="98" y="49" w="144" h="43" zOrder="2">
          <color>16777215</color>
          <font family="%E5%BE%AE%E8%BD%AF%E9%9B%85%E9%BB%91" displayName="%E5%BE%AE%E8%BD%AF%E9%9B%85%E9%BB%91" postScript="" weightStyle="Regular" weight="400" isBold="False" isItalic="False"/>
          <text>%EF%BF%A5500.00</text>
          <textColor>4294967295</textColor>
          <textSize>32</textSize>
          <lineSpacing>0</lineSpacing>
          <useDefaultTextSize>False</useDefaultTextSize>
          <selectedIndex>-1</selectedIndex>
        </control>
        <control controlID="2AECD411-8E91-4969-BCC2-5C99EFEB5DA9" controlTypeID="__group__" x="98" y="20" w="144" h="19" zOrder="3">
          <groupChildrenDescriptors>
            <control controlID="3791EABB-CE84-48E4-B6CB-BF056CE66C64" controlTypeID="Label" x="0" y="0" w="61" h="19" zOrder="0">
              <color>16777215</color>
              <font family="%E5%BE%AE%E8%BD%AF%E9%9B%85%E9%BB%91" displayName="%E5%BE%AE%E8%BD%AF%E9%9B%85%E9%BB%91" postScript="" weightStyle="Regular" weight="400" isBold="False" isItalic="False"/>
              <text>%E6%9C%AC%E6%9C%88%E6%94%B6%E5%85%A5</text>
              <textColor>4294967295</textColor>
              <lineSpacing>0</lineSpacing>
              <selectedIndex>-1</selectedIndex>
            </control>
            <control controlID="A4E416F7-2CC5-4017-A983-3B8B96FD39EA" controlTypeID="Label" x="57" y="0" w="87" h="19" zOrder="1">
              <font family="%E5%BE%AE%E8%BD%AF%E9%9B%85%E9%BB%91" displayName="%E5%BE%AE%E8%BD%AF%E9%9B%85%E9%BB%91+Bold" postScript="" weightStyle="Bold" weight="700" isBold="True" isItalic="False"/>
              <text>%EF%BF%A510%2C000.00</text>
              <textColor>4294967295</textColor>
              <lineSpacing>0</lineSpacing>
              <textStyles>[fsBold]</textStyles>
              <selectedIndex>-1</selectedIndex>
            </control>
          </groupChildrenDescriptors>
        </control>
        <control controlID="2A18DA0B-E317-41E8-942C-BEF0DA47B0B1" controlTypeID="__group__" x="98" y="102" w="140" h="19" zOrder="4">
          <groupChildrenDescriptors>
            <control controlID="18EFFBCF-98E8-4187-B56B-E945CBECD844" controlTypeID="Label" x="0" y="0" w="61" h="19" zOrder="0">
              <color>16777215</color>
              <font family="%E5%BE%AE%E8%BD%AF%E9%9B%85%E9%BB%91" displayName="%E5%BE%AE%E8%BD%AF%E9%9B%85%E9%BB%91" postScript="" weightStyle="Regular" weight="400" isBold="False" isItalic="False"/>
              <text>%E5%89%A9%E4%BD%99%E9%A2%84%E7%AE%97</text>
              <textColor>4294967295</textColor>
              <lineSpacing>0</lineSpacing>
              <selectedIndex>-1</selectedIndex>
            </control>
            <control controlID="B1D98FF6-1D38-4570-905D-71D0462DEE1A" controlTypeID="Label" x="57" y="0" w="83" h="19" zOrder="1">
              <font family="%E5%BE%AE%E8%BD%AF%E9%9B%85%E9%BB%91" displayName="%E5%BE%AE%E8%BD%AF%E9%9B%85%E9%BB%91+Bold" postScript="" weightStyle="Bold" weight="700" isBold="True" isItalic="False"/>
              <text>+%EF%BF%A51%2C000.00</text>
              <textColor>4294967295</textColor>
              <lineSpacing>0</lineSpacing>
              <textStyles>[fsBold]</textStyles>
              <selectedIndex>-1</selectedIndex>
            </control>
          </groupChildrenDescriptors>
        </control>
        <control controlID="30E83EF8-AC4F-46E3-BC7A-95454FE5F7E1" controlTypeID="Border" x="0" y="0" w="375" h="525" zOrder="5">
          <caption>%E8%BE%B9%E6%A1%86</caption>
          <borderVisible>False</borderVisible>
          <alias>borderLayer</alias>
        </control>
      </groupChildrenDescriptors>
      <thinkness>1</thinkness>
    </control>
    <control controlID="318A7B11-EE57-4D58-935E-FEF74840B812" controlTypeID="StatusBar(IOS)" x="0" y="0" w="375" h="20" zOrder="1"/>
    <control controlID="71C85305-D2A4-411D-A338-51CAF0C648D6" controlTypeID="Shape" x="10" y="30" w="355" h="32" zOrder="2">
      <color>4294111986</color>
      <borderVisible>False</borderVisible>
      <font family="%E5%BE%AE%E8%BD%AF%E9%9B%85%E9%BB%91" displayName="%E5%BE%AE%E8%BD%AF%E9%9B%85%E9%BB%91" postScript="" weightStyle="Regular" weight="400" isBold="False" isItalic="False"/>
      <textSize>14</textSize>
      <selectedIndex>-1</selectedIndex>
      <radius>8</radius>
    </control>
    <control controlID="F914713C-A825-495F-BB64-F515E62D0EE6" controlTypeID="Tabs" x="0" y="71" w="375" h="48" zOrder="3">
      <color>1089663730</color>
      <borderColor>4294111986</borderColor>
      <links eventType="AtClick" animate="AmNone" animateAutoDelay="0" animateDuration="500">
        <link targetPageID="4159F69A-F6A2-48B8-A474-0A2104B85BF1" linkType="ltPageLink" isApplyIncludePage="False" title="%E6%9C%88%E6%B5%81%E6%B0%B4">
          <area shape="0" alt="" ID="{75A5253B-475F-4D54-8B06-402543955D20}" coords="(0,0,186.5,48)"/>
        </link>
        <link targetPageID="0011340D-AE6E-4627-8772-4F3D45F7B825" linkType="ltPageLink" isApplyIncludePage="False" title="%E5%87%80%E8%B5%84%E4%BA%A7">
          <area shape="0" alt="" ID="{F2FB080F-5AAF-4A2F-BE24-D729A4A78244}" coords="(187.5,0,374,48)"/>
        </link>
      </links>
      <font family="%E5%BE%AE%E8%BD%AF%E9%9B%85%E9%BB%91" displayName="%E5%BE%AE%E8%BD%AF%E9%9B%85%E9%BB%91" postScript="" weightStyle="Regular" weight="400" isBold="False" isItalic="False"/>
      <text>%E6%9C%88%E6%B5%81%E6%B0%B4%2C%E5%87%80%E8%B5%84%E4%BA%A7</text>
      <textSize>14</textSize>
      <lineSpacing>0</lineSpacing>
      <selectedColor>4294927923</selectedColor>
      <dividerPercentHeight>30</dividerPercentHeight>
      <dividerColor>4294967295</dividerColor>
      <selectedTextColor>4294927923</selectedTextColor>
    </control>
    <control controlID="51EA96C1-8D19-43CB-887B-8D64F14BD587" controlTypeID="Line" x="2" y="73" w="371" h="1" zOrder="4">
      <color>4294111986</color>
      <font family="%E5%BE%AE%E8%BD%AF%E9%9B%85%E9%BB%91" displayName="%E5%BE%AE%E8%BD%AF%E9%9B%85%E9%BB%91" postScript="" weightStyle="Regular" weight="400" isBold="False" isItalic="False"/>
      <textColor>4293190884</textColor>
      <textSize>14</textSize>
      <lineSpacing>0</lineSpacing>
      <selectedIndex>-1</selectedIndex>
      <controlPoint>(186,0)</controlPoint>
      <startPoint>(0,0)</startPoint>
      <endPoint>(371,0)</endPoint>
    </control>
    <control controlID="5CC31239-FEAD-4EAE-A573-0D45A1783B03" controlTypeID="Button" x="16" y="281" w="328" h="40" zOrder="5">
      <color>4294927923</color>
      <borderVisible>False</borderVisible>
      <links eventType="AtClick" animate="AmNone" animateAutoDelay="0" animateDuration="500">
        <link targetPageID="" linkType="ltPageLink" isApplyIncludePage="False" title="%E8%AE%B0%E4%B8%80%E7%AC%94%E5%B8%90">
          <area shape="0" alt="" ID="{14761915-0595-4CEA-B495-9B4EEDD85CA5}" coords="(0,0,328,40)"/>
        </link>
      </links>
      <font family="%E5%BE%AE%E8%BD%AF%E9%9B%85%E9%BB%91" displayName="%E5%BE%AE%E8%BD%AF%E9%9B%85%E9%BB%91" postScript="" weightStyle="Regular" weight="400" isBold="False" isItalic="False"/>
      <text>%2B+%E8%AE%B0%E4%B8%80%E7%AC%94%E5%B8%90</text>
      <textColor>4294967295</textColor>
      <lineSpacing>0</lineSpacing>
      <useDefaultTextSize>False</useDefaultTextSize>
      <selectedIndex>-1</selectedIndex>
    </control>
    <control controlID="6643B3DF-5FDF-44BB-A681-9D99041258B8" controlTypeID="Shape" x="0" y="335" w="375" h="37" zOrder="6">
      <color>15921906</color>
      <borderColor>4292335575</borderColor>
      <font family="%E5%BE%AE%E8%BD%AF%E9%9B%85%E9%BB%91" displayName="%E5%BE%AE%E8%BD%AF%E9%9B%85%E9%BB%91+Bold" postScript="" weightStyle="Bold" weight="700" isBold="True" isItalic="False"/>
      <textSize>14</textSize>
      <textStyles>[fsBold]</textStyles>
      <selectedIndex>-1</selectedIndex>
      <borderMode>[bmBottom]</borderMode>
    </control>
    <control controlID="A669DA59-C867-4F32-B0F8-B6309050C8D9" controlTypeID="Label" x="10" y="344" w="100" h="19" zOrder="7">
      <font family="%E5%BE%AE%E8%BD%AF%E9%9B%85%E9%BB%91" displayName="%E5%BE%AE%E8%BD%AF%E9%9B%85%E9%BB%91+Bold" postScript="" weightStyle="Bold" weight="700" isBold="True" isItalic="False"/>
      <text>11%E6%9C%8810%E6%97%A5+%E4%BB%8A%E5%A4%A9</text>
      <textColor>4280821800</textColor>
      <lineSpacing>0</lineSpacing>
      <textStyles>[fsBold]</textStyles>
      <selectedIndex>-1</selectedIndex>
    </control>
    <control controlID="4D6A7BED-B6D3-4428-BCFC-B2334F403D8A" controlTypeID="__group__" x="0" y="363" w="375" h="68" zOrder="8">
      <groupChildrenDescriptors>
        <control controlID="5C2B0BC2-A23D-4857-8A2E-CF9B75358920" controlTypeID="Shape" x="0" y="0" w="375" h="68" zOrder="0">
          <color>15921906</color>
          <borderColor>4292335575</borderColor>
          <font family="%E5%BE%AE%E8%BD%AF%E9%9B%85%E9%BB%91" displayName="%E5%BE%AE%E8%BD%AF%E9%9B%85%E9%BB%91" postScript="" weightStyle="Regular" weight="400" isBold="False" isItalic="False"/>
          <textSize>14</textSize>
          <selectedIndex>-1</selectedIndex>
          <borderMode>[bmBottom]</borderMode>
        </control>
        <control controlID="90E82263-196F-420B-AF13-0EDD9CE71276" controlTypeID="Label" x="11" y="16" w="162" h="18" zOrder="1">
          <font family="%E5%BE%AE%E8%BD%AF%E9%9B%85%E9%BB%91" displayName="%E5%BE%AE%E8%BD%AF%E9%9B%85%E9%BB%91" postScript="" weightStyle="Regular" weight="400" isBold="False" isItalic="False"/>
          <text>%E5%B7%A5%E5%95%86%E9%93%B6%E8%A1%8C%EF%BC%880855%EF%BC%89%3E%E5%85%AC%E4%BA%A4%E5%8D%A1</text>
          <textSize>13</textSize>
          <lineSpacing>0</lineSpacing>
          <useDefaultTextSize>False</useDefaultTextSize>
          <selectedIndex>-1</selectedIndex>
        </control>
        <control controlID="C6805725-7E4B-4CBE-9B21-515932845437" controlTypeID="Label" x="303" y="17" w="59" h="18" zOrder="2">
          <font family="%E5%BE%AE%E8%BD%AF%E9%9B%85%E9%BB%91" displayName="%E5%BE%AE%E8%BD%AF%E9%9B%85%E9%BB%91" postScript="" weightStyle="Regular" weight="400" isBold="False" isItalic="False"/>
          <text>%EF%BF%A5300.00</text>
          <textSize>13</textSize>
          <lineSpacing>0</lineSpacing>
          <useDefaultTextSize>False</useDefaultTextSize>
          <selectedIndex>-1</selectedIndex>
        </control>
        <control controlID="956D1615-3DFF-4C01-9949-CC04A52EDD5C" controlTypeID="Label" x="319" y="40" w="40" h="16" zOrder="3">
          <font family="%E5%BE%AE%E8%BD%AF%E9%9B%85%E9%BB%91" displayName="%E5%BE%AE%E8%BD%AF%E9%9B%85%E9%BB%91" postScript="" weightStyle="Regular" weight="400" isBold="False" isItalic="False"/>
          <text>%E9%99%88%E7%9C%9F%E8%89%B3</text>
          <textColor>4284374622</textColor>
          <textSize>12</textSize>
          <lineSpacing>0</lineSpacing>
          <useDefaultTextSize>False</useDefaultTextSize>
          <selectedIndex>-1</selectedIndex>
        </control>
        <control controlID="5188967F-A268-4E88-9592-542D064FBCA3" controlTypeID="Label" x="14" y="40" w="61" h="16" zOrder="4">
          <font family="%E5%BE%AE%E8%BD%AF%E9%9B%85%E9%BB%91" displayName="%E5%BE%AE%E8%BD%AF%E9%9B%85%E9%BB%91" postScript="" weightStyle="Regular" weight="400" isBold="False" isItalic="False"/>
          <text>%E4%BD%99%E9%A2%9D350%E5%85%83</text>
          <textColor>4284374622</textColor>
          <textSize>12</textSize>
          <lineSpacing>0</lineSpacing>
          <useDefaultTextSize>False</useDefaultTextSize>
          <selectedIndex>-1</selectedIndex>
        </control>
      </groupChildrenDescriptors>
    </control>
    <control controlID="C233343F-D5E8-481E-8502-1E3A80CFE67A" controlTypeID="Label" x="291" y="343" w="74" h="19" zOrder="9">
      <font family="%E5%BE%AE%E8%BD%AF%E9%9B%85%E9%BB%91" displayName="%E5%BE%AE%E8%BD%AF%E9%9B%85%E9%BB%91" postScript="" weightStyle="Regular" weight="400" isBold="False" isItalic="False"/>
      <text>%E6%9F%A5%E7%9C%8B%E5%85%A8%E9%83%A8+%3E</text>
      <textColor>4294927923</textColor>
      <lineSpacing>0</lineSpacing>
      <selectedIndex>-1</selectedIndex>
    </control>
    <control controlID="F3D7DEA7-7F31-4767-83E4-6985C04FFBB7" controlTypeID="__group__" x="0" y="431" w="375" h="68" zOrder="10">
      <groupChildrenDescriptors>
        <control controlID="C96A04AF-AB5B-48C4-B2CD-524C33330671" controlTypeID="Shape" x="0" y="0" w="375" h="68" zOrder="0">
          <color>15921906</color>
          <borderColor>4292335575</borderColor>
          <font family="%E5%BE%AE%E8%BD%AF%E9%9B%85%E9%BB%91" displayName="%E5%BE%AE%E8%BD%AF%E9%9B%85%E9%BB%91" postScript="" weightStyle="Regular" weight="400" isBold="False" isItalic="False"/>
          <textSize>14</textSize>
          <selectedIndex>-1</selectedIndex>
          <borderMode>[bmBottom]</borderMode>
        </control>
        <control controlID="344ABEA5-B4F4-466A-A2BB-49A252425587" controlTypeID="Label" x="11" y="16" w="162" h="18" zOrder="1">
          <font family="%E5%BE%AE%E8%BD%AF%E9%9B%85%E9%BB%91" displayName="%E5%BE%AE%E8%BD%AF%E9%9B%85%E9%BB%91" postScript="" weightStyle="Regular" weight="400" isBold="False" isItalic="False"/>
          <text>%E5%B7%A5%E5%95%86%E9%93%B6%E8%A1%8C%EF%BC%880855%EF%BC%89%3E%E5%85%AC%E4%BA%A4%E5%8D%A1</text>
          <textSize>13</textSize>
          <lineSpacing>0</lineSpacing>
          <useDefaultTextSize>False</useDefaultTextSize>
          <selectedIndex>-1</selectedIndex>
        </control>
        <control controlID="3DA1CB6A-EA6A-4070-BFC3-96298B9DF10E" controlTypeID="Label" x="303" y="17" w="59" h="18" zOrder="2">
          <font family="%E5%BE%AE%E8%BD%AF%E9%9B%85%E9%BB%91" displayName="%E5%BE%AE%E8%BD%AF%E9%9B%85%E9%BB%91" postScript="" weightStyle="Regular" weight="400" isBold="False" isItalic="False"/>
          <text>%EF%BF%A5300.00</text>
          <textSize>13</textSize>
          <lineSpacing>0</lineSpacing>
          <useDefaultTextSize>False</useDefaultTextSize>
          <selectedIndex>-1</selectedIndex>
        </control>
        <control controlID="1478167B-CF75-4505-86A7-4A9E2ED03D6D" controlTypeID="Label" x="319" y="40" w="40" h="16" zOrder="3">
          <font family="%E5%BE%AE%E8%BD%AF%E9%9B%85%E9%BB%91" displayName="%E5%BE%AE%E8%BD%AF%E9%9B%85%E9%BB%91" postScript="" weightStyle="Regular" weight="400" isBold="False" isItalic="False"/>
          <text>%E9%99%88%E7%9C%9F%E8%89%B3</text>
          <textColor>4284374622</textColor>
          <textSize>12</textSize>
          <lineSpacing>0</lineSpacing>
          <useDefaultTextSize>False</useDefaultTextSize>
          <selectedIndex>-1</selectedIndex>
        </control>
        <control controlID="3E62B466-8269-4630-BCBB-FA4D8C33330F" controlTypeID="Label" x="14" y="40" w="61" h="16" zOrder="4">
          <font family="%E5%BE%AE%E8%BD%AF%E9%9B%85%E9%BB%91" displayName="%E5%BE%AE%E8%BD%AF%E9%9B%85%E9%BB%91" postScript="" weightStyle="Regular" weight="400" isBold="False" isItalic="False"/>
          <text>%E4%BD%99%E9%A2%9D350%E5%85%83</text>
          <textColor>4284374622</textColor>
          <textSize>12</textSize>
          <lineSpacing>0</lineSpacing>
          <useDefaultTextSize>False</useDefaultTextSize>
          <selectedIndex>-1</selectedIndex>
        </control>
      </groupChildrenDescriptors>
    </control>
    <control controlID="E4F12AF1-75CF-463D-B487-9FA773634CD6" controlTypeID="__group__" x="0" y="499" w="375" h="68" zOrder="11">
      <groupChildrenDescriptors>
        <control controlID="6F07080C-53AE-4361-9018-2E5DC91B0ED8" controlTypeID="Shape" x="0" y="0" w="375" h="68" zOrder="0">
          <color>15921906</color>
          <borderColor>4292335575</borderColor>
          <font family="%E5%BE%AE%E8%BD%AF%E9%9B%85%E9%BB%91" displayName="%E5%BE%AE%E8%BD%AF%E9%9B%85%E9%BB%91" postScript="" weightStyle="Regular" weight="400" isBold="False" isItalic="False"/>
          <textSize>14</textSize>
          <selectedIndex>-1</selectedIndex>
          <borderMode>[bmBottom]</borderMode>
        </control>
        <control controlID="0B27FBCE-DB1A-4C4B-866B-472BC161B6CD" controlTypeID="Label" x="11" y="16" w="162" h="18" zOrder="1">
          <font family="%E5%BE%AE%E8%BD%AF%E9%9B%85%E9%BB%91" displayName="%E5%BE%AE%E8%BD%AF%E9%9B%85%E9%BB%91" postScript="" weightStyle="Regular" weight="400" isBold="False" isItalic="False"/>
          <text>%E5%B7%A5%E5%95%86%E9%93%B6%E8%A1%8C%EF%BC%880855%EF%BC%89%3E%E5%85%AC%E4%BA%A4%E5%8D%A1</text>
          <textSize>13</textSize>
          <lineSpacing>0</lineSpacing>
          <useDefaultTextSize>False</useDefaultTextSize>
          <selectedIndex>-1</selectedIndex>
        </control>
        <control controlID="AA6A3AC4-687E-4839-99C9-B7CDFE71C6A2" controlTypeID="Label" x="303" y="17" w="59" h="18" zOrder="2">
          <font family="%E5%BE%AE%E8%BD%AF%E9%9B%85%E9%BB%91" displayName="%E5%BE%AE%E8%BD%AF%E9%9B%85%E9%BB%91" postScript="" weightStyle="Regular" weight="400" isBold="False" isItalic="False"/>
          <text>%EF%BF%A5300.00</text>
          <textSize>13</textSize>
          <lineSpacing>0</lineSpacing>
          <useDefaultTextSize>False</useDefaultTextSize>
          <selectedIndex>-1</selectedIndex>
        </control>
        <control controlID="DC8426F0-53F2-43C1-9345-F71691ACE84A" controlTypeID="Label" x="319" y="40" w="40" h="16" zOrder="3">
          <font family="%E5%BE%AE%E8%BD%AF%E9%9B%85%E9%BB%91" displayName="%E5%BE%AE%E8%BD%AF%E9%9B%85%E9%BB%91" postScript="" weightStyle="Regular" weight="400" isBold="False" isItalic="False"/>
          <text>%E9%99%88%E7%9C%9F%E8%89%B3</text>
          <textColor>4284374622</textColor>
          <textSize>12</textSize>
          <lineSpacing>0</lineSpacing>
          <useDefaultTextSize>False</useDefaultTextSize>
          <selectedIndex>-1</selectedIndex>
        </control>
        <control controlID="C98F87E0-2094-41A2-9677-53107FAFD7F6" controlTypeID="Label" x="14" y="40" w="61" h="16" zOrder="4">
          <font family="%E5%BE%AE%E8%BD%AF%E9%9B%85%E9%BB%91" displayName="%E5%BE%AE%E8%BD%AF%E9%9B%85%E9%BB%91" postScript="" weightStyle="Regular" weight="400" isBold="False" isItalic="False"/>
          <text>%E4%BD%99%E9%A2%9D350%E5%85%83</text>
          <textColor>4284374622</textColor>
          <textSize>12</textSize>
          <lineSpacing>0</lineSpacing>
          <useDefaultTextSize>False</useDefaultTextSize>
          <selectedIndex>-1</selectedIndex>
        </control>
      </groupChildrenDescriptors>
    </control>
    <control controlID="F7C641EA-6339-4548-B178-19687710F715" controlTypeID="__group__" x="0" y="567" w="375" h="68" zOrder="12">
      <groupChildrenDescriptors>
        <control controlID="D6E9EFA1-4EED-420C-875D-A2F6A0C94DE6" controlTypeID="Shape" x="0" y="0" w="375" h="68" zOrder="0">
          <color>15921906</color>
          <borderColor>4292335575</borderColor>
          <font family="%E5%BE%AE%E8%BD%AF%E9%9B%85%E9%BB%91" displayName="%E5%BE%AE%E8%BD%AF%E9%9B%85%E9%BB%91" postScript="" weightStyle="Regular" weight="400" isBold="False" isItalic="False"/>
          <textSize>14</textSize>
          <selectedIndex>-1</selectedIndex>
          <borderMode>[bmBottom]</borderMode>
        </control>
        <control controlID="AABA09EA-7379-4C3A-8910-B43CAD6E40A6" controlTypeID="Label" x="11" y="16" w="162" h="18" zOrder="1">
          <font family="%E5%BE%AE%E8%BD%AF%E9%9B%85%E9%BB%91" displayName="%E5%BE%AE%E8%BD%AF%E9%9B%85%E9%BB%91" postScript="" weightStyle="Regular" weight="400" isBold="False" isItalic="False"/>
          <text>%E5%B7%A5%E5%95%86%E9%93%B6%E8%A1%8C%EF%BC%880855%EF%BC%89%3E%E5%85%AC%E4%BA%A4%E5%8D%A1</text>
          <textSize>13</textSize>
          <lineSpacing>0</lineSpacing>
          <useDefaultTextSize>False</useDefaultTextSize>
          <selectedIndex>-1</selectedIndex>
        </control>
        <control controlID="FD0DF8A5-CC4C-4765-8B43-2B83B6AAF4B1" controlTypeID="Label" x="303" y="17" w="59" h="18" zOrder="2">
          <font family="%E5%BE%AE%E8%BD%AF%E9%9B%85%E9%BB%91" displayName="%E5%BE%AE%E8%BD%AF%E9%9B%85%E9%BB%91" postScript="" weightStyle="Regular" weight="400" isBold="False" isItalic="False"/>
          <text>%EF%BF%A5300.00</text>
          <textSize>13</textSize>
          <lineSpacing>0</lineSpacing>
          <useDefaultTextSize>False</useDefaultTextSize>
          <selectedIndex>-1</selectedIndex>
        </control>
        <control controlID="F7DCB2D1-5192-4DF2-9C4B-1BD15BB49A0A" controlTypeID="Label" x="319" y="40" w="40" h="16" zOrder="3">
          <font family="%E5%BE%AE%E8%BD%AF%E9%9B%85%E9%BB%91" displayName="%E5%BE%AE%E8%BD%AF%E9%9B%85%E9%BB%91" postScript="" weightStyle="Regular" weight="400" isBold="False" isItalic="False"/>
          <text>%E9%99%88%E7%9C%9F%E8%89%B3</text>
          <textColor>4284374622</textColor>
          <textSize>12</textSize>
          <lineSpacing>0</lineSpacing>
          <useDefaultTextSize>False</useDefaultTextSize>
          <selectedIndex>-1</selectedIndex>
        </control>
        <control controlID="E31D2789-86CF-4DE9-BF68-428BC468B819" controlTypeID="Label" x="14" y="40" w="61" h="16" zOrder="4">
          <font family="%E5%BE%AE%E8%BD%AF%E9%9B%85%E9%BB%91" displayName="%E5%BE%AE%E8%BD%AF%E9%9B%85%E9%BB%91" postScript="" weightStyle="Regular" weight="400" isBold="False" isItalic="False"/>
          <text>%E4%BD%99%E9%A2%9D350%E5%85%83</text>
          <textColor>4284374622</textColor>
          <textSize>12</textSize>
          <lineSpacing>0</lineSpacing>
          <useDefaultTextSize>False</useDefaultTextSize>
          <selectedIndex>-1</selectedIndex>
        </control>
      </groupChildrenDescriptors>
    </control>
    <control controlID="FF900BBB-489E-4B81-9FD9-644D23DB203A" controlTypeID="__group__" x="0" y="635" w="375" h="68" zOrder="13">
      <groupChildrenDescriptors>
        <control controlID="ED52A872-9A9F-4B6D-820C-B81B6580199D" controlTypeID="Shape" x="0" y="0" w="375" h="68" zOrder="0">
          <color>15921906</color>
          <borderColor>4292335575</borderColor>
          <font family="%E5%BE%AE%E8%BD%AF%E9%9B%85%E9%BB%91" displayName="%E5%BE%AE%E8%BD%AF%E9%9B%85%E9%BB%91" postScript="" weightStyle="Regular" weight="400" isBold="False" isItalic="False"/>
          <textSize>14</textSize>
          <selectedIndex>-1</selectedIndex>
          <borderMode>[bmBottom]</borderMode>
        </control>
        <control controlID="40A41689-0976-4FAD-A29B-EE5312D5A89F" controlTypeID="Label" x="11" y="16" w="162" h="18" zOrder="1">
          <font family="%E5%BE%AE%E8%BD%AF%E9%9B%85%E9%BB%91" displayName="%E5%BE%AE%E8%BD%AF%E9%9B%85%E9%BB%91" postScript="" weightStyle="Regular" weight="400" isBold="False" isItalic="False"/>
          <text>%E5%B7%A5%E5%95%86%E9%93%B6%E8%A1%8C%EF%BC%880855%EF%BC%89%3E%E5%85%AC%E4%BA%A4%E5%8D%A1</text>
          <textSize>13</textSize>
          <lineSpacing>0</lineSpacing>
          <useDefaultTextSize>False</useDefaultTextSize>
          <selectedIndex>-1</selectedIndex>
        </control>
        <control controlID="C497C714-E88B-48B1-92EB-5ED7E2053E9E" controlTypeID="Label" x="303" y="17" w="59" h="18" zOrder="2">
          <font family="%E5%BE%AE%E8%BD%AF%E9%9B%85%E9%BB%91" displayName="%E5%BE%AE%E8%BD%AF%E9%9B%85%E9%BB%91" postScript="" weightStyle="Regular" weight="400" isBold="False" isItalic="False"/>
          <text>%EF%BF%A5300.00</text>
          <textSize>13</textSize>
          <lineSpacing>0</lineSpacing>
          <useDefaultTextSize>False</useDefaultTextSize>
          <selectedIndex>-1</selectedIndex>
        </control>
        <control controlID="CD21BBA4-91A8-45CC-AABE-1C01C998A95A" controlTypeID="Label" x="319" y="40" w="40" h="16" zOrder="3">
          <font family="%E5%BE%AE%E8%BD%AF%E9%9B%85%E9%BB%91" displayName="%E5%BE%AE%E8%BD%AF%E9%9B%85%E9%BB%91" postScript="" weightStyle="Regular" weight="400" isBold="False" isItalic="False"/>
          <text>%E9%99%88%E7%9C%9F%E8%89%B3</text>
          <textColor>4284374622</textColor>
          <textSize>12</textSize>
          <lineSpacing>0</lineSpacing>
          <useDefaultTextSize>False</useDefaultTextSize>
          <selectedIndex>-1</selectedIndex>
        </control>
        <control controlID="3F4F0988-60A5-4916-A34D-610585F9D502" controlTypeID="Label" x="14" y="40" w="61" h="16" zOrder="4">
          <font family="%E5%BE%AE%E8%BD%AF%E9%9B%85%E9%BB%91" displayName="%E5%BE%AE%E8%BD%AF%E9%9B%85%E9%BB%91" postScript="" weightStyle="Regular" weight="400" isBold="False" isItalic="False"/>
          <text>%E4%BD%99%E9%A2%9D350%E5%85%83</text>
          <textColor>4284374622</textColor>
          <textSize>12</textSize>
          <lineSpacing>0</lineSpacing>
          <useDefaultTextSize>False</useDefaultTextSize>
          <selectedIndex>-1</selectedIndex>
        </control>
      </groupChildrenDescriptors>
    </control>
    <control controlID="DF546328-AF52-450C-BCCD-D337DF1F239F" controlTypeID="Master" x="0" y="768" w="375" h="50" zOrder="14" masterID="468B7B02-E4B7-4B91-B147-DE0B82B9218A">
      <groupChildrenDescriptors>
        <control controlID="CC31F119-0ABE-4C2A-B705-C29B8A6C3DA1" controlTypeID="Shape" x="0" y="0" w="375" h="50" zOrder="0">
          <color>2061821156</color>
          <borderColor>4293190884</borderColor>
          <font family="%E5%BE%AE%E8%BD%AF%E9%9B%85%E9%BB%91" displayName="%E5%BE%AE%E8%BD%AF%E9%9B%85%E9%BB%91" postScript="" weightStyle="Regular" weight="400" isBold="False" isItalic="False"/>
          <textSize>14</textSize>
          <selectedIndex>-1</selectedIndex>
          <borderMode>[bmTop]</borderMode>
        </control>
        <control controlID="FB30C226-77C8-4A2C-B1BF-E5D92F94FBEC" controlTypeID="Icon" x="20" y="13" w="24" h="24" zOrder="1">
          <color>4278742761</color>
          <icon>
            <ID>Back.png</ID>
            <iconFontName/>
            <iconCode>-1</iconCode>
          </icon>
        </control>
        <control controlID="02C0867B-A359-4764-A9C3-6792C465CA0E" controlTypeID="Icon" x="96" y="13" w="24" h="24" zOrder="2">
          <icon>
            <ID>Gt.png</ID>
            <iconFontName/>
            <iconCode>-1</iconCode>
          </icon>
        </control>
        <control controlID="720D3F7F-38B9-407E-A8F6-1BA68229CF15" controlTypeID="Icon" x="172" y="13" w="24" h="24" zOrder="3">
          <color>4278742761</color>
          <icon>
            <ID/>
            <iconFontName>jdIonicons</iconFontName>
            <iconCode>62666</iconCode>
          </icon>
          <URL>69343460E9407CF814C54637629A380F.svg</URL>
        </control>
        <control controlID="BD30BE61-BE5E-411E-87C9-907ADECFEDDA" controlTypeID="Icon" x="248" y="13" w="24" h="24" zOrder="4">
          <color>4278742761</color>
          <icon>
            <ID/>
            <iconFontName>jdIonicons</iconFontName>
            <iconCode>62439</iconCode>
          </icon>
          <URL>581821C142FFE2C30A1330D052EFFD70.svg</URL>
        </control>
        <control controlID="AA529478-7029-42A8-B210-DFFBD05FDF08" controlTypeID="Icon" x="324" y="13" w="24" h="24" zOrder="5">
          <color>4278742761</color>
          <icon>
            <ID/>
            <iconFontName>jdIonicons</iconFontName>
            <iconCode>62593</iconCode>
          </icon>
          <URL>1442791C8160AB432B8A0564B9E0CEDB.svg</URL>
        </control>
      </groupChildrenDescriptors>
    </control>
  </controls>
  <param>
    <backgroundColor>4294967295</backgroundColor>
    <fontSize>0</fontSize>
    <fontFamily/>
    <guideLines>
      <guideLine isLocked="False" isHori="True" value="444"/>
      <guideLine isLocked="False" isHori="True" value="183"/>
      <guideLine isLocked="False" isHori="True" value="462"/>
    </guideLines>
  </param>
</mockup>