﻿<mockup version="5.0" minAllowVersion="5.0" ID="D97726AE-F40D-4CFE-AB39-ECEEC68E56F1" platform="MtMobile" defaultW="375" defaultH="667" measureW="375" measureH="668" screenOrientation="MoPortrait" mobileScreenScale="1.77777779102325" clipArea="(0,0,375,668)">
  <controls controlCount="25">
    <control controlID="73EBCDF4-7991-47C6-8DA9-82676B656B21" controlTypeID="StatusBar(IOS)" x="0" y="0" w="375" h="20" zOrder="0"/>
    <control controlID="ABF3F087-38FE-4099-91FE-D88F8A6387E1" controlTypeID="Shape" x="10" y="30" w="355" h="32" zOrder="1">
      <color>4294111986</color>
      <borderVisible>False</borderVisible>
      <font family="%E5%BE%AE%E8%BD%AF%E9%9B%85%E9%BB%91" displayName="%E5%BE%AE%E8%BD%AF%E9%9B%85%E9%BB%91" postScript="" weightStyle="Regular" weight="400" isBold="False" isItalic="False"/>
      <textSize>14</textSize>
      <selectedIndex>-1</selectedIndex>
      <radius>8</radius>
    </control>
    <control controlID="8F5D4339-06FB-45B0-8CE1-A89E00C02F02" controlTypeID="Shape" x="0" y="72" w="375" h="41" zOrder="2">
      <color>4294927923</color>
      <borderVisible>False</borderVisible>
      <font family="%E5%BE%AE%E8%BD%AF%E9%9B%85%E9%BB%91" displayName="%E5%BE%AE%E8%BD%AF%E9%9B%85%E9%BB%91" postScript="" weightStyle="Regular" weight="400" isBold="False" isItalic="False"/>
      <textSize>14</textSize>
      <selectedIndex>-1</selectedIndex>
    </control>
    <control controlID="E80C5B48-B877-47AB-88BC-9B6AC90FD6CD" controlTypeID="Icon" x="10" y="83" w="18" h="18" zOrder="3">
      <color>4294967295</color>
      <links eventType="AtClick" animate="AmNone" animateAutoDelay="0" animateDuration="500">
        <link targetPageID="C08BC718-2609-45F6-93DC-0330FDA3096F" linkType="ltPageLink" isApplyIncludePage="False" title="%E8%AE%B0%E4%B8%80%E7%AC%94%E5%B8%90">
          <area shape="0" alt="" ID="{DD594944-F0B0-400B-96B8-513D78F32D0A}" coords="(0,0,18,18)"/>
        </link>
      </links>
      <icon>
        <ID/>
        <iconFontName>jdIonicons</iconFontName>
        <iconCode>62418</iconCode>
      </icon>
      <URL>91852B86E51F760894554368302F9800.svg</URL>
    </control>
    <control controlID="5AF01A03-3B4D-4070-8161-A4F0E2FA6167" controlTypeID="Label" x="153" y="81" w="70" h="22" zOrder="4">
      <font family="%E5%BE%AE%E8%BD%AF%E9%9B%85%E9%BB%91" displayName="%E5%BE%AE%E8%BD%AF%E9%9B%85%E9%BB%91" postScript="" weightStyle="Regular" weight="400" isBold="False" isItalic="False"/>
      <text>%E5%8D%97%E7%93%9C%E8%AE%B0%E8%B4%A6</text>
      <textColor>4294967295</textColor>
      <textSize>16</textSize>
      <lineSpacing>0</lineSpacing>
      <useDefaultTextSize>False</useDefaultTextSize>
      <selectedIndex>-1</selectedIndex>
    </control>
    <control controlID="1E1A971E-5CD7-4A80-9BE5-3BDC8963DF75" controlTypeID="Icon" x="331" y="80" w="24" h="24" zOrder="5">
      <color>4294967295</color>
      <links eventType="AtClick" animate="AmNone" animateAutoDelay="0" animateDuration="500">
        <link targetPageID="6F6E2846-2547-4E28-B5E9-9065DDEE083E" linkType="ltPageLink" isApplyIncludePage="False" title="%E6%88%91">
          <area shape="0" alt="" ID="{08AC29CD-838A-43A9-B862-D8C3F0D65315}" coords="(0,0,24,24)"/>
        </link>
      </links>
      <icon>
        <ID/>
        <iconFontName>jdiconfontB</iconFontName>
        <iconCode>59648</iconCode>
      </icon>
      <URL>42CF9E031360EBC09387427849BF6328.svg</URL>
    </control>
    <control controlID="C496EAB0-035D-4F80-B9C5-F8008D3B9938" controlTypeID="ButtonBar" x="15" y="136" w="350" h="32" zOrder="6">
      <borderColor>4294927923</borderColor>
      <font family="%E5%BE%AE%E8%BD%AF%E9%9B%85%E9%BB%91" displayName="%E5%BE%AE%E8%BD%AF%E9%9B%85%E9%BB%91" postScript="" weightStyle="Regular" weight="400" isBold="False" isItalic="False"/>
      <text>%E8%B5%84%E4%BA%A7%E8%B4%9F%E5%80%BA%2C%E6%8D%9F%E7%9B%8A</text>
      <textSize>14</textSize>
      <lineSpacing>0</lineSpacing>
      <selectedColor>4294927923</selectedColor>
      <selectedTextColor>4294967295</selectedTextColor>
    </control>
    <control controlID="8C7303F0-DA64-41D6-B3B6-2DF1F741D835" controlTypeID="Tabs" x="15" y="190" w="350" h="35" zOrder="7">
      <borderColor>4289638062</borderColor>
      <font family="%E5%BE%AE%E8%BD%AF%E9%9B%85%E9%BB%91" displayName="%E5%BE%AE%E8%BD%AF%E9%9B%85%E9%BB%91" postScript="" weightStyle="Regular" weight="400" isBold="False" isItalic="False"/>
      <text>%E8%B5%84%E9%87%91%2C%E6%8A%95%E8%B5%84%2C%E5%BA%94%E6%94%B6%2C%E5%BA%94%E4%BB%98</text>
      <textSize>14</textSize>
      <lineSpacing>0</lineSpacing>
      <selectedColor>4294927923</selectedColor>
      <selectedTextColor>4294901760</selectedTextColor>
    </control>
    <control controlID="631EE4A5-4233-4D13-9535-84D050C269F2" controlTypeID="__group__" x="15" y="244" w="168" h="81" zOrder="8">
      <groupChildrenDescriptors>
        <control controlID="9E152752-01FB-4D99-A0F1-CCCAA902B9F7" controlTypeID="Shape" x="0" y="0" w="168" h="81" zOrder="0">
          <color>4294111986</color>
          <borderColor>4290559164</borderColor>
          <font family="%E5%BE%AE%E8%BD%AF%E9%9B%85%E9%BB%91" displayName="%E5%BE%AE%E8%BD%AF%E9%9B%85%E9%BB%91" postScript="" weightStyle="Regular" weight="400" isBold="False" isItalic="False"/>
          <textColor>4282598211</textColor>
          <textSize>14</textSize>
          <selectedIndex>-1</selectedIndex>
        </control>
        <control controlID="E40AAFD0-53CA-4D0C-AB1E-B8E8D2EF69BA" controlTypeID="Label" x="32" y="15" w="100" h="16" zOrder="1">
          <font family="%E5%BE%AE%E8%BD%AF%E9%9B%85%E9%BB%91" displayName="%E5%BE%AE%E8%BD%AF%E9%9B%85%E9%BB%91" postScript="" weightStyle="Regular" weight="400" isBold="False" isItalic="False"/>
          <text>%E5%B7%A5%E5%95%86%E9%93%B6%E8%A1%8C%EF%BC%880855%EF%BC%89</text>
          <textColor>4282598211</textColor>
          <textSize>12</textSize>
          <lineSpacing>0</lineSpacing>
          <useDefaultTextSize>False</useDefaultTextSize>
          <selectedIndex>-1</selectedIndex>
        </control>
        <control controlID="6BB99489-6F96-4952-AF7B-22FB898A1C0C" controlTypeID="Label" x="26" y="38" w="110" h="27" zOrder="2">
          <font family="%E5%BE%AE%E8%BD%AF%E9%9B%85%E9%BB%91" displayName="%E5%BE%AE%E8%BD%AF%E9%9B%85%E9%BB%91" postScript="" weightStyle="Regular" weight="400" isBold="False" isItalic="False"/>
          <text>500%2C000%2C00</text>
          <textColor>4282598211</textColor>
          <textSize>20</textSize>
          <lineSpacing>0</lineSpacing>
          <useDefaultTextSize>False</useDefaultTextSize>
          <selectedIndex>-1</selectedIndex>
        </control>
      </groupChildrenDescriptors>
    </control>
    <control controlID="896CA5FE-2ED3-4E27-A47B-456458E56CFF" controlTypeID="__group__" x="195" y="334" w="168" h="81" zOrder="9">
      <groupChildrenDescriptors>
        <control controlID="897A4D28-6A0D-4B07-BB50-633659A4C974" controlTypeID="Shape" x="0" y="0" w="168" h="81" zOrder="0">
          <color>4294111986</color>
          <borderColor>4290559164</borderColor>
          <font family="%E5%BE%AE%E8%BD%AF%E9%9B%85%E9%BB%91" displayName="%E5%BE%AE%E8%BD%AF%E9%9B%85%E9%BB%91" postScript="" weightStyle="Regular" weight="400" isBold="False" isItalic="False"/>
          <textColor>4282598211</textColor>
          <textSize>14</textSize>
          <selectedIndex>-1</selectedIndex>
        </control>
        <control controlID="7F37396A-3608-4672-8FE7-8517D874E7F0" controlTypeID="Label" x="18" y="15" w="28" h="16" zOrder="1">
          <font family="%E5%BE%AE%E8%BD%AF%E9%9B%85%E9%BB%91" displayName="%E5%BE%AE%E8%BD%AF%E9%9B%85%E9%BB%91" postScript="" weightStyle="Regular" weight="400" isBold="False" isItalic="False"/>
          <text>%E8%B4%B7%E6%AC%BE</text>
          <textColor>4282598211</textColor>
          <textSize>12</textSize>
          <lineSpacing>0</lineSpacing>
          <useDefaultTextSize>False</useDefaultTextSize>
          <selectedIndex>-1</selectedIndex>
        </control>
        <control controlID="251C787F-B971-4694-A6F4-89E7BAC44EE0" controlTypeID="Label" x="18" y="38" w="110" h="27" zOrder="2">
          <font family="%E5%BE%AE%E8%BD%AF%E9%9B%85%E9%BB%91" displayName="%E5%BE%AE%E8%BD%AF%E9%9B%85%E9%BB%91" postScript="" weightStyle="Regular" weight="400" isBold="False" isItalic="False"/>
          <text>500%2C000%2C00</text>
          <textColor>4282598211</textColor>
          <textSize>20</textSize>
          <lineSpacing>0</lineSpacing>
          <useDefaultTextSize>False</useDefaultTextSize>
          <selectedIndex>-1</selectedIndex>
        </control>
      </groupChildrenDescriptors>
    </control>
    <control controlID="84E15655-2A5C-45B4-B5F1-FC477295F541" controlTypeID="__group__" x="17" y="334" w="168" h="81" zOrder="10">
      <groupChildrenDescriptors>
        <control controlID="61DDEC6F-CECF-4EA0-96B4-E51545074B3C" controlTypeID="Shape" x="0" y="0" w="168" h="81" zOrder="0">
          <color>4294111986</color>
          <borderColor>4290559164</borderColor>
          <font family="%E5%BE%AE%E8%BD%AF%E9%9B%85%E9%BB%91" displayName="%E5%BE%AE%E8%BD%AF%E9%9B%85%E9%BB%91" postScript="" weightStyle="Regular" weight="400" isBold="False" isItalic="False"/>
          <textColor>4282598211</textColor>
          <textSize>14</textSize>
          <selectedIndex>-1</selectedIndex>
        </control>
        <control controlID="E5DDB15A-85D8-4DD0-98D7-1ADB4E0C132E" controlTypeID="Label" x="18" y="15" w="28" h="16" zOrder="1">
          <font family="%E5%BE%AE%E8%BD%AF%E9%9B%85%E9%BB%91" displayName="%E5%BE%AE%E8%BD%AF%E9%9B%85%E9%BB%91" postScript="" weightStyle="Regular" weight="400" isBold="False" isItalic="False"/>
          <text>%E5%80%9F%E5%85%A5</text>
          <textColor>4282598211</textColor>
          <textSize>12</textSize>
          <lineSpacing>0</lineSpacing>
          <useDefaultTextSize>False</useDefaultTextSize>
          <selectedIndex>-1</selectedIndex>
        </control>
        <control controlID="60D6F434-C054-4644-BCBB-8B9270695751" controlTypeID="Label" x="18" y="38" w="110" h="27" zOrder="2">
          <font family="%E5%BE%AE%E8%BD%AF%E9%9B%85%E9%BB%91" displayName="%E5%BE%AE%E8%BD%AF%E9%9B%85%E9%BB%91" postScript="" weightStyle="Regular" weight="400" isBold="False" isItalic="False"/>
          <text>500%2C000%2C00</text>
          <textColor>4282598211</textColor>
          <textSize>20</textSize>
          <lineSpacing>0</lineSpacing>
          <useDefaultTextSize>False</useDefaultTextSize>
          <selectedIndex>-1</selectedIndex>
        </control>
      </groupChildrenDescriptors>
    </control>
    <control controlID="B43494FF-0589-45AD-A21E-B5CD6E0EDFE6" controlTypeID="__group__" x="195" y="243" w="168" h="81" zOrder="11">
      <groupChildrenDescriptors>
        <control controlID="202DCE8F-2F9C-4D91-8C2A-ED4A1F42B376" controlTypeID="Shape" x="0" y="0" w="168" h="81" zOrder="0">
          <color>4294111986</color>
          <borderColor>4290559164</borderColor>
          <font family="%E5%BE%AE%E8%BD%AF%E9%9B%85%E9%BB%91" displayName="%E5%BE%AE%E8%BD%AF%E9%9B%85%E9%BB%91" postScript="" weightStyle="Regular" weight="400" isBold="False" isItalic="False"/>
          <textColor>4282598211</textColor>
          <textSize>14</textSize>
          <selectedIndex>-1</selectedIndex>
        </control>
        <control controlID="917DEE30-9E2C-458C-9E0E-3DFB9C37C7B6" controlTypeID="Label" x="32" y="15" w="100" h="16" zOrder="1">
          <font family="%E5%BE%AE%E8%BD%AF%E9%9B%85%E9%BB%91" displayName="%E5%BE%AE%E8%BD%AF%E9%9B%85%E9%BB%91" postScript="" weightStyle="Regular" weight="400" isBold="False" isItalic="False"/>
          <text>%E5%B7%A5%E5%95%86%E9%93%B6%E8%A1%8C%EF%BC%880855%EF%BC%89</text>
          <textColor>4282598211</textColor>
          <textSize>12</textSize>
          <lineSpacing>0</lineSpacing>
          <useDefaultTextSize>False</useDefaultTextSize>
          <selectedIndex>-1</selectedIndex>
        </control>
        <control controlID="D50D58E0-70C7-47B0-A6EE-A766AAF59B39" controlTypeID="Label" x="26" y="38" w="110" h="27" zOrder="2">
          <font family="%E5%BE%AE%E8%BD%AF%E9%9B%85%E9%BB%91" displayName="%E5%BE%AE%E8%BD%AF%E9%9B%85%E9%BB%91" postScript="" weightStyle="Regular" weight="400" isBold="False" isItalic="False"/>
          <text>500%2C000%2C00</text>
          <textColor>4282598211</textColor>
          <textSize>20</textSize>
          <lineSpacing>0</lineSpacing>
          <useDefaultTextSize>False</useDefaultTextSize>
          <selectedIndex>-1</selectedIndex>
        </control>
      </groupChildrenDescriptors>
    </control>
    <control controlID="25772A4B-7B82-4179-9F9C-50A5E8C7940F" controlTypeID="Button" x="26" y="442" w="328" h="40" zOrder="12">
      <color>4294927923</color>
      <borderVisible>False</borderVisible>
      <font family="%E5%BE%AE%E8%BD%AF%E9%9B%85%E9%BB%91" displayName="%E5%BE%AE%E8%BD%AF%E9%9B%85%E9%BB%91" postScript="" weightStyle="Regular" weight="400" isBold="False" isItalic="False"/>
      <text>%E6%B7%BB%E5%8A%A0%E8%B4%A6%E6%88%B7</text>
      <textColor>4294967295</textColor>
      <lineSpacing>0</lineSpacing>
      <useDefaultTextSize>False</useDefaultTextSize>
      <selectedIndex>-1</selectedIndex>
      <radius>0</radius>
    </control>
  </controls>
  <param>
    <backgroundColor>4294967295</backgroundColor>
    <fontSize>0</fontSize>
    <fontFamily/>
    <guideLines>
      <guideLine isLocked="False" isHori="False" value="171"/>
    </guideLines>
  </param>
</mockup>