﻿<mockup version="5.0" minAllowVersion="5.0" ID="52102101-D803-42A5-903F-67E99F8C07C4" platform="MtMobile" defaultW="375" defaultH="667" measureW="375" measureH="667" screenOrientation="MoPortrait" mobileScreenScale="1.77777779102325" clipArea="(0,0,0,0)">
  <controls controlCount="8">
    <control controlID="986AE10F-A412-4EDD-9323-22911F33F699" controlTypeID="StatusBar(IOS)" x="0" y="0" w="375" h="20" zOrder="0"/>
    <control controlID="3ABE0390-E027-44CA-8E70-9D3B37B4B845" controlTypeID="Shape" x="10" y="30" w="355" h="32" zOrder="1">
      <color>4294111986</color>
      <borderVisible>False</borderVisible>
      <font family="%E5%BE%AE%E8%BD%AF%E9%9B%85%E9%BB%91" displayName="%E5%BE%AE%E8%BD%AF%E9%9B%85%E9%BB%91" postScript="" weightStyle="Regular" weight="400" isBold="False" isItalic="False"/>
      <textSize>14</textSize>
      <selectedIndex>-1</selectedIndex>
      <radius>8</radius>
    </control>
    <control controlID="6377FFE5-3F3C-48D6-8161-AA504556014F" controlTypeID="Shape" x="0" y="72" w="375" h="41" zOrder="2">
      <color>4294927923</color>
      <borderVisible>False</borderVisible>
      <font family="%E5%BE%AE%E8%BD%AF%E9%9B%85%E9%BB%91" displayName="%E5%BE%AE%E8%BD%AF%E9%9B%85%E9%BB%91" postScript="" weightStyle="Regular" weight="400" isBold="False" isItalic="False"/>
      <textSize>14</textSize>
      <selectedIndex>-1</selectedIndex>
    </control>
    <control controlID="72840F43-F2A1-4240-BAFD-749CBDF4BFC7" controlTypeID="Icon" x="10" y="83" w="18" h="18" zOrder="3">
      <color>4294967295</color>
      <links eventType="AtClick" animate="AmNone" animateAutoDelay="0" animateDuration="500">
        <link targetPageID="C08BC718-2609-45F6-93DC-0330FDA3096F" linkType="ltPageLink" isApplyIncludePage="False" title="%E8%AE%B0%E4%B8%80%E7%AC%94%E5%B8%90">
          <area shape="0" alt="" ID="{DD594944-F0B0-400B-96B8-513D78F32D0A}" coords="(0,0,18,18)"/>
        </link>
      </links>
      <icon>
        <ID/>
        <iconFontName>jdIonicons</iconFontName>
        <iconCode>62418</iconCode>
      </icon>
      <URL>91852B86E51F760894554368302F9800.svg</URL>
    </control>
    <control controlID="0040F99D-F30C-4A1F-B541-4B68769A874F" controlTypeID="Label" x="153" y="81" w="70" h="22" zOrder="4">
      <font family="%E5%BE%AE%E8%BD%AF%E9%9B%85%E9%BB%91" displayName="%E5%BE%AE%E8%BD%AF%E9%9B%85%E9%BB%91" postScript="" weightStyle="Regular" weight="400" isBold="False" isItalic="False"/>
      <text>%E5%8D%97%E7%93%9C%E8%AE%B0%E8%B4%A6</text>
      <textColor>4294967295</textColor>
      <textSize>16</textSize>
      <lineSpacing>0</lineSpacing>
      <useDefaultTextSize>False</useDefaultTextSize>
      <selectedIndex>-1</selectedIndex>
    </control>
    <control controlID="433D2F3F-8C59-4A24-AE72-34FF841485CA" controlTypeID="Icon" x="331" y="80" w="24" h="24" zOrder="5">
      <color>4294967295</color>
      <links eventType="AtClick" animate="AmNone" animateAutoDelay="0" animateDuration="500">
        <link targetPageID="6F6E2846-2547-4E28-B5E9-9065DDEE083E" linkType="ltPageLink" isApplyIncludePage="False" title="%E6%88%91">
          <area shape="0" alt="" ID="{08AC29CD-838A-43A9-B862-D8C3F0D65315}" coords="(0,0,24,24)"/>
        </link>
      </links>
      <icon>
        <ID/>
        <iconFontName>jdiconfontB</iconFontName>
        <iconCode>59648</iconCode>
      </icon>
      <URL>42CF9E031360EBC09387427849BF6328.svg</URL>
    </control>
    <control controlID="0382E2D2-B530-4CA5-8CFC-F47B479890F8" controlTypeID="Shape" x="0" y="111" w="375" h="45" zOrder="6">
      <borderColor>4290559164</borderColor>
      <font family="%E5%BE%AE%E8%BD%AF%E9%9B%85%E9%BB%91" displayName="%E5%BE%AE%E8%BD%AF%E9%9B%85%E9%BB%91" postScript="" weightStyle="Regular" weight="400" isBold="False" isItalic="False"/>
      <text>++++%E5%B8%90%E6%88%B7%E5%90%8D%E7%A7%B0</text>
      <textColor>4284374622</textColor>
      <textSize>14</textSize>
      <textAlign>HaLeft</textAlign>
      <selectedIndex>-1</selectedIndex>
      <borderMode>[bmTop,bmBottom]</borderMode>
    </control>
    <control controlID="887B2AA4-7390-4A09-8422-FFEBBBED15A4" controlTypeID="Button" x="27" y="224" w="328" h="40" zOrder="7">
      <color>4294927923</color>
      <borderVisible>False</borderVisible>
      <links eventType="AtClick" animate="AmNone" animateAutoDelay="0" animateDuration="500">
        <link targetPageID="C08BC718-2609-45F6-93DC-0330FDA3096F" linkType="ltPageLink" isApplyIncludePage="False" title="%E8%AE%B0%E4%B8%80%E7%AC%94%E5%B8%90">
          <area shape="0" alt="" ID="{14761915-0595-4CEA-B495-9B4EEDD85CA5}" coords="(0,0,328,40)"/>
        </link>
      </links>
      <font family="%E5%BE%AE%E8%BD%AF%E9%9B%85%E9%BB%91" displayName="%E5%BE%AE%E8%BD%AF%E9%9B%85%E9%BB%91" postScript="" weightStyle="Regular" weight="400" isBold="False" isItalic="False"/>
      <text>%E4%BF%9D++%E5%AD%98</text>
      <textColor>4294967295</textColor>
      <lineSpacing>0</lineSpacing>
      <useDefaultTextSize>False</useDefaultTextSize>
      <selectedIndex>-1</selectedIndex>
      <radius>0</radius>
    </control>
  </controls>
  <param>
    <backgroundColor>4294967295</backgroundColor>
    <fontSize>0</fontSize>
    <fontFamily/>
    <guideLines/>
  </param>
</mockup>