﻿<mockup version="5.0" minAllowVersion="5.0" ID="620AF164-DAAC-4EC5-958A-1C6823DF1368" platform="MtMobile" defaultW="375" defaultH="667" measureW="375" measureH="751" screenOrientation="MoPortrait" mobileScreenScale="1.77777779102325" clipArea="(0,0,375,701)">
  <controls controlCount="23">
    <control controlID="0C150ACA-B294-471B-9AA8-4CDCC255931A" controlTypeID="Master" x="0" y="0" w="375" h="62" zOrder="0" masterID="A4D000FE-43C3-4E70-A940-DD9DF6D431A5">
      <groupChildrenDescriptors>
        <control controlID="281C50B3-5B1F-40C4-A958-C9DD4455F509" controlTypeID="StatusBar(IOS)" x="0" y="0" w="375" h="20" zOrder="0"/>
        <control controlID="3FE44E9C-E1DA-459E-AC25-9DC42EA2040D" controlTypeID="Shape" x="10" y="30" w="355" h="32" zOrder="1">
          <color>4294111986</color>
          <borderVisible>False</borderVisible>
          <font family="%E5%BE%AE%E8%BD%AF%E9%9B%85%E9%BB%91" displayName="%E5%BE%AE%E8%BD%AF%E9%9B%85%E9%BB%91" postScript="" weightStyle="Regular" weight="400" isBold="False" isItalic="False"/>
          <textSize>14</textSize>
          <selectedIndex>-1</selectedIndex>
          <radius>8</radius>
        </control>
      </groupChildrenDescriptors>
    </control>
    <control controlID="DCB709C7-CB89-46EB-8A0F-9236B406BFC8" controlTypeID="Button" x="16" y="423" w="350" h="40" zOrder="1">
      <color>4294927923</color>
      <borderVisible>False</borderVisible>
      <links eventType="AtClick" animate="AmNone" animateAutoDelay="0" animateDuration="500">
        <link targetPageID="F4AE4E13-1303-4685-99EB-64824D18EC9B" linkType="ltPageLink" isApplyIncludePage="False" title="%E6%9C%88%E6%B5%81%E6%B0%B4">
          <area shape="0" alt="" ID="{9BCABACA-E2B1-4844-B4B7-C45FC996695F}" coords="(0,0,350,40)"/>
        </link>
      </links>
      <font family="%E5%BE%AE%E8%BD%AF%E9%9B%85%E9%BB%91" displayName="%E5%BE%AE%E8%BD%AF%E9%9B%85%E9%BB%91" postScript="" weightStyle="Regular" weight="400" isBold="False" isItalic="False"/>
      <text>%E7%A1%AE++++%E5%AE%9A</text>
      <textColor>4294967295</textColor>
      <lineSpacing>0</lineSpacing>
      <useDefaultTextSize>False</useDefaultTextSize>
      <selectedIndex>-1</selectedIndex>
    </control>
    <control controlID="423C0CC6-2EE5-4AD4-88B8-4D2D464EEF5C" controlTypeID="Label" x="16" y="282" w="53" h="22" zOrder="2">
      <font family="%E5%BE%AE%E8%BD%AF%E9%9B%85%E9%BB%91" displayName="%E5%BE%AE%E8%BD%AF%E9%9B%85%E9%BB%91" postScript="" weightStyle="Regular" weight="400" isBold="False" isItalic="False"/>
      <text>%E8%B4%A6%E6%9C%AC%E5%90%8D</text>
      <textColor>4280821800</textColor>
      <textSize>16</textSize>
      <lineSpacing>0</lineSpacing>
      <useDefaultTextSize>False</useDefaultTextSize>
      <selectedIndex>-1</selectedIndex>
    </control>
    <control controlID="A7018972-0118-4347-A243-B2CDBD89BA9D" controlTypeID="__group__" x="16" y="191" w="346" h="62" zOrder="3">
      <groupChildrenDescriptors>
        <control controlID="1651EFF1-C2BD-4DA6-9ECC-0ADA569CB6D8" controlTypeID="Shape" x="0" y="0" w="60" h="62" zOrder="0">
          <borderColor>4294927923</borderColor>
          <font family="%E5%BE%AE%E8%BD%AF%E9%9B%85%E9%BB%91" displayName="%E5%BE%AE%E8%BD%AF%E9%9B%85%E9%BB%91" postScript="" weightStyle="Regular" weight="400" isBold="False" isItalic="False"/>
          <textSize>14</textSize>
          <selectedIndex>-1</selectedIndex>
        </control>
        <control controlID="49111F54-96FC-42C9-B979-409D536F2941" controlTypeID="Image" x="2" y="2" w="55" h="58" zOrder="1">
          <caption>%E5%B0%81%E9%9D%A2</caption>
        </control>
        <control controlID="5BD8E34F-2579-4C8C-A4C6-13CFE43BDBEF" controlTypeID="Image" x="70" y="2" w="55" h="58" zOrder="2">
          <caption>%E5%B0%81%E9%9D%A2</caption>
        </control>
        <control controlID="D7D416FA-C8CE-481F-ABFD-7B809C821F20" controlTypeID="Image" x="143" y="2" w="55" h="58" zOrder="3">
          <caption>%E5%B0%81%E9%9D%A2</caption>
        </control>
        <control controlID="A4D8A2B3-3049-4C6F-AA3D-0F5872B57B1E" controlTypeID="Image" x="216" y="2" w="55" h="58" zOrder="4">
          <caption>%E5%B0%81%E9%9D%A2</caption>
        </control>
        <control controlID="B7B093ED-19F1-4AED-B5D9-1B1EDD865BD8" controlTypeID="Image" x="291" y="2" w="55" h="58" zOrder="5">
          <caption>%E5%B0%81%E9%9D%A2</caption>
        </control>
        <control controlID="48141BD8-8AAD-44FF-99D2-F964161B8D54" controlTypeID="Icon" x="41" y="39" w="21" h="21" zOrder="6">
          <color>4294927923</color>
          <icon>
            <ID/>
            <iconFontName>jdIcoFont</iconFontName>
            <iconCode>58908</iconCode>
          </icon>
          <URL>F5B0FFCDE2455616FF86122E2451CBB6.svg</URL>
        </control>
      </groupChildrenDescriptors>
    </control>
    <control controlID="EDDC862F-5564-4BF7-8CCE-834F8113FE10" controlTypeID="TextInput" x="16" y="324" w="350" h="39" zOrder="4">
      <borderColor>4289638062</borderColor>
      <font family="%E5%BE%AE%E8%BD%AF%E9%9B%85%E9%BB%91" displayName="%E5%BE%AE%E8%BD%AF%E9%9B%85%E9%BB%91" postScript="" weightStyle="Regular" weight="400" isBold="False" isItalic="False"/>
      <textColor>4289638062</textColor>
      <lineSpacing>0</lineSpacing>
      <selectedIndex>-1</selectedIndex>
      <placeHolder>%E8%BE%93%E5%85%A5%E4%B8%AA%E6%80%A7%E7%9A%84%E8%B4%A6%E6%9C%AC%E5%90%8D</placeHolder>
    </control>
    <control controlID="97BE531D-E35A-401E-9BA4-9AF11C5E9DF1" controlTypeID="Label" x="16" y="146" w="102" h="22" zOrder="5">
      <font family="%E5%BE%AE%E8%BD%AF%E9%9B%85%E9%BB%91" displayName="%E5%BE%AE%E8%BD%AF%E9%9B%85%E9%BB%91" postScript="" weightStyle="Regular" weight="400" isBold="False" isItalic="False"/>
      <text>%E9%80%89%E6%8B%A9%E8%B4%A6%E6%9C%AC%E5%B0%81%E9%9D%A2</text>
      <textColor>4280821800</textColor>
      <textSize>16</textSize>
      <lineSpacing>0</lineSpacing>
      <useDefaultTextSize>False</useDefaultTextSize>
      <selectedIndex>-1</selectedIndex>
    </control>
    <control controlID="5BE52BEC-B265-411D-8AB8-22A017D5EA66" controlTypeID="Label" x="16" y="89" w="104" h="32" zOrder="6">
      <font family="%E5%BE%AE%E8%BD%AF%E9%9B%85%E9%BB%91" displayName="%E5%BE%AE%E8%BD%AF%E9%9B%85%E9%BB%91" postScript="" weightStyle="Regular" weight="400" isBold="False" isItalic="False"/>
      <text>%E5%BC%80%E5%90%AF%E5%B8%90%E6%9C%AC</text>
      <textColor>4280821800</textColor>
      <textSize>24</textSize>
      <lineSpacing>0</lineSpacing>
      <useDefaultTextSize>False</useDefaultTextSize>
      <selectedIndex>-1</selectedIndex>
    </control>
    <control controlID="2F156729-1D9A-4283-B951-0204791A1C61" controlTypeID="Master" x="1" y="701" w="375" h="50" zOrder="7" masterID="468B7B02-E4B7-4B91-B147-DE0B82B9218A">
      <groupChildrenDescriptors>
        <control controlID="D92AA281-160F-4466-AB9E-D78BFE1CFEFE" controlTypeID="Shape" x="0" y="0" w="375" h="50" zOrder="0">
          <color>2061821156</color>
          <borderColor>4293190884</borderColor>
          <font family="%E5%BE%AE%E8%BD%AF%E9%9B%85%E9%BB%91" displayName="%E5%BE%AE%E8%BD%AF%E9%9B%85%E9%BB%91" postScript="" weightStyle="Regular" weight="400" isBold="False" isItalic="False"/>
          <textSize>14</textSize>
          <selectedIndex>-1</selectedIndex>
          <borderMode>[bmTop]</borderMode>
        </control>
        <control controlID="0EB97A99-BBF3-4DEC-B74A-6D7AFF6F639E" controlTypeID="Icon" x="20" y="13" w="24" h="24" zOrder="1">
          <color>4278742761</color>
          <icon>
            <ID>Back.png</ID>
            <iconFontName/>
            <iconCode>-1</iconCode>
          </icon>
        </control>
        <control controlID="64BA0489-6B67-4E90-A92A-3D78211A3C22" controlTypeID="Icon" x="96" y="13" w="24" h="24" zOrder="2">
          <icon>
            <ID>Gt.png</ID>
            <iconFontName/>
            <iconCode>-1</iconCode>
          </icon>
        </control>
        <control controlID="DA6D612C-9C9E-465A-9270-198E238768AD" controlTypeID="Icon" x="172" y="13" w="24" h="24" zOrder="3">
          <color>4278742761</color>
          <icon>
            <ID/>
            <iconFontName>jdIonicons</iconFontName>
            <iconCode>62666</iconCode>
          </icon>
          <URL>69343460E9407CF814C54637629A380F.svg</URL>
        </control>
        <control controlID="FA813AE0-BCB3-4067-8110-2C46D82DCBC9" controlTypeID="Icon" x="248" y="13" w="24" h="24" zOrder="4">
          <color>4278742761</color>
          <icon>
            <ID/>
            <iconFontName>jdIonicons</iconFontName>
            <iconCode>62439</iconCode>
          </icon>
          <URL>581821C142FFE2C30A1330D052EFFD70.svg</URL>
        </control>
        <control controlID="A71CFF35-D583-4F7C-8044-DA570380132E" controlTypeID="Icon" x="324" y="13" w="24" h="24" zOrder="5">
          <color>4278742761</color>
          <icon>
            <ID/>
            <iconFontName>jdIonicons</iconFontName>
            <iconCode>62593</iconCode>
          </icon>
          <URL>1442791C8160AB432B8A0564B9E0CEDB.svg</URL>
        </control>
      </groupChildrenDescriptors>
    </control>
  </controls>
  <param>
    <backgroundColor>4294967295</backgroundColor>
    <fontSize>0</fontSize>
    <fontFamily/>
    <guideLines>
      <guideLine isLocked="False" isHori="True" value="450"/>
      <guideLine isLocked="False" isHori="True" value="192"/>
      <guideLine isLocked="False" isHori="True" value="483"/>
    </guideLines>
  </param>
</mockup>