﻿<mockup version="5.0" minAllowVersion="5.0" ID="676422E7-FAC9-4D23-8603-92CECA5EE92A" platform="MtMobile" defaultW="375" defaultH="667" measureW="375" measureH="667" screenOrientation="MoPortrait" mobileScreenScale="1.77777779102325" clipArea="(0,0,0,0)">
  <controls controlCount="6">
    <control controlID="4AE8290D-E7DE-4842-8FE1-0743F7FB6E5D" controlTypeID="StatusBar(IOS)" x="0" y="0" w="375" h="20" zOrder="0"/>
    <control controlID="C2555040-4C1B-4CA5-A5FF-CDA382A93BC0" controlTypeID="Shape" x="10" y="30" w="355" h="32" zOrder="1">
      <color>4294111986</color>
      <borderVisible>False</borderVisible>
      <font family="%E5%BE%AE%E8%BD%AF%E9%9B%85%E9%BB%91" displayName="%E5%BE%AE%E8%BD%AF%E9%9B%85%E9%BB%91" postScript="" weightStyle="Regular" weight="400" isBold="False" isItalic="False"/>
      <textSize>14</textSize>
      <selectedIndex>-1</selectedIndex>
      <radius>8</radius>
    </control>
    <control controlID="9D243BB7-F6FD-4FC0-ACDB-E5402480C637" controlTypeID="Shape" x="0" y="72" w="375" h="41" zOrder="2">
      <color>4294927923</color>
      <borderVisible>False</borderVisible>
      <font family="%E5%BE%AE%E8%BD%AF%E9%9B%85%E9%BB%91" displayName="%E5%BE%AE%E8%BD%AF%E9%9B%85%E9%BB%91" postScript="" weightStyle="Regular" weight="400" isBold="False" isItalic="False"/>
      <textSize>14</textSize>
      <selectedIndex>-1</selectedIndex>
    </control>
    <control controlID="49036E1B-3B5C-4E40-B357-8C348D233005" controlTypeID="Icon" x="10" y="83" w="18" h="18" zOrder="3">
      <color>4294967295</color>
      <links eventType="AtClick" animate="AmNone" animateAutoDelay="0" animateDuration="500">
        <link targetPageID="C08BC718-2609-45F6-93DC-0330FDA3096F" linkType="ltPageLink" isApplyIncludePage="False" title="%E8%AE%B0%E4%B8%80%E7%AC%94%E5%B8%90">
          <area shape="0" alt="" ID="{DD594944-F0B0-400B-96B8-513D78F32D0A}" coords="(0,0,18,18)"/>
        </link>
      </links>
      <icon>
        <ID/>
        <iconFontName>jdIonicons</iconFontName>
        <iconCode>62418</iconCode>
      </icon>
      <URL>91852B86E51F760894554368302F9800.svg</URL>
    </control>
    <control controlID="30C935E6-CB2E-4BD2-870F-25B5489AE6B7" controlTypeID="Label" x="153" y="81" w="70" h="22" zOrder="4">
      <font family="%E5%BE%AE%E8%BD%AF%E9%9B%85%E9%BB%91" displayName="%E5%BE%AE%E8%BD%AF%E9%9B%85%E9%BB%91" postScript="" weightStyle="Regular" weight="400" isBold="False" isItalic="False"/>
      <text>%E5%8D%97%E7%93%9C%E8%AE%B0%E8%B4%A6</text>
      <textColor>4294967295</textColor>
      <textSize>16</textSize>
      <lineSpacing>0</lineSpacing>
      <useDefaultTextSize>False</useDefaultTextSize>
      <selectedIndex>-1</selectedIndex>
    </control>
    <control controlID="CA5542E8-8100-4529-BA64-B9026E9E5397" controlTypeID="Icon" x="331" y="80" w="24" h="24" zOrder="5">
      <color>4294967295</color>
      <links eventType="AtClick" animate="AmNone" animateAutoDelay="0" animateDuration="500">
        <link targetPageID="6F6E2846-2547-4E28-B5E9-9065DDEE083E" linkType="ltPageLink" isApplyIncludePage="False" title="%E6%88%91">
          <area shape="0" alt="" ID="{08AC29CD-838A-43A9-B862-D8C3F0D65315}" coords="(0,0,24,24)"/>
        </link>
      </links>
      <icon>
        <ID/>
        <iconFontName>jdiconfontB</iconFontName>
        <iconCode>59648</iconCode>
      </icon>
      <URL>42CF9E031360EBC09387427849BF6328.svg</URL>
    </control>
  </controls>
  <param>
    <backgroundColor>4294967295</backgroundColor>
    <fontSize>0</fontSize>
    <fontFamily/>
    <guideLines/>
  </param>
</mockup>