﻿<mockup version="5.0" minAllowVersion="5.0" ID="6F6E2846-2547-4E28-B5E9-9065DDEE083E" platform="MtMobile" defaultW="375" defaultH="667" measureW="375" measureH="667" screenOrientation="MoPortrait" mobileScreenScale="1.77777779102325" clipArea="(0,0,0,0)">
  <controls controlCount="19">
    <control controlID="943FFDE4-BC4E-409D-B856-AE7387E85144" controlTypeID="StatusBar(IOS)" x="0" y="0" w="375" h="20" zOrder="0"/>
    <control controlID="1B51E586-6F8C-403A-9778-29DFAE052B12" controlTypeID="Shape" x="10" y="30" w="355" h="32" zOrder="1">
      <color>4294111986</color>
      <borderVisible>False</borderVisible>
      <font family="%E5%BE%AE%E8%BD%AF%E9%9B%85%E9%BB%91" displayName="%E5%BE%AE%E8%BD%AF%E9%9B%85%E9%BB%91" postScript="" weightStyle="Regular" weight="400" isBold="False" isItalic="False"/>
      <textSize>14</textSize>
      <selectedIndex>-1</selectedIndex>
      <radius>8</radius>
    </control>
    <control controlID="FDAC0ABB-310B-44AD-A1AC-02EAE0D0E65F" controlTypeID="Icon" x="10" y="85" w="18" h="18" zOrder="2">
      <color>4294967295</color>
      <icon>
        <ID/>
        <iconFontName>jdIonicons</iconFontName>
        <iconCode>62418</iconCode>
      </icon>
      <URL>91852B86E51F760894554368302F9800.svg</URL>
    </control>
    <control controlID="E7D916FF-47A0-42A0-B070-C833B498CEC1" controlTypeID="__group__" x="0" y="74" w="375" h="41" zOrder="3">
      <groupChildrenDescriptors>
        <control controlID="323D3BE6-683E-410C-B171-F81A69D396AB" controlTypeID="Shape" x="0" y="0" w="375" h="41" zOrder="0">
          <color>4294927923</color>
          <borderVisible>False</borderVisible>
          <font family="%E5%BE%AE%E8%BD%AF%E9%9B%85%E9%BB%91" displayName="%E5%BE%AE%E8%BD%AF%E9%9B%85%E9%BB%91" postScript="" weightStyle="Regular" weight="400" isBold="False" isItalic="False"/>
          <textSize>14</textSize>
          <selectedIndex>-1</selectedIndex>
        </control>
        <control controlID="9550FE08-4770-4424-BDBD-2638FA15A8C6" controlTypeID="Icon" x="10" y="11" w="18" h="18" zOrder="1">
          <color>4294967295</color>
          <icon>
            <ID/>
            <iconFontName>jdIonicons</iconFontName>
            <iconCode>62418</iconCode>
          </icon>
          <URL>91852B86E51F760894554368302F9800.svg</URL>
        </control>
        <control controlID="21B13E6D-D003-4ED5-8634-BE528833E058" controlTypeID="Label" x="153" y="9" w="70" h="22" zOrder="2">
          <font family="%E5%BE%AE%E8%BD%AF%E9%9B%85%E9%BB%91" displayName="%E5%BE%AE%E8%BD%AF%E9%9B%85%E9%BB%91" postScript="" weightStyle="Regular" weight="400" isBold="False" isItalic="False"/>
          <text>%E5%8D%97%E7%93%9C%E8%AE%B0%E8%B4%A6</text>
          <textColor>4294967295</textColor>
          <textSize>16</textSize>
          <lineSpacing>0</lineSpacing>
          <useDefaultTextSize>False</useDefaultTextSize>
          <selectedIndex>-1</selectedIndex>
        </control>
      </groupChildrenDescriptors>
    </control>
    <control controlID="0FC4DC4C-41FD-4B31-B73E-5C00621F0560" controlTypeID="Master" x="0" y="617" w="375" h="50" zOrder="4" masterID="468B7B02-E4B7-4B91-B147-DE0B82B9218A">
      <groupChildrenDescriptors>
        <control controlID="4E4FB1E0-BCA0-40E4-9705-5DEB334C9908" controlTypeID="Shape" x="0" y="0" w="375" h="50" zOrder="0">
          <color>2061821156</color>
          <borderColor>4293190884</borderColor>
          <font family="%E5%BE%AE%E8%BD%AF%E9%9B%85%E9%BB%91" displayName="%E5%BE%AE%E8%BD%AF%E9%9B%85%E9%BB%91" postScript="" weightStyle="Regular" weight="400" isBold="False" isItalic="False"/>
          <textSize>14</textSize>
          <selectedIndex>-1</selectedIndex>
          <borderMode>[bmTop]</borderMode>
        </control>
        <control controlID="D3B6920A-E17A-4C0C-8166-AD0ACFBC9B3A" controlTypeID="Icon" x="20" y="13" w="24" h="24" zOrder="1">
          <color>4278742761</color>
          <icon>
            <ID>Back.png</ID>
            <iconFontName/>
            <iconCode>-1</iconCode>
          </icon>
        </control>
        <control controlID="F8A71296-395B-489F-86BD-97C829DEFC5A" controlTypeID="Icon" x="96" y="13" w="24" h="24" zOrder="2">
          <icon>
            <ID>Gt.png</ID>
            <iconFontName/>
            <iconCode>-1</iconCode>
          </icon>
        </control>
        <control controlID="3DEC1DF0-A0B5-4A9E-96A6-BB074F92C9C2" controlTypeID="Icon" x="172" y="13" w="24" h="24" zOrder="3">
          <color>4278742761</color>
          <icon>
            <ID/>
            <iconFontName>jdIonicons</iconFontName>
            <iconCode>62666</iconCode>
          </icon>
          <URL>69343460E9407CF814C54637629A380F.svg</URL>
        </control>
        <control controlID="A334DB04-7373-420D-BFEE-B805116D9B80" controlTypeID="Icon" x="248" y="13" w="24" h="24" zOrder="4">
          <color>4278742761</color>
          <icon>
            <ID/>
            <iconFontName>jdIonicons</iconFontName>
            <iconCode>62439</iconCode>
          </icon>
          <URL>581821C142FFE2C30A1330D052EFFD70.svg</URL>
        </control>
        <control controlID="23C013DC-5B5F-48B1-9E18-560468C8F252" controlTypeID="Icon" x="324" y="13" w="24" h="24" zOrder="5">
          <color>4278742761</color>
          <icon>
            <ID/>
            <iconFontName>jdIonicons</iconFontName>
            <iconCode>62593</iconCode>
          </icon>
          <URL>1442791C8160AB432B8A0564B9E0CEDB.svg</URL>
        </control>
      </groupChildrenDescriptors>
    </control>
    <control controlID="E822ADD8-8DA2-4AAA-B722-0DAFA6AE9095" controlTypeID="Image" x="20" y="150" w="85" h="100" zOrder="5">
      <caption>%E5%B0%81%E9%9D%A2</caption>
      <showText>False</showText>
    </control>
    <control controlID="9E1E95CB-44AC-4E6C-9877-B9A1E5ACBD81" controlTypeID="Image" x="143" y="147" w="85" h="100" zOrder="6">
      <caption>%E5%B0%81%E9%9D%A2</caption>
      <showText>False</showText>
    </control>
    <control controlID="567B17EB-9DCD-42E7-AC43-4F934AB6493C" controlTypeID="Label" x="32" y="216" w="61" h="19" zOrder="7">
      <font family="%E5%BE%AE%E8%BD%AF%E9%9B%85%E9%BB%91" displayName="%E5%BE%AE%E8%BD%AF%E9%9B%85%E9%BB%91" postScript="" weightStyle="Regular" weight="400" isBold="False" isItalic="False"/>
      <text>%E9%BB%98%E8%AE%A4%E8%B4%A6%E6%9C%AC</text>
      <lineSpacing>0</lineSpacing>
      <selectedIndex>-1</selectedIndex>
    </control>
    <control controlID="D7929171-EC5A-4E8A-B444-010B89DCF059" controlTypeID="Icon" x="80" y="147" w="24" h="24" zOrder="8">
      <color>4294927923</color>
      <icon>
        <ID/>
        <iconFontName>jdIcoFont</iconFontName>
        <iconCode>58945</iconCode>
      </icon>
      <URL>CDA96A1E9F5A03484CC3C5E9796C89B3.svg</URL>
    </control>
    <control controlID="2B5428A9-C28B-47D7-92DC-C217CEC8E75A" controlTypeID="Label" x="155" y="215" w="61" h="19" zOrder="9">
      <font family="%E5%BE%AE%E8%BD%AF%E9%9B%85%E9%BB%91" displayName="%E5%BE%AE%E8%BD%AF%E9%9B%85%E9%BB%91" postScript="" weightStyle="Regular" weight="400" isBold="False" isItalic="False"/>
      <text>%E5%85%B1%E4%BA%AB%E8%B4%A6%E6%9C%AC</text>
      <lineSpacing>0</lineSpacing>
      <selectedIndex>-1</selectedIndex>
    </control>
  </controls>
  <param>
    <backgroundColor>4294967295</backgroundColor>
    <fontSize>0</fontSize>
    <fontFamily/>
    <guideLines/>
  </param>
</mockup>