﻿<mockup version="5.0" minAllowVersion="5.0" ID="6F6E2846-2547-4E28-B5E9-9065DDEE083E" platform="MtMobile" defaultW="375" defaultH="667" measureW="375" measureH="667" screenOrientation="MoPortrait" mobileScreenScale="1.77777779102325" clipArea="(0,0,0,0)">
  <controls controlCount="29">
    <control controlID="943FFDE4-BC4E-409D-B856-AE7387E85144" controlTypeID="StatusBar(IOS)" x="0" y="0" w="375" h="20" zOrder="0"/>
    <control controlID="1B51E586-6F8C-403A-9778-29DFAE052B12" controlTypeID="Shape" x="10" y="30" w="355" h="32" zOrder="1">
      <color>4294111986</color>
      <borderVisible>False</borderVisible>
      <font family="%E5%BE%AE%E8%BD%AF%E9%9B%85%E9%BB%91" displayName="%E5%BE%AE%E8%BD%AF%E9%9B%85%E9%BB%91" postScript="" weightStyle="Regular" weight="400" isBold="False" isItalic="False"/>
      <textSize>14</textSize>
      <selectedIndex>-1</selectedIndex>
      <radius>8</radius>
    </control>
    <control controlID="FDAC0ABB-310B-44AD-A1AC-02EAE0D0E65F" controlTypeID="Icon" x="10" y="85" w="18" h="18" zOrder="2">
      <color>4294967295</color>
      <icon>
        <ID/>
        <iconFontName>jdIonicons</iconFontName>
        <iconCode>62418</iconCode>
      </icon>
      <URL>91852B86E51F760894554368302F9800.svg</URL>
    </control>
    <control controlID="E7D916FF-47A0-42A0-B070-C833B498CEC1" controlTypeID="__group__" x="0" y="74" w="375" h="41" zOrder="3">
      <groupChildrenDescriptors>
        <control controlID="323D3BE6-683E-410C-B171-F81A69D396AB" controlTypeID="Shape" x="0" y="0" w="375" h="41" zOrder="0">
          <color>4294927923</color>
          <borderVisible>False</borderVisible>
          <font family="%E5%BE%AE%E8%BD%AF%E9%9B%85%E9%BB%91" displayName="%E5%BE%AE%E8%BD%AF%E9%9B%85%E9%BB%91" postScript="" weightStyle="Regular" weight="400" isBold="False" isItalic="False"/>
          <textSize>14</textSize>
          <selectedIndex>-1</selectedIndex>
        </control>
        <control controlID="9550FE08-4770-4424-BDBD-2638FA15A8C6" controlTypeID="Icon" x="10" y="11" w="18" h="18" zOrder="1">
          <color>4294967295</color>
          <icon>
            <ID/>
            <iconFontName>jdIonicons</iconFontName>
            <iconCode>62418</iconCode>
          </icon>
          <URL>91852B86E51F760894554368302F9800.svg</URL>
        </control>
        <control controlID="21B13E6D-D003-4ED5-8634-BE528833E058" controlTypeID="Label" x="153" y="9" w="70" h="22" zOrder="2">
          <font family="%E5%BE%AE%E8%BD%AF%E9%9B%85%E9%BB%91" displayName="%E5%BE%AE%E8%BD%AF%E9%9B%85%E9%BB%91" postScript="" weightStyle="Regular" weight="400" isBold="False" isItalic="False"/>
          <text>%E5%8D%97%E7%93%9C%E8%AE%B0%E8%B4%A6</text>
          <textColor>4294967295</textColor>
          <textSize>16</textSize>
          <lineSpacing>0</lineSpacing>
          <useDefaultTextSize>False</useDefaultTextSize>
          <selectedIndex>-1</selectedIndex>
        </control>
      </groupChildrenDescriptors>
    </control>
    <control controlID="E228C37A-9796-4ED4-A02E-0EC80EC9729F" controlTypeID="Image" x="261" y="153" w="73" h="73" zOrder="4">
      <clipShapeType>SbEllipse</clipShapeType>
    </control>
    <control controlID="E6111144-B4D6-47BE-BAD0-4E066486567D" controlTypeID="Label" x="33" y="153" w="79" h="32" zOrder="5">
      <color>4294967295</color>
      <font family="%E5%BE%AE%E8%BD%AF%E9%9B%85%E9%BB%91" displayName="%E5%BE%AE%E8%BD%AF%E9%9B%85%E9%BB%91+Bold" postScript="" weightStyle="Bold" weight="700" isBold="True" isItalic="False"/>
      <text>petite</text>
      <textColor>4282598211</textColor>
      <textSize>24</textSize>
      <lineSpacing>0</lineSpacing>
      <textStyles>[fsBold]</textStyles>
      <useDefaultTextSize>False</useDefaultTextSize>
      <selectedIndex>-1</selectedIndex>
    </control>
    <control controlID="CBD78774-5A68-41AF-9242-2B06C4A770B2" controlTypeID="Label" x="33" y="190" w="99" h="22" zOrder="6">
      <color>4294967295</color>
      <font family="%E5%BE%AE%E8%BD%AF%E9%9B%85%E9%BB%91" displayName="%E5%BE%AE%E8%BD%AF%E9%9B%85%E9%BB%91" postScript="" weightStyle="Regular" weight="400" isBold="False" isItalic="False"/>
      <text>1042675931</text>
      <textColor>4286151033</textColor>
      <textSize>16</textSize>
      <lineSpacing>0</lineSpacing>
      <useDefaultTextSize>False</useDefaultTextSize>
      <selectedIndex>-1</selectedIndex>
    </control>
    <control controlID="869E2FDB-95D1-4E07-9485-10C318320E71" controlTypeID="__group__" x="0" y="289" w="375" h="45" zOrder="7">
      <groupChildrenDescriptors>
        <control controlID="FE3B843F-8546-47D5-81AD-B67F79D8D47E" controlTypeID="Shape" x="0" y="0" w="375" h="45" zOrder="0">
          <borderColor>4292335575</borderColor>
          <font family="%E5%BE%AE%E8%BD%AF%E9%9B%85%E9%BB%91" displayName="%E5%BE%AE%E8%BD%AF%E9%9B%85%E9%BB%91" postScript="" weightStyle="Regular" weight="400" isBold="False" isItalic="False"/>
          <text>++++++%E5%88%87%E6%8D%A2%E8%B4%A6%E6%9C%AC</text>
          <textColor>4284374622</textColor>
          <textSize>14</textSize>
          <textAlign>HaLeft</textAlign>
          <selectedIndex>-1</selectedIndex>
          <borderMode>[bmTop,bmBottom]</borderMode>
        </control>
        <control controlID="E8B345DA-C50C-4C62-884A-42ED21A3D3EA" controlTypeID="Icon" x="336" y="16" w="18" h="18" zOrder="1">
          <color>4287927444</color>
          <icon>
            <ID/>
            <iconFontName>jdIonicons</iconFontName>
            <iconCode>62416</iconCode>
          </icon>
          <URL>DA139F0E584512EE783A4911D1FD02D3.svg</URL>
        </control>
      </groupChildrenDescriptors>
    </control>
    <control controlID="CCE1293E-99BB-4916-A91D-1131BAA8979D" controlTypeID="Button" x="20" y="455" w="328" h="40" zOrder="8">
      <color>4294927923</color>
      <borderVisible>False</borderVisible>
      <font family="%E5%BE%AE%E8%BD%AF%E9%9B%85%E9%BB%91" displayName="%E5%BE%AE%E8%BD%AF%E9%9B%85%E9%BB%91" postScript="" weightStyle="Regular" weight="400" isBold="False" isItalic="False"/>
      <text>%E9%80%80%E5%87%BA%E7%99%BB%E5%BD%95</text>
      <textColor>4294967295</textColor>
      <lineSpacing>0</lineSpacing>
      <useDefaultTextSize>False</useDefaultTextSize>
      <selectedIndex>-1</selectedIndex>
    </control>
    <control controlID="CA3919DA-87CC-4ED0-B7C4-2669D5F7D5E6" controlTypeID="Icon" x="112" y="165" w="13" h="13" zOrder="9">
      <color>4286151033</color>
      <icon>
        <ID/>
        <iconFontName>jdIonicons</iconFontName>
        <iconCode>62143</iconCode>
      </icon>
      <URL>AB34477532BE33EE7485734900B89543.svg</URL>
    </control>
    <control controlID="0FC4DC4C-41FD-4B31-B73E-5C00621F0560" controlTypeID="Master" x="0" y="617" w="375" h="50" zOrder="10" masterID="468B7B02-E4B7-4B91-B147-DE0B82B9218A">
      <groupChildrenDescriptors>
        <control controlID="3330CB81-0EB5-4912-BE96-643137B4BFE8" controlTypeID="Shape" x="0" y="0" w="375" h="50" zOrder="0">
          <color>2061821156</color>
          <borderColor>4293190884</borderColor>
          <font family="%E5%BE%AE%E8%BD%AF%E9%9B%85%E9%BB%91" displayName="%E5%BE%AE%E8%BD%AF%E9%9B%85%E9%BB%91" postScript="" weightStyle="Regular" weight="400" isBold="False" isItalic="False"/>
          <textSize>14</textSize>
          <selectedIndex>-1</selectedIndex>
          <borderMode>[bmTop]</borderMode>
        </control>
        <control controlID="41688E35-4F40-422B-9E63-E103604E0998" controlTypeID="Icon" x="20" y="13" w="24" h="24" zOrder="1">
          <color>4278742761</color>
          <icon>
            <ID>Back.png</ID>
            <iconFontName/>
            <iconCode>-1</iconCode>
          </icon>
          <URL>F28A9BD389A405EBE15629DBCBAE4D39.png</URL>
        </control>
        <control controlID="DD58A21B-DBAB-4CAB-A1CC-F7CA2B32EEFD" controlTypeID="Icon" x="96" y="13" w="24" h="24" zOrder="2">
          <icon>
            <ID>Gt.png</ID>
            <iconFontName/>
            <iconCode>-1</iconCode>
          </icon>
          <URL>CB45C110EAD5D4B6FE87EACE6DCA921F.png</URL>
        </control>
        <control controlID="3D968F5D-9FC3-43DE-A0A4-6D1B7626B233" controlTypeID="Icon" x="172" y="13" w="24" h="24" zOrder="3">
          <color>4278742761</color>
          <icon>
            <ID/>
            <iconFontName>jdIonicons</iconFontName>
            <iconCode>62666</iconCode>
          </icon>
          <URL>69343460E9407CF814C54637629A380F.svg</URL>
        </control>
        <control controlID="73DEEFA4-C89D-4008-BF62-172DAEB2D18E" controlTypeID="Icon" x="248" y="13" w="24" h="24" zOrder="4">
          <color>4278742761</color>
          <icon>
            <ID/>
            <iconFontName>jdIonicons</iconFontName>
            <iconCode>62439</iconCode>
          </icon>
          <URL>581821C142FFE2C30A1330D052EFFD70.svg</URL>
        </control>
        <control controlID="0CB4F187-8626-4BFE-9A7F-45D36FCA527F" controlTypeID="Icon" x="324" y="13" w="24" h="24" zOrder="5">
          <color>4278742761</color>
          <icon>
            <ID/>
            <iconFontName>jdIonicons</iconFontName>
            <iconCode>62593</iconCode>
          </icon>
          <URL>1442791C8160AB432B8A0564B9E0CEDB.svg</URL>
        </control>
      </groupChildrenDescriptors>
    </control>
    <control controlID="FDD9297C-A53D-4934-8E6B-C0EB4060BF8E" controlTypeID="TextInput" x="140" y="155" w="104" h="28" zOrder="11">
      <borderVisible>False</borderVisible>
      <font family="%E5%BE%AE%E8%BD%AF%E9%9B%85%E9%BB%91" displayName="%E5%BE%AE%E8%BD%AF%E9%9B%85%E9%BB%91" postScript="" weightStyle="Regular" weight="400" isBold="False" isItalic="False"/>
      <text>petite</text>
      <textColor>4279045389</textColor>
      <lineSpacing>0</lineSpacing>
      <selectedIndex>-1</selectedIndex>
    </control>
    <control controlID="6D7294D1-BD74-4D13-B10C-012CD7493591" controlTypeID="Icon" x="224" y="163" w="12" h="12" zOrder="12">
      <color>4294927923</color>
      <icon>
        <ID/>
        <iconFontName>jdIcoFont</iconFontName>
        <iconCode>58953</iconCode>
      </icon>
      <URL>D49B50A7A78783702ED4A5913BC1CF49.svg</URL>
    </control>
    <control controlID="49054DA0-474C-4B53-966B-B62480D1E95A" controlTypeID="Shape" x="0" y="334" w="375" h="45" zOrder="13">
      <color>4294111986</color>
      <borderColor>4292335575</borderColor>
      <font family="%E5%BE%AE%E8%BD%AF%E9%9B%85%E9%BB%91" displayName="%E5%BE%AE%E8%BD%AF%E9%9B%85%E9%BB%91" postScript="" weightStyle="Regular" weight="400" isBold="False" isItalic="False"/>
      <text>++++++++++%E9%BB%98%E8%AE%A4%E8%B4%A6%E6%9C%AC</text>
      <textColor>4284374622</textColor>
      <textSize>14</textSize>
      <textAlign>HaLeft</textAlign>
      <selectedIndex>-1</selectedIndex>
      <borderMode>[bmTop,bmBottom]</borderMode>
    </control>
    <control controlID="DFD19FB0-60CF-4BEE-94C4-6045688336E4" controlTypeID="Shape" x="0" y="379" w="375" h="45" zOrder="14">
      <color>4294111986</color>
      <borderColor>4292335575</borderColor>
      <font family="%E5%BE%AE%E8%BD%AF%E9%9B%85%E9%BB%91" displayName="%E5%BE%AE%E8%BD%AF%E9%9B%85%E9%BB%91" postScript="" weightStyle="Regular" weight="400" isBold="False" isItalic="False"/>
      <text>++++++++++%E5%85%B1%E4%BA%AB%E8%B4%A6%E6%9C%AC</text>
      <textColor>4284374622</textColor>
      <textSize>14</textSize>
      <textAlign>HaLeft</textAlign>
      <selectedIndex>-1</selectedIndex>
      <borderMode>[bmTop,bmBottom]</borderMode>
    </control>
    <control controlID="A8C41290-0492-471D-AED9-844F8B240C39" controlTypeID="__group__" x="0" y="244" w="375" h="45" zOrder="15">
      <links eventType="AtClick" animate="AmNone" animateAutoDelay="0" animateDuration="500">
        <link targetPageID="428179B7-DFB5-4A19-816A-859AC05E131A" linkType="ltPageLink" isApplyIncludePage="False" title="%E4%B8%80%E7%BA%A7%E8%B4%A6%E6%88%B7">
          <area shape="0" alt="" ID="{53F49EF3-4E9A-47FA-B746-D78A231CAFF9}" coords="(0,0,375,45)"/>
        </link>
      </links>
      <groupChildrenDescriptors>
        <control controlID="87972F22-38FA-4C6D-82B0-F8C3F8A997F3" controlTypeID="Shape" x="0" y="0" w="375" h="45" zOrder="0">
          <borderColor>4292335575</borderColor>
          <font family="%E5%BE%AE%E8%BD%AF%E9%9B%85%E9%BB%91" displayName="%E5%BE%AE%E8%BD%AF%E9%9B%85%E9%BB%91" postScript="" weightStyle="Regular" weight="400" isBold="False" isItalic="False"/>
          <text>++++++%E7%AE%A1%E7%90%86%E8%B4%A6%E6%88%B7</text>
          <textColor>4284374622</textColor>
          <textSize>14</textSize>
          <textAlign>HaLeft</textAlign>
          <selectedIndex>-1</selectedIndex>
          <borderMode>[bmTop,bmBottom]</borderMode>
        </control>
        <control controlID="5DBA3A83-60D5-4264-990E-73E0300CF545" controlTypeID="Icon" x="337" y="13" w="18" h="18" zOrder="1">
          <icon>
            <ID/>
            <iconFontName>jdIonicons</iconFontName>
            <iconCode>62419</iconCode>
          </icon>
          <URL>2E967326C22523F5F084001B9F4E5BC7.svg</URL>
        </control>
      </groupChildrenDescriptors>
    </control>
  </controls>
  <param>
    <backgroundColor>4294967295</backgroundColor>
    <fontSize>0</fontSize>
    <fontFamily/>
    <guideLines/>
  </param>
</mockup>