<mockup version="5.0" minAllowVersion="5.0" ID="24087468-20EA-41D2-BB7A-79D4BC241D4F" platform="MtMobile" defaultW="375" defaultH="667" measureW="375" measureH="667" screenOrientation="MoPortrait" mobileScreenScale="1.77777779102325" clipArea="(0,0,0,0)">
  <controls controlCount="48">
    <control controlID="318A7B11-EE57-4D58-935E-FEF74840B812" controlTypeID="StatusBar(IOS)" x="0" y="0" w="375" h="20" zOrder="0"/>
    <control controlID="71C85305-D2A4-411D-A338-51CAF0C648D6" controlTypeID="Shape" x="10" y="30" w="355" h="32" zOrder="1">
      <color>4294111986</color>
      <borderVisible>False</borderVisible>
      <font family="%E5%BE%AE%E8%BD%AF%E9%9B%85%E9%BB%91" displayName="%E5%BE%AE%E8%BD%AF%E9%9B%85%E9%BB%91" postScript="" weightStyle="Regular" weight="400" isBold="False" isItalic="False"/>
      <textSize>14</textSize>
      <lineSpacing>18</lineSpacing>
      <selectedIndex>-1</selectedIndex>
      <radius>8</radius>
    </control>
    <control controlID="51EA96C1-8D19-43CB-887B-8D64F14BD587" controlTypeID="Line" x="2" y="73" w="371" h="1" zOrder="2">
      <color>4294111986</color>
      <font family="%E5%BE%AE%E8%BD%AF%E9%9B%85%E9%BB%91" displayName="%E5%BE%AE%E8%BD%AF%E9%9B%85%E9%BB%91" postScript="" weightStyle="Regular" weight="400" isBold="False" isItalic="False"/>
      <textColor>4293190884</textColor>
      <textSize>14</textSize>
      <lineSpacing>18</lineSpacing>
      <selectedIndex>-1</selectedIndex>
      <controlPoint>(186,0)</controlPoint>
      <startPoint>(0,0)</startPoint>
      <endPoint>(371,0)</endPoint>
    </control>
    <control controlID="4752C734-44AF-44FD-824F-0F98B90FBF62" controlTypeID="Label" x="20" y="161" w="67" h="27" zOrder="3">
      <font family="%E5%BE%AE%E8%BD%AF%E9%9B%85%E9%BB%91" displayName="%E5%BE%AE%E8%BD%AF%E9%9B%85%E9%BB%91" postScript="" weightStyle="Regular" weight="400" isBold="False" isItalic="False"/>
      <text>%EF%BF%A50.00</text>
      <textColor>4294927923</textColor>
      <textSize>20</textSize>
      <lineSpacing>26</lineSpacing>
      <useDefaultTextSize>False</useDefaultTextSize>
      <selectedIndex>-1</selectedIndex>
    </control>
    <control controlID="D85AE98C-2076-4D46-ABB9-2EE8DEDCC328" controlTypeID="Shape" x="20" y="84" w="120" h="55" zOrder="4">
      <color>15921906</color>
      <borderColor>4294111986</borderColor>
      <interactiveData>
        <entry title="">
          <area shape="0" alt="" ID="{9C98BC52-5F3D-440C-818A-82D4EAD48EA2}" coords="(0,0,120,55)"/>
          <events title="">
            <event eventType="atClick" isChecked="True">
              <behaviour title="" isChecked="True" isWait="False" isLoop="False" execMode="emParallel">
                <target targetID="9EB12DB5-C50F-4C16-A8D3-84966A57486D" isChecked="True" isAutoRecovery="False" isLoop="False" execMode="emSequence">
                  <command name="Popup State Change" isChecked="True" descrition="">
                    <param name="AniInterpolation" value="0" varType="3" description=""/>
                    <param name="AniDuration" value="200" varType="3" description=""/>
                    <param name="AniAutoReverse" value="False" varType="11" description=""/>
                    <param name="AniLoop" value="False" varType="11" description=""/>
                    <param name="AniInterpolationTypeOut" value="False" varType="11" description=""/>
                    <param name="Delay" value="0" varType="3" description=""/>
                    <param name="Value" value="0" varType="3" description=""/>
                    <param name="AniType" value="0" varType="3" description=""/>
                  </command>
                </target>
                <target targetID="D85AE98C-2076-4D46-ABB9-2EE8DEDCC328" IsNeedReplaceAsSelfID="True" isChecked="True" isAutoRecovery="False" isLoop="False" execMode="emSequence">
                  <command name="Set Text Color" isChecked="True" descrition="">
                    <param name="AniInterpolation" value="0" varType="3" description=""/>
                    <param name="AniDuration" value="200" varType="3" description=""/>
                    <param name="AniAutoReverse" value="False" varType="11" description=""/>
                    <param name="AniLoop" value="False" varType="11" description=""/>
                    <param name="AniInterpolationTypeOut" value="False" varType="11" description=""/>
                    <param name="Delay" value="0" varType="3" description=""/>
                    <param name="FromValue" value="0" varType="20" description=""/>
                    <param name="ToValue" value="4294927923" varType="20" description=""/>
                  </command>
                </target>
              </behaviour>
            </event>
          </events>
        </entry>
      </interactiveData>
      <font family="%E5%BE%AE%E8%BD%AF%E9%9B%85%E9%BB%91" displayName="%E5%BE%AE%E8%BD%AF%E9%9B%85%E9%BB%91" postScript="" weightStyle="Regular" weight="400" isBold="False" isItalic="False"/>
      <text>%E9%80%89%E6%8B%A9%E6%B5%81%E6%B0%B4%E6%9D%A5%E6%BA%90</text>
      <textColor>4285229931</textColor>
      <textSize>14</textSize>
      <lineSpacing>18</lineSpacing>
      <selectedIndex>-1</selectedIndex>
      <borderMode>[bmBottom]</borderMode>
    </control>
    <control controlID="EEF44C3D-89A5-4EA0-A820-8623AC4EB8AB" controlTypeID="Label" x="304" y="165" w="33" h="19" zOrder="5">
      <color>7960953</color>
      <font family="%E5%BE%AE%E8%BD%AF%E9%9B%85%E9%BB%91" displayName="%E5%BE%AE%E8%BD%AF%E9%9B%85%E9%BB%91" postScript="" weightStyle="Regular" weight="400" isBold="False" isItalic="False"/>
      <text>%E4%BB%8A%E5%A4%A9</text>
      <textColor>4283519313</textColor>
      <lineSpacing>18</lineSpacing>
      <selectedIndex>-1</selectedIndex>
    </control>
    <control controlID="0C9E4A56-7C08-45FA-BCBE-D35A4EE48AFC" controlTypeID="Shape" x="20" y="214" w="335" h="27" zOrder="6">
      <borderColor>4294111986</borderColor>
      <font family="%E5%BE%AE%E8%BD%AF%E9%9B%85%E9%BB%91" displayName="%E5%BE%AE%E8%BD%AF%E9%9B%85%E9%BB%91" postScript="" weightStyle="Regular" weight="400" isBold="False" isItalic="False"/>
      <text>%E5%A4%87%E6%B3%A8...</text>
      <textColor>4287927444</textColor>
      <textSize>14</textSize>
      <textAlign>HaLeft</textAlign>
      <lineSpacing>18</lineSpacing>
      <selectedIndex>-1</selectedIndex>
      <borderMode>[bmBottom]</borderMode>
    </control>
    <control controlID="CA4F2A20-728E-414F-8810-CA3E4156EF8A" controlTypeID="Shape" x="218" y="85" w="120" h="55" zOrder="7">
      <color>15921906</color>
      <borderColor>4294111986</borderColor>
      <interactiveData>
        <entry title="">
          <area shape="0" alt="" ID="{0EB4D692-49DC-45FE-8D0A-D7586BD8BE08}" coords="(0,0,120,55)"/>
          <events title="">
            <event eventType="atClick" isChecked="True">
              <behaviour title="" isChecked="True" isWait="False" isLoop="False" execMode="emParallel">
                <target targetID="9EB12DB5-C50F-4C16-A8D3-84966A57486D" isChecked="True" isAutoRecovery="False" isLoop="False" execMode="emSequence">
                  <command name="Popup State Change" isChecked="True" descrition="">
                    <param name="AniInterpolation" value="0" varType="3" description=""/>
                    <param name="AniDuration" value="200" varType="3" description=""/>
                    <param name="AniAutoReverse" value="False" varType="11" description=""/>
                    <param name="AniLoop" value="False" varType="11" description=""/>
                    <param name="AniInterpolationTypeOut" value="False" varType="11" description=""/>
                    <param name="Delay" value="0" varType="3" description=""/>
                    <param name="Value" value="0" varType="3" description=""/>
                    <param name="AniType" value="0" varType="3" description=""/>
                  </command>
                </target>
                <target targetID="CA4F2A20-728E-414F-8810-CA3E4156EF8A" IsNeedReplaceAsSelfID="True" isChecked="True" isAutoRecovery="False" isLoop="False" execMode="emSequence">
                  <command name="Set Text Color" isChecked="True" descrition="">
                    <param name="AniInterpolation" value="0" varType="3" description=""/>
                    <param name="AniDuration" value="200" varType="3" description=""/>
                    <param name="AniAutoReverse" value="False" varType="11" description=""/>
                    <param name="AniLoop" value="False" varType="11" description=""/>
                    <param name="AniInterpolationTypeOut" value="False" varType="11" description=""/>
                    <param name="Delay" value="0" varType="3" description=""/>
                    <param name="FromValue" value="0" varType="20" description=""/>
                    <param name="ToValue" value="4294927923" varType="20" description=""/>
                  </command>
                </target>
              </behaviour>
            </event>
          </events>
        </entry>
      </interactiveData>
      <font family="%E5%BE%AE%E8%BD%AF%E9%9B%85%E9%BB%91" displayName="%E5%BE%AE%E8%BD%AF%E9%9B%85%E9%BB%91" postScript="" weightStyle="Regular" weight="400" isBold="False" isItalic="False"/>
      <text>%E9%80%89%E6%8B%A9%E6%B5%81%E6%B0%B4%E5%8E%BB%E5%90%91</text>
      <textColor>4285229931</textColor>
      <textSize>14</textSize>
      <lineSpacing>18</lineSpacing>
      <selectedIndex>-1</selectedIndex>
      <borderMode>[bmBottom]</borderMode>
    </control>
    <control controlID="93E4E593-BA63-4106-B514-0F7BF157FDBB" controlTypeID="Icon" x="176" y="100" w="24" h="24" zOrder="8">
      <color>4294927923</color>
      <icon>
        <ID/>
        <iconFontName>jdIonicons</iconFontName>
        <iconCode>62223</iconCode>
      </icon>
      <URL>84E43FD667F4EA128EEFBAD7B03B51F5.svg</URL>
    </control>
    <control controlID="D7E7FA4A-1E14-4E60-8E2C-3F35C0F7026E" controlTypeID="Icon" x="337" y="165" w="20" h="20" zOrder="9">
      <icon>
        <ID/>
        <iconFontName>jdFontAwesome</iconFontName>
        <iconCode>61555</iconCode>
      </icon>
      <URL>4C33EC5C1D294AA30B8471BC0A49B848.svg</URL>
    </control>
    <control controlID="7F71CFCA-4CCB-474C-A328-73504E8A8C3F" controlTypeID="Label" x="20" y="263" w="47" h="19" zOrder="10">
      <font family="%E5%BE%AE%E8%BD%AF%E9%9B%85%E9%BB%91" displayName="%E5%BE%AE%E8%BD%AF%E9%9B%85%E9%BB%91" postScript="" weightStyle="Regular" weight="400" isBold="False" isItalic="False"/>
      <text>%E8%AE%B0%E5%BD%95%E4%BA%BA</text>
      <lineSpacing>18</lineSpacing>
      <selectedIndex>-1</selectedIndex>
    </control>
    <control controlID="E101D131-ECEA-4E0B-B341-38DF6A768019" controlTypeID="Label" x="20" y="292" w="47" h="19" zOrder="11">
      <font family="%E5%BE%AE%E8%BD%AF%E9%9B%85%E9%BB%91" displayName="%E5%BE%AE%E8%BD%AF%E9%9B%85%E9%BB%91" postScript="" weightStyle="Regular" weight="400" isBold="False" isItalic="False"/>
      <text>%E9%99%88%E7%9C%9F%E8%89%B3</text>
      <textColor>4283519313</textColor>
      <lineSpacing>18</lineSpacing>
      <selectedIndex>-1</selectedIndex>
    </control>
    <control controlID="B5875542-91E1-4ED4-BA88-A282E6EDA49B" controlTypeID="Label" x="77" y="292" w="33" h="19" zOrder="12">
      <font family="%E5%BE%AE%E8%BD%AF%E9%9B%85%E9%BB%91" displayName="%E5%BE%AE%E8%BD%AF%E9%9B%85%E9%BB%91" postScript="" weightStyle="Regular" weight="400" isBold="False" isItalic="False"/>
      <text>%E7%BB%95%E7%BF%94</text>
      <textColor>4283519313</textColor>
      <lineSpacing>18</lineSpacing>
      <selectedIndex>-1</selectedIndex>
    </control>
    <control controlID="E756D2B1-F98F-4331-8C3E-D9F1AA7C8396" controlTypeID="Keyboard" x="0" y="402" w="375" h="263" zOrder="13">
      <keyboardType>ktGridNine</keyboardType>
    </control>
    <control controlID="EDD839AE-D60B-4E67-A19F-E660DAB1514B" controlTypeID="Button" x="20" y="342" w="160" h="40" zOrder="14">
      <color>16711680</color>
      <borderColor>4294927923</borderColor>
      <font family="%E5%BE%AE%E8%BD%AF%E9%9B%85%E9%BB%91" displayName="%E5%BE%AE%E8%BD%AF%E9%9B%85%E9%BB%91" postScript="" weightStyle="Regular" weight="400" isBold="False" isItalic="False"/>
      <text>%E5%86%8D%E8%AE%B0%E4%B8%80%E7%AC%94</text>
      <textColor>4294901760</textColor>
      <lineSpacing>18</lineSpacing>
      <selectedIndex>-1</selectedIndex>
    </control>
    <control controlID="AD131262-3AD3-4AED-901B-7EE41CBDDEFF" controlTypeID="Button" x="194" y="342" w="160" h="40" zOrder="15">
      <color>4294927923</color>
      <borderVisible>False</borderVisible>
      <font family="%E5%BE%AE%E8%BD%AF%E9%9B%85%E9%BB%91" displayName="%E5%BE%AE%E8%BD%AF%E9%9B%85%E9%BB%91" postScript="" weightStyle="Regular" weight="400" isBold="False" isItalic="False"/>
      <text>%E4%BF%9D%E5%AD%98</text>
      <textColor>4294967295</textColor>
      <lineSpacing>18</lineSpacing>
      <selectedIndex>-1</selectedIndex>
    </control>
    <control controlID="7B3D993A-7094-4C4A-9E71-F028EE84A1BB" controlTypeID="Label" x="120" y="292" w="33" h="19" zOrder="16">
      <font family="%E5%BE%AE%E8%BD%AF%E9%9B%85%E9%BB%91" displayName="%E5%BE%AE%E8%BD%AF%E9%9B%85%E9%BB%91" postScript="" weightStyle="Regular" weight="400" isBold="False" isItalic="False"/>
      <text>%E7%BB%95%E7%BF%94</text>
      <textColor>4283519313</textColor>
      <lineSpacing>18</lineSpacing>
      <selectedIndex>-1</selectedIndex>
    </control>
    <control controlID="8311547B-F60A-42CB-ABCC-652F3B72F79E" controlTypeID="Label" x="163" y="292" w="33" h="19" zOrder="17">
      <font family="%E5%BE%AE%E8%BD%AF%E9%9B%85%E9%BB%91" displayName="%E5%BE%AE%E8%BD%AF%E9%9B%85%E9%BB%91" postScript="" weightStyle="Regular" weight="400" isBold="False" isItalic="False"/>
      <text>%E7%BB%95%E7%BF%94</text>
      <textColor>4283519313</textColor>
      <lineSpacing>18</lineSpacing>
      <selectedIndex>-1</selectedIndex>
    </control>
    <control controlID="9EB12DB5-C50F-4C16-A8D3-84966A57486D" controlTypeID="PopupPanel" x="-75" y="258" w="46" h="46" zOrder="18">
      <caption>%E5%88%86%E7%B1%BB</caption>
      <color>4292335575</color>
      <groupChildrenDescriptors>
        <control controlID="3BAB624F-9A7B-4765-874D-15872746ACCB" controlTypeID="Panel" x="0" y="0" w="375" h="667" zOrder="0">
          <locked>True</locked>
          <color>4292335575</color>
          <borderVisible>False</borderVisible>
          <canMove>False</canMove>
          <alias>background</alias>
          <groupChildrenDescriptors>
            <control controlID="55DFF6DF-A94F-47D5-B794-8AFFEDF1E855" controlTypeID="Border" x="0" y="0" w="375" h="667" zOrder="0">
              <caption>%E8%BE%B9%E6%A1%86</caption>
              <borderVisible>False</borderVisible>
              <alias>borderLayer</alias>
            </control>
          </groupChildrenDescriptors>
          <thinkness>1</thinkness>
        </control>
        <control controlID="0F6E1209-E0AE-4674-8418-5502DC030AD6" controlTypeID="PopupPanelContent" x="0" y="70" w="375" h="597" zOrder="1">
          <color>16777215</color>
          <alias>content</alias>
          <groupChildrenDescriptors>
            <control controlID="F5D6DD0E-E8AA-4BC0-A738-32A9DE782A99" controlTypeID="Shape" x="0" y="0" w="375" h="597" zOrder="0">
              <borderVisible>False</borderVisible>
              <font family="%E5%BE%AE%E8%BD%AF%E9%9B%85%E9%BB%91" displayName="%E5%BE%AE%E8%BD%AF%E9%9B%85%E9%BB%91" postScript="" weightStyle="Regular" weight="400" isBold="False" isItalic="False"/>
              <textSize>14</textSize>
              <lineSpacing>18</lineSpacing>
              <selectedIndex>-1</selectedIndex>
            </control>
            <control controlID="9FE352BF-E4B2-44E3-89D4-6E468A389D9E" controlTypeID="ButtonBar" x="42" y="22" w="292" h="32" zOrder="1">
              <borderColor>4294927923</borderColor>
              <interactiveData>
                <entry title="%E8%B5%84%E4%BA%A7%E8%B4%9F%E5%80%BA">
                  <area shape="0" alt="" ID="{A0874785-7A87-4235-8BFF-67AA0041117E}" coords="(0.5,0.5,146.5,31.5)"/>
                  <events title="">
                    <event eventType="atClick" isChecked="True">
                      <behaviour title="" isChecked="True" isWait="False" isLoop="False" execMode="emParallel">
                        <target targetID="1EBE0C8B-6AB6-4E0E-9095-38BB6D9854B8" isChecked="True" isAutoRecovery="False" isLoop="False" execMode="emSequence">
                          <command name="Change Visibility" isChecked="True" descrition="">
                            <param name="AniInterpolation" value="1" varType="3" description=""/>
                            <param name="AniDuration" value="200" varType="3" description=""/>
                            <param name="AniAutoReverse" value="False" varType="11" description=""/>
                            <param name="AniLoop" value="False" varType="11" description=""/>
                            <param name="AniInterpolationTypeOut" value="False" varType="11" description=""/>
                            <param name="Delay" value="0" varType="3" description=""/>
                            <param name="ValueFromCurrent" value="True" varType="11" description=""/>
                            <param name="ForceFromInitValue" value="False" varType="11" description=""/>
                            <param name="ForceSetVisible" value="False" varType="11" description=""/>
                            <param name="Value" value="0" varType="3" description=""/>
                            <param name="TerminateLoopByClick" value="True" varType="11" description=""/>
                          </command>
                        </target>
                        <target targetID="4DC694A3-0D20-4CAC-8CD5-9BBF649D5047" isChecked="True" isAutoRecovery="False" isLoop="False" execMode="emSequence">
                          <command name="Change Visibility" isChecked="True" descrition="">
                            <param name="AniInterpolation" value="1" varType="3" description=""/>
                            <param name="AniDuration" value="200" varType="3" description=""/>
                            <param name="AniAutoReverse" value="False" varType="11" description=""/>
                            <param name="AniLoop" value="False" varType="11" description=""/>
                            <param name="AniInterpolationTypeOut" value="False" varType="11" description=""/>
                            <param name="Delay" value="0" varType="3" description=""/>
                            <param name="ValueFromCurrent" value="True" varType="11" description=""/>
                            <param name="ForceFromInitValue" value="False" varType="11" description=""/>
                            <param name="ForceSetVisible" value="False" varType="11" description=""/>
                            <param name="Value" value="1" varType="3" description=""/>
                            <param name="TerminateLoopByClick" value="True" varType="11" description=""/>
                          </command>
                        </target>
                      </behaviour>
                    </event>
                  </events>
                </entry>
                <entry title="%E6%8D%9F%E7%9B%8A">
                  <area shape="0" alt="" ID="{71BA9D1A-0A0A-4156-8FA0-6B98129E2369}" coords="(146.5,0.5,291.5,31.5)"/>
                  <events title="">
                    <event eventType="atClick" isChecked="True">
                      <behaviour title="" isChecked="True" isWait="False" isLoop="False" execMode="emParallel">
                        <target targetID="4DC694A3-0D20-4CAC-8CD5-9BBF649D5047" isChecked="True" isAutoRecovery="False" isLoop="False" execMode="emSequence">
                          <command name="Change Visibility" isChecked="True" descrition="">
                            <param name="AniInterpolation" value="1" varType="3" description=""/>
                            <param name="AniDuration" value="200" varType="3" description=""/>
                            <param name="AniAutoReverse" value="False" varType="11" description=""/>
                            <param name="AniLoop" value="False" varType="11" description=""/>
                            <param name="AniInterpolationTypeOut" value="False" varType="11" description=""/>
                            <param name="Delay" value="0" varType="3" description=""/>
                            <param name="ValueFromCurrent" value="True" varType="11" description=""/>
                            <param name="ForceFromInitValue" value="False" varType="11" description=""/>
                            <param name="ForceSetVisible" value="False" varType="11" description=""/>
                            <param name="Value" value="0" varType="3" description=""/>
                            <param name="TerminateLoopByClick" value="True" varType="11" description=""/>
                          </command>
                        </target>
                        <target targetID="1EBE0C8B-6AB6-4E0E-9095-38BB6D9854B8" isChecked="True" isAutoRecovery="False" isLoop="False" execMode="emSequence">
                          <command name="Change Visibility" isChecked="True" descrition="">
                            <param name="AniInterpolation" value="1" varType="3" description=""/>
                            <param name="AniDuration" value="200" varType="3" description=""/>
                            <param name="AniAutoReverse" value="False" varType="11" description=""/>
                            <param name="AniLoop" value="False" varType="11" description=""/>
                            <param name="AniInterpolationTypeOut" value="False" varType="11" description=""/>
                            <param name="Delay" value="0" varType="3" description=""/>
                            <param name="ValueFromCurrent" value="True" varType="11" description=""/>
                            <param name="ForceFromInitValue" value="False" varType="11" description=""/>
                            <param name="ForceSetVisible" value="False" varType="11" description=""/>
                            <param name="Value" value="1" varType="3" description=""/>
                            <param name="TerminateLoopByClick" value="True" varType="11" description=""/>
                          </command>
                        </target>
                      </behaviour>
                    </event>
                  </events>
                </entry>
              </interactiveData>
              <font family="%E5%BE%AE%E8%BD%AF%E9%9B%85%E9%BB%91" displayName="%E5%BE%AE%E8%BD%AF%E9%9B%85%E9%BB%91" postScript="" weightStyle="Regular" weight="400" isBold="False" isItalic="False"/>
              <text>%E8%B5%84%E4%BA%A7%E8%B4%9F%E5%80%BA%2C%E6%8D%9F%E7%9B%8A</text>
              <textSize>14</textSize>
              <lineSpacing>18</lineSpacing>
              <selectedColor>4294927923</selectedColor>
              <selectedTextColor>4294967295</selectedTextColor>
            </control>
            <control controlID="4DC694A3-0D20-4CAC-8CD5-9BBF649D5047" controlTypeID="Panel" x="0" y="75" w="375" h="263" zOrder="2">
              <caption>%E6%94%B6%E6%94%AF</caption>
              <borderVisible>False</borderVisible>
              <groupChildrenDescriptors>
                <control controlID="422BCE60-3F81-4000-9426-106A2BF9DD0E" controlTypeID="Shape" x="0" y="1" w="375" h="36" zOrder="0">
                  <color>4408131</color>
                  <borderColor>4294111986</borderColor>
                  <font family="%E5%BE%AE%E8%BD%AF%E9%9B%85%E9%BB%91" displayName="%E5%BE%AE%E8%BD%AF%E9%9B%85%E9%BB%91" postScript="" weightStyle="Regular" weight="400" isBold="False" isItalic="False"/>
                  <text>++++++%E4%B8%89%E9%A4%90</text>
                  <textColor>4280821800</textColor>
                  <textSize>14</textSize>
                  <textAlign>HaLeft</textAlign>
                  <lineSpacing>18</lineSpacing>
                  <selectedIndex>-1</selectedIndex>
                  <borderMode>[bmBottom]</borderMode>
                </control>
                <control controlID="01E3B60B-F384-43D4-A0D7-D243108ADD95" controlTypeID="Shape" x="0" y="36" w="375" h="36" zOrder="1">
                  <color>4408131</color>
                  <borderColor>4294111986</borderColor>
                  <font family="%E5%BE%AE%E8%BD%AF%E9%9B%85%E9%BB%91" displayName="%E5%BE%AE%E8%BD%AF%E9%9B%85%E9%BB%91" postScript="" weightStyle="Regular" weight="400" isBold="False" isItalic="False"/>
                  <text>++++++++++++%E6%97%A9%E9%A4%90</text>
                  <textColor>4280821800</textColor>
                  <textSize>14</textSize>
                  <textAlign>HaLeft</textAlign>
                  <lineSpacing>18</lineSpacing>
                  <selectedIndex>-1</selectedIndex>
                  <borderMode>[bmBottom]</borderMode>
                </control>
                <control controlID="8F2AEF2C-783A-4C9F-9E21-518F8C65D937" controlTypeID="Icon" x="348" y="11" w="15" h="15" zOrder="2">
                  <color>4284374622</color>
                  <icon>
                    <ID/>
                    <iconFontName>jdIonicons</iconFontName>
                    <iconCode>62416</iconCode>
                  </icon>
                  <URL>DA139F0E584512EE783A4911D1FD02D3.svg</URL>
                </control>
                <control controlID="DE7CC50B-E802-4540-B897-3175DB3DAF43" controlTypeID="Shape" x="0" y="72" w="375" h="36" zOrder="3">
                  <color>4408131</color>
                  <borderColor>4294111986</borderColor>
                  <font family="%E5%BE%AE%E8%BD%AF%E9%9B%85%E9%BB%91" displayName="%E5%BE%AE%E8%BD%AF%E9%9B%85%E9%BB%91" postScript="" weightStyle="Regular" weight="400" isBold="False" isItalic="False"/>
                  <text>++++++%E8%A1%A3%E5%B8%BD%E6%9C%8D%E9%A5%B0</text>
                  <textColor>4280821800</textColor>
                  <textSize>14</textSize>
                  <textAlign>HaLeft</textAlign>
                  <lineSpacing>18</lineSpacing>
                  <selectedIndex>-1</selectedIndex>
                  <borderMode>[bmBottom]</borderMode>
                </control>
                <control controlID="89A10EBF-86BD-41FC-A2C0-1EFA97D5331E" controlTypeID="Shape" x="0" y="142" w="375" h="36" zOrder="4">
                  <color>4408131</color>
                  <borderColor>4294111986</borderColor>
                  <font family="%E5%BE%AE%E8%BD%AF%E9%9B%85%E9%BB%91" displayName="%E5%BE%AE%E8%BD%AF%E9%9B%85%E9%BB%91" postScript="" weightStyle="Regular" weight="400" isBold="False" isItalic="False"/>
                  <text>++++++%E4%BA%A4%E9%80%9A%E5%87%BA%E8%A1%8C</text>
                  <textColor>4280821800</textColor>
                  <textSize>14</textSize>
                  <textAlign>HaLeft</textAlign>
                  <lineSpacing>18</lineSpacing>
                  <selectedIndex>-1</selectedIndex>
                  <borderMode>[bmBottom]</borderMode>
                </control>
                <control controlID="7B5707FD-53F6-45F5-A811-E53B8535AEBD" controlTypeID="Icon" x="348" y="153" w="15" h="15" zOrder="5">
                  <color>4284374622</color>
                  <icon>
                    <ID/>
                    <iconFontName>jdIonicons</iconFontName>
                    <iconCode>62417</iconCode>
                  </icon>
                  <URL>97D42F84AB1ACA7B3DB71E8D7DA90BF0.svg</URL>
                </control>
                <control controlID="7F65C2FD-954D-4574-935D-6FDC3ADD5260" controlTypeID="Shape" x="0" y="107" w="375" h="36" zOrder="6">
                  <color>4408131</color>
                  <borderColor>4294111986</borderColor>
                  <font family="%E5%BE%AE%E8%BD%AF%E9%9B%85%E9%BB%91" displayName="%E5%BE%AE%E8%BD%AF%E9%9B%85%E9%BB%91" postScript="" weightStyle="Regular" weight="400" isBold="False" isItalic="False"/>
                  <text>++++++%E4%BD%8F%E5%AE%BF%E6%B0%B4%E7%94%B5</text>
                  <textColor>4280821800</textColor>
                  <textSize>14</textSize>
                  <textAlign>HaLeft</textAlign>
                  <lineSpacing>18</lineSpacing>
                  <selectedIndex>-1</selectedIndex>
                  <borderMode>[bmBottom]</borderMode>
                </control>
                <control controlID="CDB2BDA3-B9E0-44D6-BCCB-02D525F9D6FA" controlTypeID="Icon" x="348" y="121" w="15" h="15" zOrder="7">
                  <color>4284374622</color>
                  <icon>
                    <ID/>
                    <iconFontName>jdIonicons</iconFontName>
                    <iconCode>62417</iconCode>
                  </icon>
                  <URL>97D42F84AB1ACA7B3DB71E8D7DA90BF0.svg</URL>
                </control>
                <control controlID="4DC03121-32A0-4E42-A58B-29932CE05990" controlTypeID="Icon" x="348" y="85" w="15" h="15" zOrder="8">
                  <color>4284374622</color>
                  <icon>
                    <ID/>
                    <iconFontName>jdIonicons</iconFontName>
                    <iconCode>62417</iconCode>
                  </icon>
                  <URL>97D42F84AB1ACA7B3DB71E8D7DA90BF0.svg</URL>
                </control>
                <control controlID="1E1DE7D4-535F-4D14-B022-1502E404E6BD" controlTypeID="Button" x="24" y="195" w="328" h="40" zOrder="9">
                  <color>4294927923</color>
                  <borderVisible>False</borderVisible>
                  <links eventType="AtClick" animate="AmNone" animateAutoDelay="0" animateDuration="500">
                    <link targetPageID="8F8D4445-70A6-4062-B43A-3CAD4DB44836" linkType="ltPageLink" isApplyIncludePage="False" title="%E8%B5%84%E9%87%91%E5%92%8C%E6%8A%95%E8%B5%84%E8%B4%A6%E6%88%B7">
                      <area shape="0" alt="" ID="{8AECBF53-7D1E-484E-98EF-35098FB3A702}" coords="(0,0,328,40)"/>
                    </link>
                  </links>
                  <font family="%E5%BE%AE%E8%BD%AF%E9%9B%85%E9%BB%91" displayName="%E5%BE%AE%E8%BD%AF%E9%9B%85%E9%BB%91" postScript="" weightStyle="Regular" weight="400" isBold="False" isItalic="False"/>
                  <text>%2B+%E6%B7%BB%E5%8A%A0%E5%88%86%E7%B1%BB</text>
                  <textColor>4294967295</textColor>
                  <lineSpacing>18</lineSpacing>
                  <useDefaultTextSize>False</useDefaultTextSize>
                  <selectedIndex>-1</selectedIndex>
                </control>
                <control controlID="6C82BE42-6E07-446D-94CA-7AF50257FA01" controlTypeID="Border" x="0" y="0" w="375" h="263" zOrder="10">
                  <caption>%E8%BE%B9%E6%A1%86</caption>
                  <borderVisible>False</borderVisible>
                  <alias>borderLayer</alias>
                </control>
              </groupChildrenDescriptors>
              <thinkness>1</thinkness>
            </control>
            <control controlID="1EBE0C8B-6AB6-4E0E-9095-38BB6D9854B8" controlTypeID="Panel" x="0" y="75" w="375" h="263" zOrder="3">
              <caption>%E8%B5%84%E4%BA%A7</caption>
              <borderVisible>False</borderVisible>
              <groupChildrenDescriptors>
                <control controlID="21A8B692-6EE4-464D-8C0A-26420053F338" controlTypeID="Shape" x="10" y="1" w="355" h="36" zOrder="0">
                  <color>4408131</color>
                  <borderColor>4294111986</borderColor>
                  <font family="%E5%BE%AE%E8%BD%AF%E9%9B%85%E9%BB%91" displayName="%E5%BE%AE%E8%BD%AF%E9%9B%85%E9%BB%91" postScript="" weightStyle="Regular" weight="400" isBold="False" isItalic="False"/>
                  <text>++++++%E8%B5%84%E9%87%91</text>
                  <textColor>4280821800</textColor>
                  <textSize>14</textSize>
                  <textAlign>HaLeft</textAlign>
                  <lineSpacing>18</lineSpacing>
                  <selectedIndex>-1</selectedIndex>
                  <borderMode>[bmBottom]</borderMode>
                </control>
                <control controlID="41CCB20E-B8D8-450B-BB87-5BFD314B0157" controlTypeID="Shape" x="10" y="36" w="355" h="36" zOrder="1">
                  <color>4408131</color>
                  <borderColor>4294111986</borderColor>
                  <font family="%E5%BE%AE%E8%BD%AF%E9%9B%85%E9%BB%91" displayName="%E5%BE%AE%E8%BD%AF%E9%9B%85%E9%BB%91" postScript="" weightStyle="Regular" weight="400" isBold="False" isItalic="False"/>
                  <text>++++++++++++%E5%B7%A5%E5%95%86%E9%93%B6%E8%A1%8C%EF%BC%880855%EF%BC%89</text>
                  <textColor>4280821800</textColor>
                  <textSize>14</textSize>
                  <textAlign>HaLeft</textAlign>
                  <lineSpacing>18</lineSpacing>
                  <selectedIndex>-1</selectedIndex>
                  <borderMode>[bmBottom]</borderMode>
                </control>
                <control controlID="037F597D-5ACC-4693-9447-C70C7573D35C" controlTypeID="Icon" x="349" y="11" w="14" h="14" zOrder="2">
                  <color>4284374622</color>
                  <icon>
                    <ID/>
                    <iconFontName>jdIonicons</iconFontName>
                    <iconCode>62416</iconCode>
                  </icon>
                  <URL>DA139F0E584512EE783A4911D1FD02D3.svg</URL>
                </control>
                <control controlID="C92040A3-DFD8-43A6-9918-5CBD9B6E971C" controlTypeID="Shape" x="10" y="72" w="355" h="36" zOrder="3">
                  <color>4408131</color>
                  <borderColor>4294111986</borderColor>
                  <font family="%E5%BE%AE%E8%BD%AF%E9%9B%85%E9%BB%91" displayName="%E5%BE%AE%E8%BD%AF%E9%9B%85%E9%BB%91" postScript="" weightStyle="Regular" weight="400" isBold="False" isItalic="False"/>
                  <text>++++++%E6%8A%95%E8%B5%84</text>
                  <textColor>4280821800</textColor>
                  <textSize>14</textSize>
                  <textAlign>HaLeft</textAlign>
                  <lineSpacing>18</lineSpacing>
                  <selectedIndex>-1</selectedIndex>
                  <borderMode>[bmBottom]</borderMode>
                </control>
                <control controlID="3FFDFF8C-07B5-44AA-9232-69A9D5B2C99E" controlTypeID="Shape" x="10" y="142" w="355" h="36" zOrder="4">
                  <color>4408131</color>
                  <borderColor>4294111986</borderColor>
                  <font family="%E5%BE%AE%E8%BD%AF%E9%9B%85%E9%BB%91" displayName="%E5%BE%AE%E8%BD%AF%E9%9B%85%E9%BB%91" postScript="" weightStyle="Regular" weight="400" isBold="False" isItalic="False"/>
                  <text>++++++%E5%BA%94%E4%BB%98</text>
                  <textColor>4280821800</textColor>
                  <textSize>14</textSize>
                  <textAlign>HaLeft</textAlign>
                  <lineSpacing>18</lineSpacing>
                  <selectedIndex>-1</selectedIndex>
                  <borderMode>[bmBottom]</borderMode>
                </control>
                <control controlID="EEBAADA2-911C-42E3-8472-2BA113CCED85" controlTypeID="Icon" x="349" y="153" w="14" h="14" zOrder="5">
                  <color>4284374622</color>
                  <icon>
                    <ID/>
                    <iconFontName>jdIonicons</iconFontName>
                    <iconCode>62417</iconCode>
                  </icon>
                  <URL>97D42F84AB1ACA7B3DB71E8D7DA90BF0.svg</URL>
                </control>
                <control controlID="A46C7657-F54A-449B-9AFF-58613CC57253" controlTypeID="Shape" x="10" y="107" w="355" h="36" zOrder="6">
                  <color>4408131</color>
                  <borderColor>4294111986</borderColor>
                  <font family="%E5%BE%AE%E8%BD%AF%E9%9B%85%E9%BB%91" displayName="%E5%BE%AE%E8%BD%AF%E9%9B%85%E9%BB%91" postScript="" weightStyle="Regular" weight="400" isBold="False" isItalic="False"/>
                  <text>++++++%E5%BA%94%E6%94%B6</text>
                  <textColor>4280821800</textColor>
                  <textSize>14</textSize>
                  <textAlign>HaLeft</textAlign>
                  <lineSpacing>18</lineSpacing>
                  <selectedIndex>-1</selectedIndex>
                  <borderMode>[bmBottom]</borderMode>
                </control>
                <control controlID="20FC0567-1FF4-492C-8373-48CF72ED9D65" controlTypeID="Icon" x="349" y="121" w="14" h="14" zOrder="7">
                  <color>4284374622</color>
                  <icon>
                    <ID/>
                    <iconFontName>jdIonicons</iconFontName>
                    <iconCode>62417</iconCode>
                  </icon>
                  <URL>97D42F84AB1ACA7B3DB71E8D7DA90BF0.svg</URL>
                </control>
                <control controlID="051CDE85-1C88-4281-8A98-83509871854B" controlTypeID="Icon" x="349" y="85" w="14" h="14" zOrder="8">
                  <color>4284374622</color>
                  <icon>
                    <ID/>
                    <iconFontName>jdIonicons</iconFontName>
                    <iconCode>62417</iconCode>
                  </icon>
                  <URL>97D42F84AB1ACA7B3DB71E8D7DA90BF0.svg</URL>
                </control>
                <control controlID="404DB1D4-D3B2-4EED-A531-75BCCE4D8707" controlTypeID="Button" x="27" y="203" w="328" h="40" zOrder="9">
                  <color>4294927923</color>
                  <borderVisible>False</borderVisible>
                  <links eventType="AtClick" animate="AmNone" animateAutoDelay="0" animateDuration="500">
                    <link targetPageID="8F8D4445-70A6-4062-B43A-3CAD4DB44836" linkType="ltPageLink" isApplyIncludePage="False" title="%E8%B5%84%E9%87%91%E5%92%8C%E6%8A%95%E8%B5%84%E8%B4%A6%E6%88%B7">
                      <area shape="0" alt="" ID="{8AECBF53-7D1E-484E-98EF-35098FB3A702}" coords="(0,0,328,40)"/>
                    </link>
                  </links>
                  <font family="%E5%BE%AE%E8%BD%AF%E9%9B%85%E9%BB%91" displayName="%E5%BE%AE%E8%BD%AF%E9%9B%85%E9%BB%91" postScript="" weightStyle="Regular" weight="400" isBold="False" isItalic="False"/>
                  <text>%2B+%E6%B7%BB%E5%8A%A0%E8%B4%A6%E6%88%B7</text>
                  <textColor>4294967295</textColor>
                  <lineSpacing>18</lineSpacing>
                  <useDefaultTextSize>False</useDefaultTextSize>
                  <selectedIndex>-1</selectedIndex>
                </control>
                <control controlID="FCE6ACD0-7B09-40A8-A100-9CFCCA647050" controlTypeID="Border" x="0" y="0" w="375" h="263" zOrder="10">
                  <caption>%E8%BE%B9%E6%A1%86</caption>
                  <borderVisible>False</borderVisible>
                  <alias>borderLayer</alias>
                </control>
              </groupChildrenDescriptors>
              <thinkness>1</thinkness>
            </control>
          </groupChildrenDescriptors>
        </control>
      </groupChildrenDescriptors>
      <isBackgroundFade>True</isBackgroundFade>
      <aniType_Mobile>aniNone</aniType_Mobile>
      <positionComMode>pcTop</positionComMode>
    </control>
  </controls>
  <param>
    <backgroundColor>4294967295</backgroundColor>
    <fontSize>0</fontSize>
    <fontFamily/>
    <guideLines>
      <guideLine isLocked="False" isHori="True" value="439"/>
      <guideLine isLocked="False" isHori="True" value="499"/>
      <guideLine isLocked="False" isHori="True" value="464"/>
    </guideLines>
  </param>
</mockup>