<mockup version="5.0" minAllowVersion="5.0" ID="8C4C1562-814A-45CC-A471-162FF9B2C885" platform="MtMobile" defaultW="375" defaultH="667" measureW="375" measureH="667" screenOrientation="MoPortrait" mobileScreenScale="1.77777779102325" clipArea="(0,0,0,0)">
  <controls controlCount="5">
    <control controlID="0EB20D5F-569F-4398-9DD1-3E2A63405240" controlTypeID="StatusBar(IOS)" x="0" y="0" w="375" h="20" zOrder="0"/>
    <control controlID="D1845D82-062E-4B1E-AC8F-EE9C77F6F813" controlTypeID="Shape" x="10" y="30" w="355" h="32" zOrder="1">
      <color>4294111986</color>
      <borderVisible>False</borderVisible>
      <font family="%E5%BE%AE%E8%BD%AF%E9%9B%85%E9%BB%91" displayName="%E5%BE%AE%E8%BD%AF%E9%9B%85%E9%BB%91" postScript="" weightStyle="Regular" weight="400" isBold="False" isItalic="False"/>
      <textSize>14</textSize>
      <lineSpacing>18</lineSpacing>
      <selectedIndex>-1</selectedIndex>
      <radius>8</radius>
    </control>
    <control controlID="977A1494-004F-4C84-B00E-3EA62381CA73" controlTypeID="Shape" x="70" y="113" w="159" h="63" zOrder="2">
      <font family="%E5%BE%AE%E8%BD%AF%E9%9B%85%E9%BB%91" displayName="%E5%BE%AE%E8%BD%AF%E9%9B%85%E9%BB%91" postScript="" weightStyle="Regular" weight="400" isBold="False" isItalic="False"/>
      <text>%E6%B7%BB%E5%8A%A0%E8%B4%A6%E6%88%B7</text>
      <textSize>14</textSize>
      <lineSpacing>18</lineSpacing>
      <selectedIndex>-1</selectedIndex>
    </control>
    <control controlID="905DF9DE-7089-434B-9491-B3A1047BADC0" controlTypeID="Shape" x="70" y="202" w="159" h="63" zOrder="3">
      <font family="%E5%BE%AE%E8%BD%AF%E9%9B%85%E9%BB%91" displayName="%E5%BE%AE%E8%BD%AF%E9%9B%85%E9%BB%91" postScript="" weightStyle="Regular" weight="400" isBold="False" isItalic="False"/>
      <text>%E8%AE%B0%E4%B8%80%E7%AC%94%E5%B8%90</text>
      <textSize>14</textSize>
      <lineSpacing>18</lineSpacing>
      <selectedIndex>-1</selectedIndex>
    </control>
    <control controlID="D1C69300-5CA4-4206-9FDD-2CD66C9B7DFB" controlTypeID="Shape" x="66" y="330" w="120" h="80" zOrder="4">
      <font family="%E5%BE%AE%E8%BD%AF%E9%9B%85%E9%BB%91" displayName="%E5%BE%AE%E8%BD%AF%E9%9B%85%E9%BB%91" postScript="" weightStyle="Regular" weight="400" isBold="False" isItalic="False"/>
      <text>%E5%88%9B%E5%BB%BA%E8%B4%A6%E6%9C%AC</text>
      <textSize>14</textSize>
      <lineSpacing>18</lineSpacing>
      <selectedIndex>-1</selectedIndex>
    </control>
  </controls>
  <param>
    <backgroundColor>4294967295</backgroundColor>
    <fontSize>0</fontSize>
    <fontFamily/>
    <guideLines/>
  </param>
</mockup>