﻿<mockup version="5.0" minAllowVersion="5.0" ID="8F8D4445-70A6-4062-B43A-3CAD4DB44836" platform="MtMobile" defaultW="375" defaultH="667" measureW="375" measureH="667" screenOrientation="MoPortrait" mobileScreenScale="1.77777779102325" clipArea="(0,0,0,0)">
  <controls controlCount="21">
    <control controlID="2E9ACC0F-634F-4ED7-9B1D-42F6A07EB8A5" controlTypeID="Shape" x="0" y="134" w="375" h="533" zOrder="0">
      <borderColor>4294111986</borderColor>
      <font family="%E5%BE%AE%E8%BD%AF%E9%9B%85%E9%BB%91" displayName="%E5%BE%AE%E8%BD%AF%E9%9B%85%E9%BB%91" postScript="" weightStyle="Regular" weight="400" isBold="False" isItalic="False"/>
      <textSize>14</textSize>
      <selectedIndex>-1</selectedIndex>
    </control>
    <control controlID="318A7B11-EE57-4D58-935E-FEF74840B812" controlTypeID="StatusBar(IOS)" x="0" y="0" w="375" h="20" zOrder="1"/>
    <control controlID="71C85305-D2A4-411D-A338-51CAF0C648D6" controlTypeID="Shape" x="10" y="30" w="355" h="32" zOrder="2">
      <color>4294111986</color>
      <borderVisible>False</borderVisible>
      <font family="%E5%BE%AE%E8%BD%AF%E9%9B%85%E9%BB%91" displayName="%E5%BE%AE%E8%BD%AF%E9%9B%85%E9%BB%91" postScript="" weightStyle="Regular" weight="400" isBold="False" isItalic="False"/>
      <textSize>14</textSize>
      <selectedIndex>-1</selectedIndex>
      <radius>8</radius>
    </control>
    <control controlID="B834C8B0-92CD-4664-9CA3-28D75D09BDB8" controlTypeID="ButtonBar" x="6" y="166" w="355" h="30" zOrder="3">
      <borderColor>4294927923</borderColor>
      <font family="%E5%BE%AE%E8%BD%AF%E9%9B%85%E9%BB%91" displayName="%E5%BE%AE%E8%BD%AF%E9%9B%85%E9%BB%91" postScript="" weightStyle="Regular" weight="400" isBold="False" isItalic="False"/>
      <text>%E8%B5%84%E9%87%91%2C%E6%8A%95%E8%B5%84%2C%E5%BA%94%E6%94%B6%2C%E5%BA%94%E4%BB%98</text>
      <textColor>4280821800</textColor>
      <textSize>14</textSize>
      <lineSpacing>0</lineSpacing>
      <useDefaultTextSize>False</useDefaultTextSize>
      <selectedColor>4294927923</selectedColor>
      <selectedTextColor>4294967295</selectedTextColor>
    </control>
    <control controlID="53272436-4C50-40DB-8067-FFAABC2A2A05" controlTypeID="Shape" x="6" y="206" w="355" h="50" zOrder="4">
      <color>4408131</color>
      <borderColor>4294111986</borderColor>
      <font family="%E5%BE%AE%E8%BD%AF%E9%9B%85%E9%BB%91" displayName="%E5%BE%AE%E8%BD%AF%E9%9B%85%E9%BB%91" postScript="" weightStyle="Regular" weight="400" isBold="False" isItalic="False"/>
      <text>++++++%E5%B7%A5%E5%95%86%E9%93%B6%E8%A1%8C%EF%BC%880855%EF%BC%89</text>
      <textColor>4280821800</textColor>
      <textSize>14</textSize>
      <textAlign>HaLeft</textAlign>
      <selectedIndex>-1</selectedIndex>
      <borderMode>[bmBottom]</borderMode>
    </control>
    <control controlID="C787FDCA-D016-47F7-AE47-44AF8656A711" controlTypeID="Shape" x="6" y="256" w="355" h="50" zOrder="5">
      <color>4408131</color>
      <borderColor>4294111986</borderColor>
      <font family="%E5%BE%AE%E8%BD%AF%E9%9B%85%E9%BB%91" displayName="%E5%BE%AE%E8%BD%AF%E9%9B%85%E9%BB%91" postScript="" weightStyle="Regular" weight="400" isBold="False" isItalic="False"/>
      <text>++++++%E6%94%AF%E4%BB%98%E5%AE%9D</text>
      <textColor>4280821800</textColor>
      <textSize>14</textSize>
      <textAlign>HaLeft</textAlign>
      <selectedIndex>-1</selectedIndex>
      <borderMode>[bmBottom]</borderMode>
    </control>
    <control controlID="A99B4587-2667-47A2-8AB3-BE277085C758" controlTypeID="Shape" x="6" y="306" w="355" h="50" zOrder="6">
      <color>4408131</color>
      <borderColor>4294111986</borderColor>
      <font family="%E5%BE%AE%E8%BD%AF%E9%9B%85%E9%BB%91" displayName="%E5%BE%AE%E8%BD%AF%E9%9B%85%E9%BB%91" postScript="" weightStyle="Regular" weight="400" isBold="False" isItalic="False"/>
      <text>++++++%E5%BE%AE%E4%BF%A1%E9%92%B1%E5%8C%85</text>
      <textColor>4280821800</textColor>
      <textSize>14</textSize>
      <textAlign>HaLeft</textAlign>
      <selectedIndex>-1</selectedIndex>
      <borderMode>[bmBottom]</borderMode>
    </control>
    <control controlID="438B0AE4-F5B0-423D-A6DA-5A767897458D" controlTypeID="Shape" x="6" y="356" w="355" h="50" zOrder="7">
      <color>4408131</color>
      <borderColor>4294111986</borderColor>
      <interactiveData>
        <entry title="">
          <area shape="0" alt="" ID="{FD72D686-12B5-44BF-BF49-473F3BB31067}" coords="(0,0,355,50)"/>
          <events title="">
            <event eventType="atClick" isChecked="True">
              <behaviour title="" isChecked="True" isWait="False" isLoop="False" execMode="emParallel">
                <target targetID="9EB12DB5-C50F-4C16-A8D3-84966A57486D" isChecked="True" isAutoRecovery="False" isLoop="False" execMode="emSequence">
                  <command name="Popup State Change" isChecked="True" descrition="">
                    <param name="AniInterpolation" value="0" varType="3" description=""/>
                    <param name="AniDuration" value="200" varType="3" description=""/>
                    <param name="AniAutoReverse" value="False" varType="11" description=""/>
                    <param name="AniLoop" value="False" varType="11" description=""/>
                    <param name="AniInterpolationTypeOut" value="False" varType="11" description=""/>
                    <param name="Delay" value="0" varType="3" description=""/>
                    <param name="Value" value="2" varType="3" description=""/>
                    <param name="AniType" value="0" varType="3" description=""/>
                  </command>
                </target>
              </behaviour>
            </event>
          </events>
        </entry>
      </interactiveData>
      <font family="%E5%BE%AE%E8%BD%AF%E9%9B%85%E9%BB%91" displayName="%E5%BE%AE%E8%BD%AF%E9%9B%85%E9%BB%91" postScript="" weightStyle="Regular" weight="400" isBold="False" isItalic="False"/>
      <text>++++++%2B%E5%85%B6%E4%BB%96%E8%B5%84%E4%BA%A7</text>
      <textColor>4294927923</textColor>
      <textSize>14</textSize>
      <textAlign>HaLeft</textAlign>
      <selectedIndex>-1</selectedIndex>
      <borderMode>[bmBottom]</borderMode>
    </control>
    <control controlID="14E4D44E-FCCB-4508-9E55-B5B6E49908D8" controlTypeID="Shape" x="0" y="617" w="375" h="50" zOrder="8">
      <color>2061821156</color>
      <borderColor>4293190884</borderColor>
      <font family="%E5%BE%AE%E8%BD%AF%E9%9B%85%E9%BB%91" displayName="%E5%BE%AE%E8%BD%AF%E9%9B%85%E9%BB%91" postScript="" weightStyle="Regular" weight="400" isBold="False" isItalic="False"/>
      <textSize>14</textSize>
      <selectedIndex>-1</selectedIndex>
      <borderMode>[bmTop]</borderMode>
    </control>
    <control controlID="5587F216-0528-4644-BD17-6C70DFEBEE7D" controlTypeID="Icon" x="20" y="630" w="24" h="24" zOrder="9">
      <color>4278742761</color>
      <icon>
        <ID>Back.png</ID>
        <iconFontName/>
        <iconCode>-1</iconCode>
      </icon>
      <URL>F28A9BD389A405EBE15629DBCBAE4D39.png</URL>
    </control>
    <control controlID="E663FAF2-0716-4D23-93A1-5E51E33A9B6B" controlTypeID="Icon" x="96" y="630" w="24" h="24" zOrder="10">
      <icon>
        <ID>Gt.png</ID>
        <iconFontName/>
        <iconCode>-1</iconCode>
      </icon>
      <URL>CB45C110EAD5D4B6FE87EACE6DCA921F.png</URL>
    </control>
    <control controlID="57E7B98F-D1CE-4A9A-915D-1D7EC8DCEBD7" controlTypeID="Icon" x="172" y="630" w="24" h="24" zOrder="11">
      <color>4278742761</color>
      <icon>
        <ID/>
        <iconFontName>jdIonicons</iconFontName>
        <iconCode>62666</iconCode>
      </icon>
      <URL>69343460E9407CF814C54637629A380F.svg</URL>
    </control>
    <control controlID="4AE65E8C-8DE4-46EF-B0DB-666EC2496674" controlTypeID="Icon" x="248" y="630" w="24" h="24" zOrder="12">
      <color>4278742761</color>
      <icon>
        <ID/>
        <iconFontName>jdIonicons</iconFontName>
        <iconCode>62439</iconCode>
      </icon>
      <URL>581821C142FFE2C30A1330D052EFFD70.svg</URL>
    </control>
    <control controlID="95BD02E6-3B60-4ADF-AA33-9B864293D1F0" controlTypeID="Icon" x="324" y="630" w="24" h="24" zOrder="13">
      <color>4278742761</color>
      <icon>
        <ID/>
        <iconFontName>jdIonicons</iconFontName>
        <iconCode>62593</iconCode>
      </icon>
      <URL>1442791C8160AB432B8A0564B9E0CEDB.svg</URL>
    </control>
    <control controlID="E80BE218-F942-4746-9EBA-909EE86DB9CB" controlTypeID="Icon" x="172" y="124" w="24" h="24" zOrder="14">
      <color>4292335575</color>
      <icon>
        <ID/>
        <iconFontName>jdFontAwesome</iconFontName>
        <iconCode>61699</iconCode>
      </icon>
      <URL>FEC2F2365137C3C3038DD9CB5B636744.svg</URL>
    </control>
    <control controlID="9EB12DB5-C50F-4C16-A8D3-84966A57486D" controlTypeID="PopupPanel" x="-91" y="263" w="46" h="46" zOrder="15">
      <color>4292335575</color>
      <groupChildrenDescriptors>
        <control controlID="3BAB624F-9A7B-4765-874D-15872746ACCB" controlTypeID="Panel" x="0" y="0" w="375" h="667" zOrder="0">
          <locked>True</locked>
          <color>4292335575</color>
          <borderVisible>False</borderVisible>
          <canMove>False</canMove>
          <alias>background</alias>
          <groupChildrenDescriptors>
            <control controlID="55DFF6DF-A94F-47D5-B794-8AFFEDF1E855" controlTypeID="Border" x="0" y="0" w="375" h="667" zOrder="0">
              <caption>%E8%BE%B9%E6%A1%86</caption>
              <borderVisible>False</borderVisible>
              <alias>borderLayer</alias>
            </control>
          </groupChildrenDescriptors>
          <thinkness>1</thinkness>
        </control>
        <control controlID="0F6E1209-E0AE-4674-8418-5502DC030AD6" controlTypeID="PopupPanelContent" x="10" y="329" w="355" h="40" zOrder="1">
          <color>16777215</color>
          <alias>content</alias>
          <groupChildrenDescriptors>
            <control controlID="F428F025-AD03-4818-AFB4-91E2EF326BDF" controlTypeID="Shape" x="0" y="0" w="271" h="39" zOrder="0">
              <borderColor>4290559164</borderColor>
              <font family="%E5%BE%AE%E8%BD%AF%E9%9B%85%E9%BB%91" displayName="%E5%BE%AE%E8%BD%AF%E9%9B%85%E9%BB%91" postScript="" weightStyle="Regular" weight="400" isBold="False" isItalic="False"/>
              <text>%E5%B8%90%E6%88%B7%E5%90%8D%E7%A7%B0</text>
              <textColor>4287006342</textColor>
              <textSize>14</textSize>
              <selectedIndex>-1</selectedIndex>
              <borderMode>[bmBottom]</borderMode>
            </control>
            <control controlID="B0995239-0389-4268-9BC3-16EB6B50FA6D" controlTypeID="Button" x="291" y="0" w="64" h="40" zOrder="1">
              <color>4294927923</color>
              <borderVisible>False</borderVisible>
              <font family="%E5%BE%AE%E8%BD%AF%E9%9B%85%E9%BB%91" displayName="%E5%BE%AE%E8%BD%AF%E9%9B%85%E9%BB%91" postScript="" weightStyle="Regular" weight="400" isBold="False" isItalic="False"/>
              <text>%E4%BF%9D+%E5%AD%98</text>
              <textColor>4294967295</textColor>
              <lineSpacing>0</lineSpacing>
              <useDefaultTextSize>False</useDefaultTextSize>
              <selectedIndex>-1</selectedIndex>
            </control>
          </groupChildrenDescriptors>
        </control>
      </groupChildrenDescriptors>
      <isBackgroundFade>True</isBackgroundFade>
      <aniType_Mobile>aniNone</aniType_Mobile>
      <closeByClickMode>cmClickAllArea</closeByClickMode>
      <positionComMode>pcTop</positionComMode>
    </control>
  </controls>
  <param>
    <backgroundColor>4294967295</backgroundColor>
    <fontSize>0</fontSize>
    <fontFamily/>
    <guideLines>
      <guideLine isLocked="False" isHori="True" value="440"/>
      <guideLine isLocked="False" isHori="True" value="500"/>
      <guideLine isLocked="False" isHori="True" value="464"/>
    </guideLines>
  </param>
</mockup>