﻿<mockup version="5.0" minAllowVersion="5.0" ID="973F4F62-50DE-41DD-99B9-F37A86091131" platform="MtMobile" defaultW="375" defaultH="667" measureW="375" measureH="765" screenOrientation="MoPortrait" mobileScreenScale="1.77777779102325" clipArea="(0,0,375,719)">
  <controls controlCount="40">
    <control controlID="5C2B0BC2-A23D-4857-8A2E-CF9B75358920" controlTypeID="Shape" x="0" y="132" w="375" h="37" zOrder="0">
      <borderColor>4292335575</borderColor>
      <font family="%E5%BE%AE%E8%BD%AF%E9%9B%85%E9%BB%91" displayName="%E5%BE%AE%E8%BD%AF%E9%9B%85%E9%BB%91" postScript="" weightStyle="Regular" weight="400" isBold="False" isItalic="False"/>
      <textSize>14</textSize>
      <selectedIndex>-1</selectedIndex>
      <borderMode>[bmBottom]</borderMode>
    </control>
    <control controlID="318A7B11-EE57-4D58-935E-FEF74840B812" controlTypeID="StatusBar(IOS)" x="0" y="0" w="375" h="20" zOrder="1"/>
    <control controlID="71C85305-D2A4-411D-A338-51CAF0C648D6" controlTypeID="Shape" x="10" y="30" w="355" h="32" zOrder="2">
      <color>4294111986</color>
      <borderVisible>False</borderVisible>
      <font family="%E5%BE%AE%E8%BD%AF%E9%9B%85%E9%BB%91" displayName="%E5%BE%AE%E8%BD%AF%E9%9B%85%E9%BB%91" postScript="" weightStyle="Regular" weight="400" isBold="False" isItalic="False"/>
      <textSize>14</textSize>
      <selectedIndex>-1</selectedIndex>
      <radius>8</radius>
    </control>
    <control controlID="51EA96C1-8D19-43CB-887B-8D64F14BD587" controlTypeID="Line" x="2" y="73" w="371" h="1" zOrder="3">
      <color>4294111986</color>
      <font family="%E5%BE%AE%E8%BD%AF%E9%9B%85%E9%BB%91" displayName="%E5%BE%AE%E8%BD%AF%E9%9B%85%E9%BB%91" postScript="" weightStyle="Regular" weight="400" isBold="False" isItalic="False"/>
      <textColor>4293190884</textColor>
      <textSize>14</textSize>
      <lineSpacing>0</lineSpacing>
      <selectedIndex>-1</selectedIndex>
      <controlPoint>(186,0)</controlPoint>
      <startPoint>(0,0)</startPoint>
      <endPoint>(371,0)</endPoint>
    </control>
    <control controlID="EE8F479F-6B79-45CF-A8F5-1B7847302029" controlTypeID="Label" x="10" y="141" w="33" h="19" zOrder="4">
      <font family="%E5%BE%AE%E8%BD%AF%E9%9B%85%E9%BB%91" displayName="%E5%BE%AE%E8%BD%AF%E9%9B%85%E9%BB%91" postScript="" weightStyle="Regular" weight="400" isBold="False" isItalic="False"/>
      <text>%E8%B5%84%E4%BA%A7</text>
      <lineSpacing>0</lineSpacing>
      <selectedIndex>-1</selectedIndex>
    </control>
    <control controlID="04B42A47-ECEC-4F3C-A7E4-7EB6D46C6E85" controlTypeID="Label" x="277" y="141" w="77" h="19" zOrder="5">
      <font family="%E5%BE%AE%E8%BD%AF%E9%9B%85%E9%BB%91" displayName="%E5%BE%AE%E8%BD%AF%E9%9B%85%E9%BB%91" postScript="" weightStyle="Regular" weight="400" isBold="False" isItalic="False"/>
      <text>555%2C555.00</text>
      <lineSpacing>0</lineSpacing>
      <selectedIndex>-1</selectedIndex>
    </control>
    <control controlID="46220C51-99F9-47ED-8DD9-466DAAE88A1E" controlTypeID="__group__" x="5" y="181" w="167" h="100" zOrder="6">
      <groupChildrenDescriptors>
        <control controlID="6567F246-CBAC-49E1-98C2-EDB0D5AA4572" controlTypeID="Shape" x="0" y="0" w="167" h="100" zOrder="0">
          <color>4294927923</color>
          <borderVisible>False</borderVisible>
          <font family="%E5%BE%AE%E8%BD%AF%E9%9B%85%E9%BB%91" displayName="%E5%BE%AE%E8%BD%AF%E9%9B%85%E9%BB%91" postScript="" weightStyle="Regular" weight="400" isBold="False" isItalic="False"/>
          <textSize>14</textSize>
          <selectedIndex>-1</selectedIndex>
        </control>
        <control controlID="5B497C1B-EA04-4CE7-8BFD-FCAFB6EF11C0" controlTypeID="Label" x="12" y="13" w="100" h="16" zOrder="1">
          <font family="%E5%BE%AE%E8%BD%AF%E9%9B%85%E9%BB%91" displayName="%E5%BE%AE%E8%BD%AF%E9%9B%85%E9%BB%91" postScript="" weightStyle="Regular" weight="400" isBold="False" isItalic="False"/>
          <text>%E5%B7%A5%E5%95%86%E9%93%B6%E8%A1%8C%EF%BC%880855%EF%BC%89</text>
          <textColor>4294967295</textColor>
          <textSize>12</textSize>
          <lineSpacing>0</lineSpacing>
          <useDefaultTextSize>False</useDefaultTextSize>
          <selectedIndex>-1</selectedIndex>
        </control>
        <control controlID="44483039-B351-4F54-B356-757DDE6445B9" controlTypeID="Label" x="28" y="43" w="110" h="27" zOrder="2">
          <font family="%E5%BE%AE%E8%BD%AF%E9%9B%85%E9%BB%91" displayName="%E5%BE%AE%E8%BD%AF%E9%9B%85%E9%BB%91" postScript="" weightStyle="Regular" weight="400" isBold="False" isItalic="False"/>
          <text>500%2C000%2C00</text>
          <textColor>4294967295</textColor>
          <textSize>20</textSize>
          <lineSpacing>0</lineSpacing>
          <useDefaultTextSize>False</useDefaultTextSize>
          <selectedIndex>-1</selectedIndex>
        </control>
      </groupChildrenDescriptors>
    </control>
    <control controlID="0B4292AD-C748-4CD0-9E0A-51B7CD25923E" controlTypeID="__group__" x="192" y="181" w="167" h="100" zOrder="7">
      <groupChildrenDescriptors>
        <control controlID="BDEA423F-C8D1-4B7C-A530-6BBECFCF5562" controlTypeID="Shape" x="0" y="0" w="167" h="100" zOrder="0">
          <color>4278190335</color>
          <borderVisible>False</borderVisible>
          <font family="%E5%BE%AE%E8%BD%AF%E9%9B%85%E9%BB%91" displayName="%E5%BE%AE%E8%BD%AF%E9%9B%85%E9%BB%91" postScript="" weightStyle="Regular" weight="400" isBold="False" isItalic="False"/>
          <textSize>14</textSize>
          <selectedIndex>-1</selectedIndex>
        </control>
        <control controlID="670E1A40-6BBD-46D9-9D84-B97408D0EE26" controlTypeID="Label" x="12" y="13" w="100" h="16" zOrder="1">
          <font family="%E5%BE%AE%E8%BD%AF%E9%9B%85%E9%BB%91" displayName="%E5%BE%AE%E8%BD%AF%E9%9B%85%E9%BB%91" postScript="" weightStyle="Regular" weight="400" isBold="False" isItalic="False"/>
          <text>%E5%B7%A5%E5%95%86%E9%93%B6%E8%A1%8C%EF%BC%880855%EF%BC%89</text>
          <textColor>4294967295</textColor>
          <textSize>12</textSize>
          <lineSpacing>0</lineSpacing>
          <useDefaultTextSize>False</useDefaultTextSize>
          <selectedIndex>-1</selectedIndex>
        </control>
        <control controlID="F0F67699-8071-4958-9D1F-5F3A7ECEC2AA" controlTypeID="Label" x="28" y="43" w="110" h="27" zOrder="2">
          <font family="%E5%BE%AE%E8%BD%AF%E9%9B%85%E9%BB%91" displayName="%E5%BE%AE%E8%BD%AF%E9%9B%85%E9%BB%91" postScript="" weightStyle="Regular" weight="400" isBold="False" isItalic="False"/>
          <text>500%2C000%2C00</text>
          <textColor>4294967295</textColor>
          <textSize>20</textSize>
          <lineSpacing>0</lineSpacing>
          <useDefaultTextSize>False</useDefaultTextSize>
          <selectedIndex>-1</selectedIndex>
        </control>
      </groupChildrenDescriptors>
    </control>
    <control controlID="FC0FCD47-BD79-47FB-AF5B-2071B67D11D0" controlTypeID="Shape" x="0" y="296" w="375" h="37" zOrder="8">
      <color>15921906</color>
      <borderColor>4292335575</borderColor>
      <font family="%E5%BE%AE%E8%BD%AF%E9%9B%85%E9%BB%91" displayName="%E5%BE%AE%E8%BD%AF%E9%9B%85%E9%BB%91" postScript="" weightStyle="Regular" weight="400" isBold="False" isItalic="False"/>
      <textSize>14</textSize>
      <selectedIndex>-1</selectedIndex>
      <borderMode>[bmBottom]</borderMode>
    </control>
    <control controlID="17EE0771-81D5-4C91-81FF-38826F294013" controlTypeID="Label" x="10" y="305" w="33" h="19" zOrder="9">
      <font family="%E5%BE%AE%E8%BD%AF%E9%9B%85%E9%BB%91" displayName="%E5%BE%AE%E8%BD%AF%E9%9B%85%E9%BB%91" postScript="" weightStyle="Regular" weight="400" isBold="False" isItalic="False"/>
      <text>%E8%B4%9F%E5%80%BA</text>
      <lineSpacing>0</lineSpacing>
      <selectedIndex>-1</selectedIndex>
    </control>
    <control controlID="16A81767-5E87-4F7F-BD0D-14DF4ECBC5B3" controlTypeID="Label" x="277" y="305" w="77" h="19" zOrder="10">
      <font family="%E5%BE%AE%E8%BD%AF%E9%9B%85%E9%BB%91" displayName="%E5%BE%AE%E8%BD%AF%E9%9B%85%E9%BB%91" postScript="" weightStyle="Regular" weight="400" isBold="False" isItalic="False"/>
      <text>100%2C000.00</text>
      <lineSpacing>0</lineSpacing>
      <selectedIndex>-1</selectedIndex>
    </control>
    <control controlID="4664914C-EF3F-46AD-9710-75197E8F6374" controlTypeID="__group__" x="0" y="343" w="167" h="100" zOrder="11">
      <groupChildrenDescriptors>
        <control controlID="4DA90417-B602-4149-8F29-09A3A80B6CB4" controlTypeID="Shape" x="0" y="0" w="167" h="100" zOrder="0">
          <color>4294927923</color>
          <borderVisible>False</borderVisible>
          <font family="%E5%BE%AE%E8%BD%AF%E9%9B%85%E9%BB%91" displayName="%E5%BE%AE%E8%BD%AF%E9%9B%85%E9%BB%91" postScript="" weightStyle="Regular" weight="400" isBold="False" isItalic="False"/>
          <textSize>14</textSize>
          <selectedIndex>-1</selectedIndex>
        </control>
        <control controlID="FEF38E5F-650D-4D4E-8CA5-1C9C7101C1AD" controlTypeID="Label" x="12" y="13" w="28" h="16" zOrder="1">
          <font family="%E5%BE%AE%E8%BD%AF%E9%9B%85%E9%BB%91" displayName="%E5%BE%AE%E8%BD%AF%E9%9B%85%E9%BB%91" postScript="" weightStyle="Regular" weight="400" isBold="False" isItalic="False"/>
          <text>%E5%80%9F%E5%85%A5</text>
          <textColor>4294967295</textColor>
          <textSize>12</textSize>
          <lineSpacing>0</lineSpacing>
          <useDefaultTextSize>False</useDefaultTextSize>
          <selectedIndex>-1</selectedIndex>
        </control>
        <control controlID="6A090A51-2BF7-4BF7-888D-91D3FAA22C67" controlTypeID="Label" x="28" y="43" w="98" h="27" zOrder="2">
          <font family="%E5%BE%AE%E8%BD%AF%E9%9B%85%E9%BB%91" displayName="%E5%BE%AE%E8%BD%AF%E9%9B%85%E9%BB%91" postScript="" weightStyle="Regular" weight="400" isBold="False" isItalic="False"/>
          <text>40%2C000%2C00</text>
          <textColor>4294967295</textColor>
          <textSize>20</textSize>
          <lineSpacing>0</lineSpacing>
          <useDefaultTextSize>False</useDefaultTextSize>
          <selectedIndex>-1</selectedIndex>
        </control>
      </groupChildrenDescriptors>
    </control>
    <control controlID="FEEDB40F-16D5-4A98-BDEB-3F71FC341D26" controlTypeID="__group__" x="192" y="343" w="167" h="100" zOrder="12">
      <groupChildrenDescriptors>
        <control controlID="70AAD813-53C2-4830-97BB-C7D37590DA51" controlTypeID="Shape" x="0" y="0" w="167" h="100" zOrder="0">
          <color>4278190335</color>
          <borderVisible>False</borderVisible>
          <font family="%E5%BE%AE%E8%BD%AF%E9%9B%85%E9%BB%91" displayName="%E5%BE%AE%E8%BD%AF%E9%9B%85%E9%BB%91" postScript="" weightStyle="Regular" weight="400" isBold="False" isItalic="False"/>
          <textSize>14</textSize>
          <selectedIndex>-1</selectedIndex>
        </control>
        <control controlID="6DFCBE2F-F61E-40ED-9821-0C0482EAEED6" controlTypeID="Label" x="12" y="13" w="28" h="16" zOrder="1">
          <font family="%E5%BE%AE%E8%BD%AF%E9%9B%85%E9%BB%91" displayName="%E5%BE%AE%E8%BD%AF%E9%9B%85%E9%BB%91" postScript="" weightStyle="Regular" weight="400" isBold="False" isItalic="False"/>
          <text>%E8%B4%B7%E6%AC%BE</text>
          <textColor>4294967295</textColor>
          <textSize>12</textSize>
          <lineSpacing>0</lineSpacing>
          <useDefaultTextSize>False</useDefaultTextSize>
          <selectedIndex>-1</selectedIndex>
        </control>
        <control controlID="72C53B94-5F31-4A93-8B3C-2AA3D781A7ED" controlTypeID="Label" x="28" y="43" w="98" h="27" zOrder="2">
          <font family="%E5%BE%AE%E8%BD%AF%E9%9B%85%E9%BB%91" displayName="%E5%BE%AE%E8%BD%AF%E9%9B%85%E9%BB%91" postScript="" weightStyle="Regular" weight="400" isBold="False" isItalic="False"/>
          <text>60%2C000%2C00</text>
          <textColor>4294967295</textColor>
          <textSize>20</textSize>
          <lineSpacing>0</lineSpacing>
          <useDefaultTextSize>False</useDefaultTextSize>
          <selectedIndex>-1</selectedIndex>
        </control>
      </groupChildrenDescriptors>
    </control>
    <control controlID="EC03603C-9209-486C-8F71-1BFA8544753B" controlTypeID="Master" x="0" y="714" w="375" h="50" zOrder="13" masterID="468B7B02-E4B7-4B91-B147-DE0B82B9218A">
      <groupChildrenDescriptors>
        <control controlID="AB3CD9FE-6A16-4E8E-B994-B6C08D410ED6" controlTypeID="Shape" x="0" y="0" w="375" h="50" zOrder="0">
          <color>2061821156</color>
          <borderColor>4293190884</borderColor>
          <font family="%E5%BE%AE%E8%BD%AF%E9%9B%85%E9%BB%91" displayName="%E5%BE%AE%E8%BD%AF%E9%9B%85%E9%BB%91" postScript="" weightStyle="Regular" weight="400" isBold="False" isItalic="False"/>
          <textSize>14</textSize>
          <selectedIndex>-1</selectedIndex>
          <borderMode>[bmTop]</borderMode>
        </control>
        <control controlID="BBC04916-9C5D-4615-8BB9-8A4358C030B7" controlTypeID="Icon" x="20" y="13" w="24" h="24" zOrder="1">
          <color>4278742761</color>
          <icon>
            <ID>Back.png</ID>
            <iconFontName/>
            <iconCode>-1</iconCode>
          </icon>
        </control>
        <control controlID="33B70E3C-0000-45C8-8EC2-4B7961694CE3" controlTypeID="Icon" x="96" y="13" w="24" h="24" zOrder="2">
          <icon>
            <ID>Gt.png</ID>
            <iconFontName/>
            <iconCode>-1</iconCode>
          </icon>
        </control>
        <control controlID="832A275E-C927-4A40-9563-EDAF64881F0B" controlTypeID="Icon" x="172" y="13" w="24" h="24" zOrder="3">
          <color>4278742761</color>
          <icon>
            <ID/>
            <iconFontName>jdIonicons</iconFontName>
            <iconCode>62666</iconCode>
          </icon>
          <URL>69343460E9407CF814C54637629A380F.svg</URL>
        </control>
        <control controlID="9CB0F4C7-CD3D-499B-9721-527566C6F4ED" controlTypeID="Icon" x="248" y="13" w="24" h="24" zOrder="4">
          <color>4278742761</color>
          <icon>
            <ID/>
            <iconFontName>jdIonicons</iconFontName>
            <iconCode>62439</iconCode>
          </icon>
          <URL>581821C142FFE2C30A1330D052EFFD70.svg</URL>
        </control>
        <control controlID="F044D4E8-7026-4650-8B13-15A8A1299133" controlTypeID="Icon" x="324" y="13" w="24" h="24" zOrder="5">
          <color>4278742761</color>
          <icon>
            <ID/>
            <iconFontName>jdIonicons</iconFontName>
            <iconCode>62593</iconCode>
          </icon>
          <URL>1442791C8160AB432B8A0564B9E0CEDB.svg</URL>
        </control>
      </groupChildrenDescriptors>
    </control>
    <control controlID="699B6AE5-5326-48F8-874D-2613F86E20BD" controlTypeID="Shape" x="0" y="72" w="375" h="41" zOrder="14">
      <color>4294927923</color>
      <borderVisible>False</borderVisible>
      <font family="%E5%BE%AE%E8%BD%AF%E9%9B%85%E9%BB%91" displayName="%E5%BE%AE%E8%BD%AF%E9%9B%85%E9%BB%91" postScript="" weightStyle="Regular" weight="400" isBold="False" isItalic="False"/>
      <textSize>14</textSize>
      <selectedIndex>-1</selectedIndex>
    </control>
    <control controlID="0E6D80D9-C4C3-4421-9AAA-74768EBB505A" controlTypeID="Label" x="153" y="81" w="70" h="22" zOrder="15">
      <font family="%E5%BE%AE%E8%BD%AF%E9%9B%85%E9%BB%91" displayName="%E5%BE%AE%E8%BD%AF%E9%9B%85%E9%BB%91" postScript="" weightStyle="Regular" weight="400" isBold="False" isItalic="False"/>
      <text>%E5%8D%97%E7%93%9C%E8%AE%B0%E8%B4%A6</text>
      <textColor>4294967295</textColor>
      <textSize>16</textSize>
      <lineSpacing>0</lineSpacing>
      <useDefaultTextSize>False</useDefaultTextSize>
      <selectedIndex>-1</selectedIndex>
    </control>
    <control controlID="8CD1E005-A8E3-4BFD-9655-52E760BB0CDC" controlTypeID="Icon" x="331" y="80" w="24" h="24" zOrder="16">
      <color>4294967295</color>
      <links eventType="AtClick" animate="AmNone" animateAutoDelay="0" animateDuration="500">
        <link targetPageID="6F6E2846-2547-4E28-B5E9-9065DDEE083E" linkType="ltPageLink" isApplyIncludePage="False" title="%E6%88%91">
          <area shape="0" alt="" ID="{08AC29CD-838A-43A9-B862-D8C3F0D65315}" coords="(0,0,24,24)"/>
        </link>
      </links>
      <icon>
        <ID/>
        <iconFontName>jdiconfontB</iconFontName>
        <iconCode>59648</iconCode>
      </icon>
      <URL>42CF9E031360EBC09387427849BF6328.svg</URL>
    </control>
    <control controlID="99025ADE-2BCD-46F5-97D5-36D81A6E0FBE" controlTypeID="Image" x="10" y="76" w="32" h="32" zOrder="17"/>
    <control controlID="39CE5A0F-243F-4C6B-9E34-DFA9DDC76037" controlTypeID="PopupPanel" x="-88" y="135" w="46" h="46" zOrder="18">
      <groupChildrenDescriptors>
        <control controlID="AC9E64AD-78BF-4AAD-A94C-6229DE2ED36C" controlTypeID="Panel" x="0" y="0" w="375" h="765" zOrder="0">
          <locked>True</locked>
          <color>1879048192</color>
          <borderVisible>False</borderVisible>
          <canMove>False</canMove>
          <alias>background</alias>
          <groupChildrenDescriptors>
            <control controlID="6EE5B93C-8147-40A4-B656-139934E68833" controlTypeID="Border" x="0" y="0" w="375" h="765" zOrder="0">
              <caption>%E8%BE%B9%E6%A1%86</caption>
              <borderVisible>False</borderVisible>
              <alias>borderLayer</alias>
            </control>
          </groupChildrenDescriptors>
          <thinkness>1</thinkness>
        </control>
        <control controlID="1CA2E8D0-2B57-45EF-84E4-61D9A176A3BA" controlTypeID="PopupPanelContent" x="38" y="234" w="300" h="200" zOrder="1">
          <color>16777215</color>
          <alias>content</alias>
          <groupChildrenDescriptors/>
        </control>
      </groupChildrenDescriptors>
    </control>
  </controls>
  <param>
    <backgroundColor>4294967295</backgroundColor>
    <fontSize>0</fontSize>
    <fontFamily/>
    <guideLines>
      <guideLine isLocked="False" isHori="True" value="444"/>
      <guideLine isLocked="False" isHori="True" value="576"/>
      <guideLine isLocked="False" isHori="True" value="462"/>
    </guideLines>
  </param>
</mockup>