﻿<mockup version="5.0" minAllowVersion="5.0" ID="C08BC718-2609-45F6-93DC-0330FDA3096F" platform="MtMobile" defaultW="375" defaultH="667" measureW="375" measureH="667" screenOrientation="MoPortrait" mobileScreenScale="1.77777779102325" clipArea="(0,0,0,0)">
  <controls controlCount="29">
    <control controlID="318A7B11-EE57-4D58-935E-FEF74840B812" controlTypeID="StatusBar(IOS)" x="0" y="0" w="375" h="20" zOrder="0"/>
    <control controlID="71C85305-D2A4-411D-A338-51CAF0C648D6" controlTypeID="Shape" x="10" y="30" w="355" h="32" zOrder="1">
      <color>4294111986</color>
      <borderVisible>False</borderVisible>
      <font family="%E5%BE%AE%E8%BD%AF%E9%9B%85%E9%BB%91" displayName="%E5%BE%AE%E8%BD%AF%E9%9B%85%E9%BB%91" postScript="" weightStyle="Regular" weight="400" isBold="False" isItalic="False"/>
      <textSize>14</textSize>
      <selectedIndex>-1</selectedIndex>
      <radius>8</radius>
    </control>
    <control controlID="4752C734-44AF-44FD-824F-0F98B90FBF62" controlTypeID="Label" x="21" y="191" w="67" h="27" zOrder="2">
      <font family="%E5%BE%AE%E8%BD%AF%E9%9B%85%E9%BB%91" displayName="%E5%BE%AE%E8%BD%AF%E9%9B%85%E9%BB%91" postScript="" weightStyle="Regular" weight="400" isBold="False" isItalic="False"/>
      <text>%EF%BF%A50.00</text>
      <textColor>4294927923</textColor>
      <textSize>20</textSize>
      <lineSpacing>0</lineSpacing>
      <useDefaultTextSize>False</useDefaultTextSize>
      <selectedIndex>-1</selectedIndex>
    </control>
    <control controlID="D85AE98C-2076-4D46-ABB9-2EE8DEDCC328" controlTypeID="Shape" x="18" y="114" w="133" h="55" zOrder="3">
      <color>15921906</color>
      <borderColor>4294901760</borderColor>
      <interactiveData>
        <entry title="">
          <area shape="0" alt="" ID="{9C98BC52-5F3D-440C-818A-82D4EAD48EA2}" coords="(0,0,133,55)"/>
          <events title="">
            <event eventType="atClick" isChecked="True">
              <behaviour title="" isChecked="True" isWait="False" isLoop="False" execMode="emParallel">
                <target targetID="9EB12DB5-C50F-4C16-A8D3-84966A57486D" isChecked="True" isAutoRecovery="False" isLoop="False" execMode="emSequence">
                  <command name="Popup State Change" isChecked="True" descrition="">
                    <param name="AniInterpolation" value="0" varType="3" description=""/>
                    <param name="AniDuration" value="200" varType="3" description=""/>
                    <param name="AniAutoReverse" value="False" varType="11" description=""/>
                    <param name="AniLoop" value="False" varType="11" description=""/>
                    <param name="AniInterpolationTypeOut" value="False" varType="11" description=""/>
                    <param name="Delay" value="0" varType="3" description=""/>
                    <param name="Value" value="0" varType="3" description=""/>
                    <param name="AniType" value="0" varType="3" description=""/>
                  </command>
                </target>
                <target targetID="D85AE98C-2076-4D46-ABB9-2EE8DEDCC328" IsNeedReplaceAsSelfID="True" isChecked="True" isAutoRecovery="False" isLoop="False" execMode="emSequence">
                  <command name="Set Text Color" isChecked="True" descrition="">
                    <param name="AniInterpolation" value="0" varType="3" description=""/>
                    <param name="AniDuration" value="200" varType="3" description=""/>
                    <param name="AniAutoReverse" value="False" varType="11" description=""/>
                    <param name="AniLoop" value="False" varType="11" description=""/>
                    <param name="AniInterpolationTypeOut" value="False" varType="11" description=""/>
                    <param name="Delay" value="0" varType="3" description=""/>
                    <param name="FromValue" value="0" varType="20" description=""/>
                    <param name="ToValue" value="4294927923" varType="20" description=""/>
                  </command>
                </target>
              </behaviour>
            </event>
          </events>
        </entry>
      </interactiveData>
      <font family="%E5%BE%AE%E8%BD%AF%E9%9B%85%E9%BB%91" displayName="%E5%BE%AE%E8%BD%AF%E9%9B%85%E9%BB%91" postScript="" weightStyle="Regular" weight="400" isBold="False" isItalic="False"/>
      <text>%E9%80%89%E6%8B%A9%E6%B5%81%E6%B0%B4%E6%9D%A5%E6%BA%90</text>
      <textColor>4285229931</textColor>
      <textSize>14</textSize>
      <selectedIndex>-1</selectedIndex>
      <borderMode>[bmBottom]</borderMode>
    </control>
    <control controlID="0C9E4A56-7C08-45FA-BCBE-D35A4EE48AFC" controlTypeID="Shape" x="15" y="232" w="340" h="36" zOrder="4">
      <borderColor>4294111986</borderColor>
      <font family="%E5%BE%AE%E8%BD%AF%E9%9B%85%E9%BB%91" displayName="%E5%BE%AE%E8%BD%AF%E9%9B%85%E9%BB%91" postScript="" weightStyle="Regular" weight="400" isBold="False" isItalic="False"/>
      <text>%E5%A4%87%E6%B3%A8...</text>
      <textColor>4287927444</textColor>
      <textSize>14</textSize>
      <textAlign>HaLeft</textAlign>
      <selectedIndex>-1</selectedIndex>
      <borderMode>[bmBottom]</borderMode>
    </control>
    <control controlID="CA4F2A20-728E-414F-8810-CA3E4156EF8A" controlTypeID="Shape" x="216" y="115" w="137" h="55" zOrder="5">
      <color>15921906</color>
      <borderColor>4294901760</borderColor>
      <interactiveData>
        <entry title="">
          <area shape="0" alt="" ID="{0EB4D692-49DC-45FE-8D0A-D7586BD8BE08}" coords="(0,0,137,55)"/>
          <events title="">
            <event eventType="atClick" isChecked="True">
              <behaviour title="" isChecked="True" isWait="False" isLoop="False" execMode="emParallel">
                <target targetID="9EB12DB5-C50F-4C16-A8D3-84966A57486D" isChecked="True" isAutoRecovery="False" isLoop="False" execMode="emSequence">
                  <command name="Popup State Change" isChecked="True" descrition="">
                    <param name="AniInterpolation" value="0" varType="3" description=""/>
                    <param name="AniDuration" value="200" varType="3" description=""/>
                    <param name="AniAutoReverse" value="False" varType="11" description=""/>
                    <param name="AniLoop" value="False" varType="11" description=""/>
                    <param name="AniInterpolationTypeOut" value="False" varType="11" description=""/>
                    <param name="Delay" value="0" varType="3" description=""/>
                    <param name="Value" value="0" varType="3" description=""/>
                    <param name="AniType" value="0" varType="3" description=""/>
                  </command>
                </target>
                <target targetID="CA4F2A20-728E-414F-8810-CA3E4156EF8A" IsNeedReplaceAsSelfID="True" isChecked="True" isAutoRecovery="False" isLoop="False" execMode="emSequence">
                  <command name="Set Text Color" isChecked="True" descrition="">
                    <param name="AniInterpolation" value="0" varType="3" description=""/>
                    <param name="AniDuration" value="200" varType="3" description=""/>
                    <param name="AniAutoReverse" value="False" varType="11" description=""/>
                    <param name="AniLoop" value="False" varType="11" description=""/>
                    <param name="AniInterpolationTypeOut" value="False" varType="11" description=""/>
                    <param name="Delay" value="0" varType="3" description=""/>
                    <param name="FromValue" value="0" varType="20" description=""/>
                    <param name="ToValue" value="4294927923" varType="20" description=""/>
                  </command>
                </target>
              </behaviour>
            </event>
          </events>
        </entry>
      </interactiveData>
      <font family="%E5%BE%AE%E8%BD%AF%E9%9B%85%E9%BB%91" displayName="%E5%BE%AE%E8%BD%AF%E9%9B%85%E9%BB%91" postScript="" weightStyle="Regular" weight="400" isBold="False" isItalic="False"/>
      <text>%E9%80%89%E6%8B%A9%E6%B5%81%E6%B0%B4%E5%8E%BB%E5%90%91</text>
      <textColor>4285229931</textColor>
      <textSize>14</textSize>
      <selectedIndex>-1</selectedIndex>
      <borderMode>[bmBottom]</borderMode>
    </control>
    <control controlID="93E4E593-BA63-4106-B514-0F7BF157FDBB" controlTypeID="Icon" x="174" y="130" w="24" h="24" zOrder="6">
      <color>4294927923</color>
      <icon>
        <ID/>
        <iconFontName>jdIonicons</iconFontName>
        <iconCode>62223</iconCode>
      </icon>
      <URL>84E43FD667F4EA128EEFBAD7B03B51F5.svg</URL>
    </control>
    <control controlID="EDD839AE-D60B-4E67-A19F-E660DAB1514B" controlTypeID="Button" x="15" y="337" w="160" h="40" zOrder="7">
      <color>16711680</color>
      <borderColor>4294927923</borderColor>
      <font family="%E5%BE%AE%E8%BD%AF%E9%9B%85%E9%BB%91" displayName="%E5%BE%AE%E8%BD%AF%E9%9B%85%E9%BB%91" postScript="" weightStyle="Regular" weight="400" isBold="False" isItalic="False"/>
      <text>%E5%86%8D%E8%AE%B0%E4%B8%80%E7%AC%94</text>
      <textColor>4294901760</textColor>
      <lineSpacing>0</lineSpacing>
      <selectedIndex>-1</selectedIndex>
      <radius>0</radius>
    </control>
    <control controlID="AD131262-3AD3-4AED-901B-7EE41CBDDEFF" controlTypeID="Button" x="189" y="337" w="160" h="40" zOrder="8">
      <color>4294927923</color>
      <borderVisible>False</borderVisible>
      <links eventType="AtClick" animate="AmNone" animateAutoDelay="0" animateDuration="500">
        <link targetPageID="F4AE4E13-1303-4685-99EB-64824D18EC9B" linkType="ltPageLink" isApplyIncludePage="False" title="%E6%9C%88%E6%B5%81%E6%B0%B4">
          <area shape="0" alt="" ID="{7593E927-3A88-456C-868D-A7F721C535F6}" coords="(0,0,160,40)"/>
        </link>
      </links>
      <font family="%E5%BE%AE%E8%BD%AF%E9%9B%85%E9%BB%91" displayName="%E5%BE%AE%E8%BD%AF%E9%9B%85%E9%BB%91" postScript="" weightStyle="Regular" weight="400" isBold="False" isItalic="False"/>
      <text>%E4%BF%9D%E5%AD%98</text>
      <textColor>4294967295</textColor>
      <lineSpacing>0</lineSpacing>
      <selectedIndex>-1</selectedIndex>
      <radius>0</radius>
    </control>
    <control controlID="B2477C35-068F-4560-8C99-16F6AB89F312" controlTypeID="Shape" x="0" y="72" w="375" h="41" zOrder="9">
      <color>4294927923</color>
      <borderVisible>False</borderVisible>
      <font family="%E5%BE%AE%E8%BD%AF%E9%9B%85%E9%BB%91" displayName="%E5%BE%AE%E8%BD%AF%E9%9B%85%E9%BB%91" postScript="" weightStyle="Regular" weight="400" isBold="False" isItalic="False"/>
      <textSize>14</textSize>
      <selectedIndex>-1</selectedIndex>
    </control>
    <control controlID="3C1BD742-7669-4D81-9647-207E5CF131F1" controlTypeID="Icon" x="10" y="83" w="18" h="18" zOrder="10">
      <color>4294967295</color>
      <links eventType="AtClick" animate="AmNone" animateAutoDelay="0" animateDuration="500">
        <link targetPageID="F4AE4E13-1303-4685-99EB-64824D18EC9B" linkType="ltPageLink" isApplyIncludePage="False" title="%E6%9C%88%E6%B5%81%E6%B0%B4">
          <area shape="0" alt="" ID="{DD594944-F0B0-400B-96B8-513D78F32D0A}" coords="(0,0,18,18)"/>
        </link>
      </links>
      <icon>
        <ID/>
        <iconFontName>jdIonicons</iconFontName>
        <iconCode>62418</iconCode>
      </icon>
      <URL>91852B86E51F760894554368302F9800.svg</URL>
    </control>
    <control controlID="257466D3-2D32-410B-8057-68D3ACF907C1" controlTypeID="Label" x="153" y="81" w="70" h="22" zOrder="11">
      <font family="%E5%BE%AE%E8%BD%AF%E9%9B%85%E9%BB%91" displayName="%E5%BE%AE%E8%BD%AF%E9%9B%85%E9%BB%91" postScript="" weightStyle="Regular" weight="400" isBold="False" isItalic="False"/>
      <text>%E5%8D%97%E7%93%9C%E8%AE%B0%E8%B4%A6</text>
      <textColor>4294967295</textColor>
      <textSize>16</textSize>
      <lineSpacing>0</lineSpacing>
      <useDefaultTextSize>False</useDefaultTextSize>
      <selectedIndex>-1</selectedIndex>
    </control>
    <control controlID="8871B489-A10B-46D2-AC2B-B9CE10640C4E" controlTypeID="Icon" x="331" y="80" w="24" h="24" zOrder="12">
      <color>4294967295</color>
      <links eventType="AtClick" animate="AmNone" animateAutoDelay="0" animateDuration="500">
        <link targetPageID="6F6E2846-2547-4E28-B5E9-9065DDEE083E" linkType="ltPageLink" isApplyIncludePage="False" title="%E6%88%91">
          <area shape="0" alt="" ID="{08AC29CD-838A-43A9-B862-D8C3F0D65315}" coords="(0,0,24,24)"/>
        </link>
      </links>
      <icon>
        <ID/>
        <iconFontName>jdiconfontB</iconFontName>
        <iconCode>59648</iconCode>
      </icon>
      <URL>42CF9E031360EBC09387427849BF6328.svg</URL>
    </control>
    <control controlID="7BF48E28-A074-4CE4-9005-287A8D68970B" controlTypeID="Button" x="15" y="277" w="130" h="29" zOrder="13">
      <color>4294111986</color>
      <borderVisible>False</borderVisible>
      <font family="%E5%BE%AE%E8%BD%AF%E9%9B%85%E9%BB%91" displayName="%E5%BE%AE%E8%BD%AF%E9%9B%85%E9%BB%91" postScript="" weightStyle="Regular" weight="400" isBold="False" isItalic="False"/>
      <text>++11-29+21%3A59</text>
      <textColor>4283519313</textColor>
      <lineSpacing>0</lineSpacing>
      <selectedIndex>-1</selectedIndex>
    </control>
    <control controlID="A430D964-6D46-4795-8A7E-22282214FF59" controlTypeID="Icon" x="24" y="282" w="18" h="18" zOrder="14">
      <color>4286151033</color>
      <icon>
        <ID/>
        <iconFontName>jdIcoFont</iconFontName>
        <iconCode>59060</iconCode>
      </icon>
      <URL>06F4B6B25823822FF82366138953A6B2.svg</URL>
    </control>
    <control controlID="9EB12DB5-C50F-4C16-A8D3-84966A57486D" controlTypeID="PopupPanel" x="-74" y="254" w="46" h="46" zOrder="15">
      <caption>%E5%88%86%E7%B1%BB%E7%9A%84%E6%8A%98%E5%8F%A0%E9%9D%A2%E6%9D%BF</caption>
      <color>4292335575</color>
      <groupChildrenDescriptors>
        <control controlID="3BAB624F-9A7B-4765-874D-15872746ACCB" controlTypeID="Panel" x="0" y="0" w="375" h="667" zOrder="0">
          <locked>True</locked>
          <color>4292335575</color>
          <borderVisible>False</borderVisible>
          <canMove>False</canMove>
          <alias>background</alias>
          <groupChildrenDescriptors>
            <control controlID="55DFF6DF-A94F-47D5-B794-8AFFEDF1E855" controlTypeID="Border" x="0" y="0" w="375" h="667" zOrder="0">
              <caption>%E8%BE%B9%E6%A1%86</caption>
              <borderVisible>False</borderVisible>
              <alias>borderLayer</alias>
            </control>
          </groupChildrenDescriptors>
          <thinkness>1</thinkness>
        </control>
        <control controlID="0F6E1209-E0AE-4674-8418-5502DC030AD6" controlTypeID="PopupPanelContent" x="-1" y="169" w="376" h="381" zOrder="1">
          <color>16777215</color>
          <alias>content</alias>
          <groupChildrenDescriptors>
            <control controlID="04CFA9D8-39CB-4239-910F-90E6FC6ED46D" controlTypeID="Accordion" x="1" y="0" w="375" h="381" zOrder="0">
              <color>4293190884</color>
              <borderColor>4287006342</borderColor>
              <borderVisible>False</borderVisible>
              <font family="%E5%BE%AE%E8%BD%AF%E9%9B%85%E9%BB%91" displayName="%E5%BE%AE%E8%BD%AF%E9%9B%85%E9%BB%91" postScript="" weightStyle="Regular" weight="400" isBold="False" isItalic="False"/>
              <text>%E8%B5%84%E9%87%91%0D%0A%E6%8A%95%E8%B5%84%0D%0A%E5%BA%94%E6%94%B6%0D%0A%E5%BA%94%E4%BB%98%0D%0A%E8%B4%B9%E7%94%A8%0D%0A%E6%94%B6%E5%85%A5</text>
              <textSize>14</textSize>
              <lineSpacing>0</lineSpacing>
              <selectedIndex>4</selectedIndex>
              <selectedColor>4291414473</selectedColor>
              <separatorColor>4291414473</separatorColor>
            </control>
            <control controlID="31D4EC5A-AA19-4F40-A137-4F505B130972" controlTypeID="Accordion" x="0" y="146" w="376" h="206" zOrder="1">
              <color>4294111986</color>
              <borderColor>4289638062</borderColor>
              <borderVisible>False</borderVisible>
              <font family="%E5%BE%AE%E8%BD%AF%E9%9B%85%E9%BB%91" displayName="%E5%BE%AE%E8%BD%AF%E9%9B%85%E9%BB%91" postScript="" weightStyle="Regular" weight="400" isBold="False" isItalic="False"/>
              <text>+++++%E9%A4%90%E9%A5%AE%0D%0A++++++%E6%9C%8D%E9%A5%B0</text>
              <textSize>14</textSize>
              <lineSpacing>0</lineSpacing>
              <selectedColor>4289638062</selectedColor>
              <separatorColor>4292335575</separatorColor>
            </control>
            <control controlID="1FFC2A1C-F9A6-43E2-9928-66D0C2BACDDB" controlTypeID="Icon" x="349" y="125" w="15" h="15" zOrder="2">
              <icon>
                <ID/>
                <iconFontName>jdIonicons</iconFontName>
                <iconCode>62416</iconCode>
              </icon>
              <URL>DA139F0E584512EE783A4911D1FD02D3.svg</URL>
            </control>
            <control controlID="BC5279C5-A86E-43FA-92F0-F3EB7448BBD1" controlTypeID="Icon" x="349" y="155" w="15" h="15" zOrder="3">
              <icon>
                <ID/>
                <iconFontName>jdIonicons</iconFontName>
                <iconCode>62416</iconCode>
              </icon>
              <URL>DA139F0E584512EE783A4911D1FD02D3.svg</URL>
            </control>
            <control controlID="D74FCFCE-E952-4E09-A993-F767D2F404C8" controlTypeID="List" x="0" y="176" w="376" h="144" zOrder="4">
              <borderVisible>False</borderVisible>
              <font family="%E5%BE%AE%E8%BD%AF%E9%9B%85%E9%BB%91" displayName="%E5%BE%AE%E8%BD%AF%E9%9B%85%E9%BB%91" postScript="" weightStyle="Regular" weight="400" isBold="False" isItalic="False"/>
              <text>++++++++++%E4%B8%89%E9%A4%90%EF%BC%88888%EF%BC%89</text>
              <textSize>14</textSize>
              <lineSpacing>0</lineSpacing>
              <selectedColor>4311003</selectedColor>
              <itemHeight>31</itemHeight>
              <separatorColor>4293190884</separatorColor>
              <showSeparator>True</showSeparator>
            </control>
            <control controlID="FC4B7335-E900-4263-B8B7-5F913E3D8201" controlTypeID="Icon" x="351" y="8" w="15" h="15" zOrder="5">
              <icon>
                <ID/>
                <iconFontName>jdIonicons</iconFontName>
                <iconCode>62419</iconCode>
              </icon>
              <URL>2E967326C22523F5F084001B9F4E5BC7.svg</URL>
            </control>
            <control controlID="BB66D374-C0BB-4B8C-80A5-78FA1118BF9C" controlTypeID="Icon" x="351" y="33" w="15" h="15" zOrder="6">
              <icon>
                <ID/>
                <iconFontName>jdIonicons</iconFontName>
                <iconCode>62419</iconCode>
              </icon>
              <URL>2E967326C22523F5F084001B9F4E5BC7.svg</URL>
            </control>
            <control controlID="D13202A1-7810-4032-8999-8D39A0924F0D" controlTypeID="Icon" x="351" y="66" w="15" h="15" zOrder="7">
              <icon>
                <ID/>
                <iconFontName>jdIonicons</iconFontName>
                <iconCode>62419</iconCode>
              </icon>
              <URL>2E967326C22523F5F084001B9F4E5BC7.svg</URL>
            </control>
            <control controlID="8B695222-6E07-47A2-8E9D-C9C7F9DEF2C6" controlTypeID="Icon" x="351" y="91" w="15" h="15" zOrder="8">
              <icon>
                <ID/>
                <iconFontName>jdIonicons</iconFontName>
                <iconCode>62419</iconCode>
              </icon>
              <URL>2E967326C22523F5F084001B9F4E5BC7.svg</URL>
            </control>
            <control controlID="8544C4CA-701E-4456-A831-0986CAB93B93" controlTypeID="Icon" x="351" y="362" w="15" h="15" zOrder="9">
              <icon>
                <ID/>
                <iconFontName>jdIonicons</iconFontName>
                <iconCode>62419</iconCode>
              </icon>
              <URL>2E967326C22523F5F084001B9F4E5BC7.svg</URL>
            </control>
          </groupChildrenDescriptors>
        </control>
      </groupChildrenDescriptors>
      <isBackgroundFade>True</isBackgroundFade>
      <aniType_Mobile>aniNone</aniType_Mobile>
      <closeByClickMode>cmClickAllArea</closeByClickMode>
      <positionComMode>pcTop</positionComMode>
    </control>
  </controls>
  <param>
    <backgroundColor>4294967295</backgroundColor>
    <fontSize>0</fontSize>
    <fontFamily/>
    <guideLines>
      <guideLine isLocked="False" isHori="True" value="434"/>
      <guideLine isLocked="False" isHori="True" value="500"/>
      <guideLine isLocked="False" isHori="True" value="450"/>
    </guideLines>
  </param>
</mockup>