﻿<mockup version="5.0" minAllowVersion="5.0" ID="24087468-20EA-41D2-BB7A-79D4BC241D4F" platform="MtMobile" defaultW="375" defaultH="667" measureW="375" measureH="667" screenOrientation="MoPortrait" mobileScreenScale="1.77777779102325" clipArea="(0,0,0,0)">
  <controls controlCount="14">
    <control controlID="D8705D82-147D-4946-BB7C-C7B617A8539C" controlTypeID="Image" x="113" y="162" w="150" h="150" zOrder="0"/>
    <control controlID="211A0586-4E70-4939-A0DB-72DA470D1B6F" controlTypeID="Label" x="164" y="344" w="49" h="19" zOrder="1">
      <font family="%E5%BE%AE%E8%BD%AF%E9%9B%85%E9%BB%91" displayName="%E5%BE%AE%E8%BD%AF%E9%9B%85%E9%BB%91" postScript="" weightStyle="Regular" weight="400" isBold="False" isItalic="False"/>
      <text>slogan</text>
      <lineSpacing>0</lineSpacing>
      <selectedIndex>-1</selectedIndex>
    </control>
    <control controlID="2596BBB0-82FD-44CE-B081-012B2E18CC28" controlTypeID="Button" x="98" y="487" w="180" h="40" zOrder="2">
      <color>16737843</color>
      <borderVisible>False</borderVisible>
      <links eventType="AtClick" animate="AmNone" animateAutoDelay="0" animateDuration="500">
        <link targetPageID="" linkType="ltPageLink" isApplyIncludePage="False" title="%E8%BF%9B%E5%85%A5%E8%B4%A6%E6%9C%AC">
          <area shape="0" alt="" ID="{6C6FF703-5567-4962-9515-89B10649FF93}" coords="(0,0,180,40)"/>
        </link>
      </links>
      <font family="%E5%BE%AE%E8%BD%AF%E9%9B%85%E9%BB%91" displayName="%E5%BE%AE%E8%BD%AF%E9%9B%85%E9%BB%91" postScript="" weightStyle="Regular" weight="400" isBold="False" isItalic="False"/>
      <text>%E8%BF%9B%E5%85%A5%E5%B8%90%E6%9C%AC</text>
      <textColor>4294927923</textColor>
      <lineSpacing>0</lineSpacing>
      <selectedIndex>-1</selectedIndex>
    </control>
    <control controlID="0295273B-FB15-4431-A16B-18F4F35BDCA8" controlTypeID="Button" x="13" y="427" w="350" h="40" zOrder="3">
      <color>4294927923</color>
      <borderVisible>False</borderVisible>
      <links eventType="AtClick" animate="AmNone" animateAutoDelay="0" animateDuration="500">
        <link targetPageID="" linkType="ltPageLink" isApplyIncludePage="False" title="%E5%88%9B%E5%BB%BA%E5%B8%90%E6%9C%AC">
          <area shape="0" alt="" ID="{CB9605B1-1A80-41E6-93A6-E704428BEE54}" coords="(0,0,350,40)"/>
        </link>
      </links>
      <font family="%E5%BE%AE%E8%BD%AF%E9%9B%85%E9%BB%91" displayName="%E5%BE%AE%E8%BD%AF%E9%9B%85%E9%BB%91" postScript="" weightStyle="Regular" weight="400" isBold="False" isItalic="False"/>
      <text>%E5%88%9B%E5%BB%BA%E8%B4%A6%E6%9C%AC</text>
      <textColor>4294967295</textColor>
      <lineSpacing>0</lineSpacing>
      <selectedIndex>-1</selectedIndex>
    </control>
    <control controlID="33D50A84-D256-4668-BF1C-C68D1C32ED96" controlTypeID="Master" x="0" y="617" w="375" h="50" zOrder="4" masterID="468B7B02-E4B7-4B91-B147-DE0B82B9218A">
      <groupChildrenDescriptors>
        <control controlID="9F129B9C-01AF-4634-9333-74AD20815E34" controlTypeID="Shape" x="0" y="0" w="375" h="50" zOrder="0">
          <color>2061821156</color>
          <borderColor>4293190884</borderColor>
          <font family="%E5%BE%AE%E8%BD%AF%E9%9B%85%E9%BB%91" displayName="%E5%BE%AE%E8%BD%AF%E9%9B%85%E9%BB%91" postScript="" weightStyle="Regular" weight="400" isBold="False" isItalic="False"/>
          <textSize>14</textSize>
          <selectedIndex>-1</selectedIndex>
          <borderMode>[bmTop]</borderMode>
        </control>
        <control controlID="C846942F-92E6-4664-B527-F9865EDD859E" controlTypeID="Icon" x="20" y="13" w="24" h="24" zOrder="1">
          <color>4278742761</color>
          <icon>
            <ID>Back.png</ID>
            <iconFontName/>
            <iconCode>-1</iconCode>
          </icon>
        </control>
        <control controlID="C7E59F86-3E23-4231-9C7B-DFCB400AA30E" controlTypeID="Icon" x="96" y="13" w="24" h="24" zOrder="2">
          <icon>
            <ID>Gt.png</ID>
            <iconFontName/>
            <iconCode>-1</iconCode>
          </icon>
        </control>
        <control controlID="D154BE04-18E1-4224-9A26-D417FA4F5902" controlTypeID="Icon" x="172" y="13" w="24" h="24" zOrder="3">
          <color>4278742761</color>
          <icon>
            <ID/>
            <iconFontName>jdIonicons</iconFontName>
            <iconCode>62666</iconCode>
          </icon>
          <URL>69343460E9407CF814C54637629A380F.svg</URL>
        </control>
        <control controlID="178F702A-1B2D-47A9-8A84-0CAF81029012" controlTypeID="Icon" x="248" y="13" w="24" h="24" zOrder="4">
          <color>4278742761</color>
          <icon>
            <ID/>
            <iconFontName>jdIonicons</iconFontName>
            <iconCode>62439</iconCode>
          </icon>
          <URL>581821C142FFE2C30A1330D052EFFD70.svg</URL>
        </control>
        <control controlID="3A29AB27-5B89-46B5-9F17-259E3A6501C6" controlTypeID="Icon" x="324" y="13" w="24" h="24" zOrder="5">
          <color>4278742761</color>
          <icon>
            <ID/>
            <iconFontName>jdIonicons</iconFontName>
            <iconCode>62593</iconCode>
          </icon>
          <URL>1442791C8160AB432B8A0564B9E0CEDB.svg</URL>
        </control>
      </groupChildrenDescriptors>
    </control>
    <control controlID="373CAA9A-956B-421B-B573-85D148E40863" controlTypeID="Master" x="0" y="0" w="375" h="62" zOrder="5" masterID="A4D000FE-43C3-4E70-A940-DD9DF6D431A5">
      <groupChildrenDescriptors>
        <control controlID="6CA30E4E-AC11-4219-B594-B99FEF7569EC" controlTypeID="StatusBar(IOS)" x="0" y="0" w="375" h="20" zOrder="0"/>
        <control controlID="1744B9AB-40A8-40B4-A580-9B3C9A0A8FF8" controlTypeID="Shape" x="10" y="30" w="355" h="32" zOrder="1">
          <color>4294111986</color>
          <borderVisible>False</borderVisible>
          <font family="%E5%BE%AE%E8%BD%AF%E9%9B%85%E9%BB%91" displayName="%E5%BE%AE%E8%BD%AF%E9%9B%85%E9%BB%91" postScript="" weightStyle="Regular" weight="400" isBold="False" isItalic="False"/>
          <textSize>14</textSize>
          <selectedIndex>-1</selectedIndex>
          <radius>8</radius>
        </control>
      </groupChildrenDescriptors>
    </control>
  </controls>
  <param>
    <backgroundColor>4294967295</backgroundColor>
    <fontSize>0</fontSize>
    <fontFamily/>
    <guideLines>
      <guideLine isLocked="False" isHori="True" value="-28"/>
      <guideLine isLocked="False" isHori="True" value="188"/>
    </guideLines>
  </param>
</mockup>