﻿<mockup version="5.0" minAllowVersion="5.0" ID="428179B7-DFB5-4A19-816A-859AC05E131A" platform="MtMobile" defaultW="375" defaultH="667" measureW="375" measureH="667" screenOrientation="MoPortrait" mobileScreenScale="1.77777779102325" clipArea="(0,0,0,0)">
  <controls controlCount="17">
    <control controlID="0125F67A-644D-41C6-AF67-3FB4FF1C4894" controlTypeID="StatusBar(IOS)" x="0" y="0" w="375" h="20" zOrder="0"/>
    <control controlID="8C433EEA-987B-49CD-BBA6-503926A2C034" controlTypeID="Shape" x="10" y="30" w="355" h="32" zOrder="1">
      <color>4294111986</color>
      <borderVisible>False</borderVisible>
      <font family="%E5%BE%AE%E8%BD%AF%E9%9B%85%E9%BB%91" displayName="%E5%BE%AE%E8%BD%AF%E9%9B%85%E9%BB%91" postScript="" weightStyle="Regular" weight="400" isBold="False" isItalic="False"/>
      <textSize>14</textSize>
      <selectedIndex>-1</selectedIndex>
      <radius>8</radius>
    </control>
    <control controlID="2966A2C0-5F40-4364-977D-5233DD7AB629" controlTypeID="Shape" x="0" y="72" w="375" h="41" zOrder="2">
      <color>4294927923</color>
      <borderVisible>False</borderVisible>
      <font family="%E5%BE%AE%E8%BD%AF%E9%9B%85%E9%BB%91" displayName="%E5%BE%AE%E8%BD%AF%E9%9B%85%E9%BB%91" postScript="" weightStyle="Regular" weight="400" isBold="False" isItalic="False"/>
      <textSize>14</textSize>
      <selectedIndex>-1</selectedIndex>
    </control>
    <control controlID="E8652782-8B20-456B-A098-4364D7D1059E" controlTypeID="Icon" x="10" y="83" w="18" h="18" zOrder="3">
      <color>4294967295</color>
      <links eventType="AtClick" animate="AmNone" animateAutoDelay="0" animateDuration="500">
        <link targetPageID="C08BC718-2609-45F6-93DC-0330FDA3096F" linkType="ltPageLink" isApplyIncludePage="False" title="%E8%AE%B0%E4%B8%80%E7%AC%94%E5%B8%90">
          <area shape="0" alt="" ID="{DD594944-F0B0-400B-96B8-513D78F32D0A}" coords="(0,0,18,18)"/>
        </link>
      </links>
      <icon>
        <ID/>
        <iconFontName>jdIonicons</iconFontName>
        <iconCode>62418</iconCode>
      </icon>
      <URL>91852B86E51F760894554368302F9800.svg</URL>
    </control>
    <control controlID="65073A9B-B604-4378-86DF-A942D384056B" controlTypeID="Label" x="153" y="81" w="70" h="22" zOrder="4">
      <font family="%E5%BE%AE%E8%BD%AF%E9%9B%85%E9%BB%91" displayName="%E5%BE%AE%E8%BD%AF%E9%9B%85%E9%BB%91" postScript="" weightStyle="Regular" weight="400" isBold="False" isItalic="False"/>
      <text>%E5%8D%97%E7%93%9C%E8%AE%B0%E8%B4%A6</text>
      <textColor>4294967295</textColor>
      <textSize>16</textSize>
      <lineSpacing>0</lineSpacing>
      <useDefaultTextSize>False</useDefaultTextSize>
      <selectedIndex>-1</selectedIndex>
    </control>
    <control controlID="4009E38F-C0C9-4BE8-A20C-D91FC10B8D53" controlTypeID="Icon" x="331" y="80" w="24" h="24" zOrder="5">
      <color>4294967295</color>
      <links eventType="AtClick" animate="AmNone" animateAutoDelay="0" animateDuration="500">
        <link targetPageID="6F6E2846-2547-4E28-B5E9-9065DDEE083E" linkType="ltPageLink" isApplyIncludePage="False" title="%E6%88%91">
          <area shape="0" alt="" ID="{08AC29CD-838A-43A9-B862-D8C3F0D65315}" coords="(0,0,24,24)"/>
        </link>
      </links>
      <icon>
        <ID/>
        <iconFontName>jdiconfontB</iconFontName>
        <iconCode>59648</iconCode>
      </icon>
      <URL>42CF9E031360EBC09387427849BF6328.svg</URL>
    </control>
    <control controlID="85817BF9-EC43-41C3-AA39-086309E593CB" controlTypeID="Master" x="0" y="617" w="375" h="50" zOrder="6" masterID="468B7B02-E4B7-4B91-B147-DE0B82B9218A">
      <groupChildrenDescriptors>
        <control controlID="62941AEB-F4DD-42C5-AA5A-F00D373D9A7E" controlTypeID="Shape" x="0" y="0" w="375" h="50" zOrder="0">
          <color>2061821156</color>
          <borderColor>4293190884</borderColor>
          <font family="%E5%BE%AE%E8%BD%AF%E9%9B%85%E9%BB%91" displayName="%E5%BE%AE%E8%BD%AF%E9%9B%85%E9%BB%91" postScript="" weightStyle="Regular" weight="400" isBold="False" isItalic="False"/>
          <textSize>14</textSize>
          <selectedIndex>-1</selectedIndex>
          <borderMode>[bmTop]</borderMode>
        </control>
        <control controlID="B9121CC3-834B-45E3-9665-EFDC9747257E" controlTypeID="Icon" x="20" y="13" w="24" h="24" zOrder="1">
          <color>4278742761</color>
          <icon>
            <ID>Back.png</ID>
            <iconFontName/>
            <iconCode>-1</iconCode>
          </icon>
          <URL>F28A9BD389A405EBE15629DBCBAE4D39.png</URL>
        </control>
        <control controlID="D6EA9999-1824-4216-9A40-06B1767BCAFF" controlTypeID="Icon" x="96" y="13" w="24" h="24" zOrder="2">
          <icon>
            <ID>Gt.png</ID>
            <iconFontName/>
            <iconCode>-1</iconCode>
          </icon>
          <URL>CB45C110EAD5D4B6FE87EACE6DCA921F.png</URL>
        </control>
        <control controlID="BE70DD07-2C37-4279-96B2-5C5E6DF4E8D4" controlTypeID="Icon" x="172" y="13" w="24" h="24" zOrder="3">
          <color>4278742761</color>
          <icon>
            <ID/>
            <iconFontName>jdIonicons</iconFontName>
            <iconCode>62666</iconCode>
          </icon>
          <URL>69343460E9407CF814C54637629A380F.svg</URL>
        </control>
        <control controlID="C9C1D201-1BAC-481C-8EC4-699A5F3BF345" controlTypeID="Icon" x="248" y="13" w="24" h="24" zOrder="4">
          <color>4278742761</color>
          <icon>
            <ID/>
            <iconFontName>jdIonicons</iconFontName>
            <iconCode>62439</iconCode>
          </icon>
          <URL>581821C142FFE2C30A1330D052EFFD70.svg</URL>
        </control>
        <control controlID="FD085D97-A954-43E7-AA57-759E73DB73D7" controlTypeID="Icon" x="324" y="13" w="24" h="24" zOrder="5">
          <color>4278742761</color>
          <icon>
            <ID/>
            <iconFontName>jdIonicons</iconFontName>
            <iconCode>62593</iconCode>
          </icon>
          <URL>1442791C8160AB432B8A0564B9E0CEDB.svg</URL>
        </control>
      </groupChildrenDescriptors>
    </control>
    <control controlID="608B9AFB-A417-4B3E-B232-EFF23FE386C2" controlTypeID="List" x="0" y="185" w="375" h="156" zOrder="7">
      <borderVisible>False</borderVisible>
      <links eventType="AtClick" animate="AmNone" animateAutoDelay="0" animateDuration="500">
        <link targetPageID="" linkType="ltPageLink" isApplyIncludePage="False" title="%3E+%E5%9F%BA%E9%87%91">
          <area shape="0" alt="" ID="{8544B889-5F32-464C-B13B-B149AC4B1FD2}" coords="(0,0,375,45)"/>
        </link>
        <link targetPageID="" linkType="ltPageLink" isApplyIncludePage="False" title="%3E+%E8%82%A1%E7%A5%A8+">
          <area shape="0" alt="" ID="{4C9AEAE5-D698-44BF-A6F5-25B940D96CA6}" coords="(0,45,375,90)"/>
        </link>
        <link targetPageID="35359DFC-B695-46CC-B3A2-2AA687A1EFCF" linkType="ltPageLink" isApplyIncludePage="False" title="%3E+%E8%B4%B5%E9%87%91%E5%B1%9E">
          <area shape="0" alt="" ID="{9E3E95E4-4CD5-4CE7-A3D2-D516A8E3F991}" coords="(0,90,375,135)"/>
        </link>
      </links>
      <font family="%E5%BE%AE%E8%BD%AF%E9%9B%85%E9%BB%91" displayName="%E5%BE%AE%E8%BD%AF%E9%9B%85%E9%BB%91" postScript="" weightStyle="Regular" weight="400" isBold="False" isItalic="False"/>
      <text>%3E+%E5%9F%BA%E9%87%91%0D%0A%3E+%E8%82%A1%E7%A5%A8+%0D%0A%3E+%E8%B4%B5%E9%87%91%E5%B1%9E%0D%0A</text>
      <textSize>14</textSize>
      <lineSpacing>0</lineSpacing>
      <useDefaultTextSize>False</useDefaultTextSize>
      <selectedIndex>2</selectedIndex>
      <selectedColor>4294927923</selectedColor>
      <textPadding>21</textPadding>
      <itemHeight>45</itemHeight>
      <separatorColor>4292335575</separatorColor>
      <showSeparator>True</showSeparator>
      <selectedTextColor>4294967295</selectedTextColor>
    </control>
    <control controlID="C455C73B-10A6-4B4A-B9BC-8B04322C5066" controlTypeID="Shape" x="0" y="156" w="375" h="29" zOrder="8">
      <color>4294111986</color>
      <borderVisible>False</borderVisible>
      <font family="%E5%BE%AE%E8%BD%AF%E9%9B%85%E9%BB%91" displayName="%E5%BE%AE%E8%BD%AF%E9%9B%85%E9%BB%91" postScript="" weightStyle="Regular" weight="400" isBold="False" isItalic="False"/>
      <text>+++++++%E5%AD%90%E7%B1%BB%E5%90%8D%E7%A7%B0</text>
      <textColor>4285229931</textColor>
      <textSize>14</textSize>
      <textAlign>HaLeft</textAlign>
      <selectedIndex>-1</selectedIndex>
    </control>
    <control controlID="C0C627F9-3FE5-407F-90E1-485DE6020561" controlTypeID="Shape" x="0" y="113" w="375" h="45" zOrder="9">
      <color>4408131</color>
      <borderColor>4294111986</borderColor>
      <font family="%E5%BE%AE%E8%BD%AF%E9%9B%85%E9%BB%91" displayName="%E5%BE%AE%E8%BD%AF%E9%9B%85%E9%BB%91+Bold" postScript="" weightStyle="Bold" weight="700" isBold="True" isItalic="False"/>
      <text>++++++%E6%8A%95%E8%B5%84</text>
      <textColor>4280821800</textColor>
      <textSize>14</textSize>
      <textAlign>HaLeft</textAlign>
      <textStyles>[fsBold]</textStyles>
      <selectedIndex>-1</selectedIndex>
      <borderMode>[bmBottom]</borderMode>
    </control>
    <control controlID="D412E111-096D-44F2-BB99-FD66D806C8CF" controlTypeID="Button" x="27" y="366" w="328" h="40" zOrder="10">
      <color>16711680</color>
      <borderColor>4294901760</borderColor>
      <links eventType="AtClick" animate="AmNone" animateAutoDelay="0" animateDuration="500">
        <link targetPageID="5E4999A3-2008-4A7D-A74B-4BD7C31E17D1" linkType="ltPageLink" isApplyIncludePage="False" title="%E6%B7%BB%E5%8A%A0%E8%B4%A6%E6%88%B7%E5%B0%8F%E7%B1%BB">
          <area shape="0" alt="" ID="{14761915-0595-4CEA-B495-9B4EEDD85CA5}" coords="(0,0,328,40)"/>
        </link>
      </links>
      <font family="%E5%BE%AE%E8%BD%AF%E9%9B%85%E9%BB%91" displayName="%E5%BE%AE%E8%BD%AF%E9%9B%85%E9%BB%91" postScript="" weightStyle="Regular" weight="400" isBold="False" isItalic="False"/>
      <text>%E6%B7%BB%E5%8A%A0%E5%AD%90%E7%B1%BB</text>
      <textColor>4294927923</textColor>
      <lineSpacing>0</lineSpacing>
      <useDefaultTextSize>False</useDefaultTextSize>
      <selectedIndex>-1</selectedIndex>
      <radius>0</radius>
    </control>
  </controls>
  <param>
    <backgroundColor>4294967295</backgroundColor>
    <fontSize>0</fontSize>
    <fontFamily/>
    <guideLines/>
  </param>
</mockup>