﻿<mockup version="5.0" minAllowVersion="5.0" ID="C19CE8E3-7752-4008-BB31-62710D434CD8" platform="MtMobile" defaultW="375" defaultH="667" measureW="375" measureH="667" screenOrientation="MoPortrait" mobileScreenScale="1.77777779102325" clipArea="(0,0,0,0)">
  <controls controlCount="16">
    <control controlID="DCB709C7-CB89-46EB-8A0F-9236B406BFC8" controlTypeID="Button" x="16" y="372" w="350" h="40" zOrder="0">
      <color>4294927923</color>
      <borderVisible>False</borderVisible>
      <links eventType="AtClick" animate="AmNone" animateAutoDelay="0" animateDuration="500">
        <link targetPageID="0011340D-AE6E-4627-8772-4F3D45F7B825" linkType="ltPageLink" isApplyIncludePage="False" title="%E5%87%80%E8%B5%84%E4%BA%A7">
          <area shape="0" alt="" ID="{9BCABACA-E2B1-4844-B4B7-C45FC996695F}" coords="(0,0,350,40)"/>
        </link>
      </links>
      <font family="%E5%BE%AE%E8%BD%AF%E9%9B%85%E9%BB%91" displayName="%E5%BE%AE%E8%BD%AF%E9%9B%85%E9%BB%91" postScript="" weightStyle="Regular" weight="400" isBold="False" isItalic="False"/>
      <text>%E7%A1%AE++++%E5%AE%9A</text>
      <textColor>4294967295</textColor>
      <lineSpacing>18</lineSpacing>
      <useDefaultTextSize>False</useDefaultTextSize>
      <selectedIndex>-1</selectedIndex>
    </control>
    <control controlID="655FE944-C77F-4F66-824B-EB81797C7168" controlTypeID="TextInput" x="16" y="309" w="350" h="39" zOrder="1">
      <borderColor>4289638062</borderColor>
      <font family="%E5%BE%AE%E8%BD%AF%E9%9B%85%E9%BB%91" displayName="%E5%BE%AE%E8%BD%AF%E9%9B%85%E9%BB%91" postScript="" weightStyle="Regular" weight="400" isBold="False" isItalic="False"/>
      <text>%E8%BE%93%E5%85%A5%E4%B8%AA%E4%BA%BA%E6%98%B5%E7%A7%B0</text>
      <textColor>4289638062</textColor>
      <lineSpacing>18</lineSpacing>
      <selectedIndex>-1</selectedIndex>
      <placeHolder>%E8%BE%93%E5%85%A5%E5%88%9B%E5%BB%BA%E4%BA%BA%E6%98%B5%E7%A7%B0</placeHolder>
    </control>
    <control controlID="093992CA-2EDC-4B73-916F-9B234B30FEBB" controlTypeID="TextInput" x="16" y="250" w="350" h="39" zOrder="2">
      <borderColor>4289638062</borderColor>
      <font family="%E5%BE%AE%E8%BD%AF%E9%9B%85%E9%BB%91" displayName="%E5%BE%AE%E8%BD%AF%E9%9B%85%E9%BB%91" postScript="" weightStyle="Regular" weight="400" isBold="False" isItalic="False"/>
      <textColor>4289638062</textColor>
      <lineSpacing>18</lineSpacing>
      <selectedIndex>-1</selectedIndex>
      <placeHolder>%E8%BE%93%E5%85%A5%E5%AF%86%E5%8C%99</placeHolder>
    </control>
    <control controlID="423C0CC6-2EE5-4AD4-88B8-4D2D464EEF5C" controlTypeID="Label" x="16" y="149" w="135" h="22" zOrder="3">
      <font family="%E5%BE%AE%E8%BD%AF%E9%9B%85%E9%BB%91" displayName="%E5%BE%AE%E8%BD%AF%E9%9B%85%E9%BB%91" postScript="" weightStyle="Regular" weight="400" isBold="False" isItalic="False"/>
      <text>%E5%9F%BA%E6%9C%AC%E4%BF%A1%E6%81%AF%EF%BC%88*%E5%BF%85%E5%A1%AB%EF%BC%89</text>
      <textColor>4280821800</textColor>
      <textSize>16</textSize>
      <lineSpacing>21</lineSpacing>
      <useDefaultTextSize>False</useDefaultTextSize>
      <selectedIndex>-1</selectedIndex>
    </control>
    <control controlID="EDDC862F-5564-4BF7-8CCE-834F8113FE10" controlTypeID="TextInput" x="16" y="191" w="350" h="39" zOrder="4">
      <borderColor>4289638062</borderColor>
      <font family="%E5%BE%AE%E8%BD%AF%E9%9B%85%E9%BB%91" displayName="%E5%BE%AE%E8%BD%AF%E9%9B%85%E9%BB%91" postScript="" weightStyle="Regular" weight="400" isBold="False" isItalic="False"/>
      <textColor>4289638062</textColor>
      <lineSpacing>18</lineSpacing>
      <selectedIndex>-1</selectedIndex>
      <placeHolder>%E8%BE%93%E5%85%A5%E8%B4%A6%E6%9C%AC%E5%90%8D</placeHolder>
    </control>
    <control controlID="5BE52BEC-B265-411D-8AB8-22A017D5EA66" controlTypeID="Label" x="16" y="89" w="104" h="32" zOrder="5">
      <font family="%E5%BE%AE%E8%BD%AF%E9%9B%85%E9%BB%91" displayName="%E5%BE%AE%E8%BD%AF%E9%9B%85%E9%BB%91" postScript="" weightStyle="Regular" weight="400" isBold="False" isItalic="False"/>
      <text>%E5%8A%A0%E5%85%A5%E5%B8%90%E6%9C%AC</text>
      <textColor>4280821800</textColor>
      <textSize>24</textSize>
      <lineSpacing>32</lineSpacing>
      <useDefaultTextSize>False</useDefaultTextSize>
      <selectedIndex>-1</selectedIndex>
    </control>
    <control controlID="BF980A93-8764-4B3A-BEF9-C9E178066494" controlTypeID="Master" x="0" y="617" w="375" h="50" zOrder="6" masterID="468B7B02-E4B7-4B91-B147-DE0B82B9218A">
      <groupChildrenDescriptors>
        <control controlID="E16C7BBB-9422-498A-BEE7-A7B47C31441B" controlTypeID="Shape" x="0" y="0" w="375" h="50" zOrder="0">
          <color>2061821156</color>
          <borderColor>4293190884</borderColor>
          <font family="%E5%BE%AE%E8%BD%AF%E9%9B%85%E9%BB%91" displayName="%E5%BE%AE%E8%BD%AF%E9%9B%85%E9%BB%91" postScript="" weightStyle="Regular" weight="400" isBold="False" isItalic="False"/>
          <textSize>14</textSize>
          <lineSpacing>18</lineSpacing>
          <selectedIndex>-1</selectedIndex>
          <borderMode>[bmTop]</borderMode>
        </control>
        <control controlID="2CC605BF-5E3A-41EC-A308-208F63D8335F" controlTypeID="Icon" x="20" y="13" w="24" h="24" zOrder="1">
          <color>4278742761</color>
          <icon>
            <ID>Back.png</ID>
            <iconFontName/>
            <iconCode>-1</iconCode>
          </icon>
          <URL>F28A9BD389A405EBE15629DBCBAE4D39.png</URL>
        </control>
        <control controlID="659E52ED-4609-40BC-AA72-F9A3B35AB0A0" controlTypeID="Icon" x="96" y="13" w="24" h="24" zOrder="2">
          <icon>
            <ID>Gt.png</ID>
            <iconFontName/>
            <iconCode>-1</iconCode>
          </icon>
          <URL>CB45C110EAD5D4B6FE87EACE6DCA921F.png</URL>
        </control>
        <control controlID="F6B0233E-1494-466B-B6B0-EDF239D0C85F" controlTypeID="Icon" x="172" y="13" w="24" h="24" zOrder="3">
          <color>4278742761</color>
          <icon>
            <ID/>
            <iconFontName>jdIonicons</iconFontName>
            <iconCode>62666</iconCode>
          </icon>
          <URL>69343460E9407CF814C54637629A380F.svg</URL>
        </control>
        <control controlID="2346ADC5-5BF1-43A3-869C-21F522EA2E17" controlTypeID="Icon" x="248" y="13" w="24" h="24" zOrder="4">
          <color>4278742761</color>
          <icon>
            <ID/>
            <iconFontName>jdIonicons</iconFontName>
            <iconCode>62439</iconCode>
          </icon>
          <URL>581821C142FFE2C30A1330D052EFFD70.svg</URL>
        </control>
        <control controlID="78530610-11CD-49E8-8D05-45628BED8587" controlTypeID="Icon" x="324" y="13" w="24" h="24" zOrder="5">
          <color>4278742761</color>
          <icon>
            <ID/>
            <iconFontName>jdIonicons</iconFontName>
            <iconCode>62593</iconCode>
          </icon>
          <URL>1442791C8160AB432B8A0564B9E0CEDB.svg</URL>
        </control>
      </groupChildrenDescriptors>
    </control>
    <control controlID="9862A98D-3556-4013-9A93-AD22C16BD86E" controlTypeID="Master" x="0" y="0" w="375" h="62" zOrder="7" masterID="A4D000FE-43C3-4E70-A940-DD9DF6D431A5">
      <groupChildrenDescriptors>
        <control controlID="23EAF6A1-E7EF-4608-9030-0C9E1399F05D" controlTypeID="StatusBar(IOS)" x="0" y="0" w="375" h="20" zOrder="0"/>
        <control controlID="C6008DAF-1CE7-4B70-A577-AB13CE13898B" controlTypeID="Shape" x="10" y="30" w="355" h="32" zOrder="1">
          <color>4294111986</color>
          <borderVisible>False</borderVisible>
          <font family="%E5%BE%AE%E8%BD%AF%E9%9B%85%E9%BB%91" displayName="%E5%BE%AE%E8%BD%AF%E9%9B%85%E9%BB%91" postScript="" weightStyle="Regular" weight="400" isBold="False" isItalic="False"/>
          <textSize>14</textSize>
          <lineSpacing>18</lineSpacing>
          <selectedIndex>-1</selectedIndex>
          <radius>8</radius>
        </control>
      </groupChildrenDescriptors>
    </control>
  </controls>
  <param>
    <backgroundColor>4294967295</backgroundColor>
    <fontSize>0</fontSize>
    <fontFamily/>
    <guideLines>
      <guideLine isLocked="False" isHori="True" value="450"/>
      <guideLine isLocked="False" isHori="True" value="192"/>
      <guideLine isLocked="False" isHori="True" value="483"/>
    </guideLines>
  </param>
</mockup>