﻿<mockup version="5.0" minAllowVersion="5.0" ID="EDF370E0-849B-46D2-A5BB-5FD3FEE97F88" platform="MtMobile" defaultW="375" defaultH="667" measureW="375" measureH="668" screenOrientation="MoPortrait" mobileScreenScale="1.77777779102325" clipArea="(0,0,375,668)">
  <controls controlCount="18">
    <control controlID="73EBCDF4-7991-47C6-8DA9-82676B656B21" controlTypeID="StatusBar(IOS)" x="0" y="0" w="375" h="20" zOrder="0"/>
    <control controlID="ABF3F087-38FE-4099-91FE-D88F8A6387E1" controlTypeID="Shape" x="10" y="30" w="355" h="32" zOrder="1">
      <color>4294111986</color>
      <borderVisible>False</borderVisible>
      <font family="%E5%BE%AE%E8%BD%AF%E9%9B%85%E9%BB%91" displayName="%E5%BE%AE%E8%BD%AF%E9%9B%85%E9%BB%91" postScript="" weightStyle="Regular" weight="400" isBold="False" isItalic="False"/>
      <textSize>14</textSize>
      <selectedIndex>-1</selectedIndex>
      <radius>8</radius>
    </control>
    <control controlID="8F5D4339-06FB-45B0-8CE1-A89E00C02F02" controlTypeID="Shape" x="0" y="72" w="375" h="41" zOrder="2">
      <color>4294927923</color>
      <borderVisible>False</borderVisible>
      <font family="%E5%BE%AE%E8%BD%AF%E9%9B%85%E9%BB%91" displayName="%E5%BE%AE%E8%BD%AF%E9%9B%85%E9%BB%91" postScript="" weightStyle="Regular" weight="400" isBold="False" isItalic="False"/>
      <textSize>14</textSize>
      <selectedIndex>-1</selectedIndex>
    </control>
    <control controlID="E80C5B48-B877-47AB-88BC-9B6AC90FD6CD" controlTypeID="Icon" x="10" y="83" w="18" h="18" zOrder="3">
      <color>4294967295</color>
      <links eventType="AtClick" animate="AmNone" animateAutoDelay="0" animateDuration="500">
        <link targetPageID="C08BC718-2609-45F6-93DC-0330FDA3096F" linkType="ltPageLink" isApplyIncludePage="False" title="%E8%AE%B0%E4%B8%80%E7%AC%94%E5%B8%90">
          <area shape="0" alt="" ID="{DD594944-F0B0-400B-96B8-513D78F32D0A}" coords="(0,0,18,18)"/>
        </link>
      </links>
      <icon>
        <ID/>
        <iconFontName>jdIonicons</iconFontName>
        <iconCode>62418</iconCode>
      </icon>
      <URL>91852B86E51F760894554368302F9800.svg</URL>
    </control>
    <control controlID="5AF01A03-3B4D-4070-8161-A4F0E2FA6167" controlTypeID="Label" x="153" y="81" w="70" h="22" zOrder="4">
      <font family="%E5%BE%AE%E8%BD%AF%E9%9B%85%E9%BB%91" displayName="%E5%BE%AE%E8%BD%AF%E9%9B%85%E9%BB%91" postScript="" weightStyle="Regular" weight="400" isBold="False" isItalic="False"/>
      <text>%E5%8D%97%E7%93%9C%E8%AE%B0%E8%B4%A6</text>
      <textColor>4294967295</textColor>
      <textSize>16</textSize>
      <lineSpacing>0</lineSpacing>
      <useDefaultTextSize>False</useDefaultTextSize>
      <selectedIndex>-1</selectedIndex>
    </control>
    <control controlID="1E1A971E-5CD7-4A80-9BE5-3BDC8963DF75" controlTypeID="Icon" x="331" y="80" w="24" h="24" zOrder="5">
      <color>4294967295</color>
      <links eventType="AtClick" animate="AmNone" animateAutoDelay="0" animateDuration="500">
        <link targetPageID="6F6E2846-2547-4E28-B5E9-9065DDEE083E" linkType="ltPageLink" isApplyIncludePage="False" title="%E6%88%91">
          <area shape="0" alt="" ID="{08AC29CD-838A-43A9-B862-D8C3F0D65315}" coords="(0,0,24,24)"/>
        </link>
      </links>
      <icon>
        <ID/>
        <iconFontName>jdiconfontB</iconFontName>
        <iconCode>59648</iconCode>
      </icon>
      <URL>42CF9E031360EBC09387427849BF6328.svg</URL>
    </control>
    <control controlID="C496EAB0-035D-4F80-B9C5-F8008D3B9938" controlTypeID="ButtonBar" x="15" y="136" w="350" h="32" zOrder="6">
      <borderColor>4294927923</borderColor>
      <font family="%E5%BE%AE%E8%BD%AF%E9%9B%85%E9%BB%91" displayName="%E5%BE%AE%E8%BD%AF%E9%9B%85%E9%BB%91" postScript="" weightStyle="Regular" weight="400" isBold="False" isItalic="False"/>
      <text>%E8%B5%84%E4%BA%A7%E8%B4%9F%E5%80%BA%2C%E6%8D%9F%E7%9B%8A</text>
      <textSize>14</textSize>
      <lineSpacing>0</lineSpacing>
      <selectedIndex>1</selectedIndex>
      <selectedColor>4294927923</selectedColor>
      <selectedTextColor>4294967295</selectedTextColor>
    </control>
    <control controlID="8C7303F0-DA64-41D6-B3B6-2DF1F741D835" controlTypeID="Tabs" x="15" y="190" w="350" h="35" zOrder="7">
      <borderColor>4289638062</borderColor>
      <font family="%E5%BE%AE%E8%BD%AF%E9%9B%85%E9%BB%91" displayName="%E5%BE%AE%E8%BD%AF%E9%9B%85%E9%BB%91" postScript="" weightStyle="Regular" weight="400" isBold="False" isItalic="False"/>
      <text>%E8%B4%B9%E7%94%A8%2C%E6%94%B6%E5%85%A5</text>
      <textSize>14</textSize>
      <lineSpacing>0</lineSpacing>
      <selectedColor>4294927923</selectedColor>
      <selectedTextColor>4294901760</selectedTextColor>
    </control>
    <control controlID="25772A4B-7B82-4179-9F9C-50A5E8C7940F" controlTypeID="Button" x="24" y="451" w="328" h="40" zOrder="8">
      <color>4294927923</color>
      <borderVisible>False</borderVisible>
      <font family="%E5%BE%AE%E8%BD%AF%E9%9B%85%E9%BB%91" displayName="%E5%BE%AE%E8%BD%AF%E9%9B%85%E9%BB%91" postScript="" weightStyle="Regular" weight="400" isBold="False" isItalic="False"/>
      <text>%2B+%E7%AE%A1%E7%90%86%E5%88%86%E7%B1%BB</text>
      <textColor>4294967295</textColor>
      <lineSpacing>0</lineSpacing>
      <useDefaultTextSize>False</useDefaultTextSize>
      <selectedIndex>-1</selectedIndex>
    </control>
    <control controlID="00712A39-B88E-48F1-93C8-7B8D7C27096B" controlTypeID="Panel" x="0" y="235" w="375" h="196" zOrder="9">
      <caption>%E6%94%B6%E6%94%AF</caption>
      <borderVisible>False</borderVisible>
      <groupChildrenDescriptors>
        <control controlID="8A1B61C3-AC23-4DE4-85F8-30C583DA6EB0" controlTypeID="Shape" x="0" y="0" w="375" h="36" zOrder="0">
          <color>4408131</color>
          <borderColor>4294111986</borderColor>
          <font family="%E5%BE%AE%E8%BD%AF%E9%9B%85%E9%BB%91" displayName="%E5%BE%AE%E8%BD%AF%E9%9B%85%E9%BB%91" postScript="" weightStyle="Regular" weight="400" isBold="False" isItalic="False"/>
          <text>++++++++++%E9%A4%90%E9%A5%AE</text>
          <textColor>4280821800</textColor>
          <textSize>14</textSize>
          <textAlign>HaLeft</textAlign>
          <selectedIndex>-1</selectedIndex>
          <borderMode>[bmBottom]</borderMode>
        </control>
        <control controlID="45C920E1-6578-41AB-93AA-5913F4AC5A65" controlTypeID="Shape" x="0" y="36" w="375" h="36" zOrder="1">
          <color>4408131</color>
          <borderColor>4294111986</borderColor>
          <font family="%E5%BE%AE%E8%BD%AF%E9%9B%85%E9%BB%91" displayName="%E5%BE%AE%E8%BD%AF%E9%9B%85%E9%BB%91" postScript="" weightStyle="Regular" weight="400" isBold="False" isItalic="False"/>
          <text>++++++++++++++++%E4%B8%89%E9%A4%90+++</text>
          <textColor>4280821800</textColor>
          <textSize>14</textSize>
          <textAlign>HaLeft</textAlign>
          <selectedIndex>-1</selectedIndex>
          <borderMode>[bmBottom]</borderMode>
        </control>
        <control controlID="93AA78D4-6C79-4116-ADF4-11E23DF9B3C9" controlTypeID="Icon" x="348" y="11" w="15" h="15" zOrder="2">
          <color>4284374622</color>
          <icon>
            <ID/>
            <iconFontName>jdIonicons</iconFontName>
            <iconCode>62416</iconCode>
          </icon>
          <URL>DA139F0E584512EE783A4911D1FD02D3.svg</URL>
        </control>
        <control controlID="CEF9B65F-AD3C-4F63-A777-8AAD3D14E138" controlTypeID="Shape" x="0" y="72" w="375" h="36" zOrder="3">
          <color>4408131</color>
          <borderColor>4294111986</borderColor>
          <font family="%E5%BE%AE%E8%BD%AF%E9%9B%85%E9%BB%91" displayName="%E5%BE%AE%E8%BD%AF%E9%9B%85%E9%BB%91" postScript="" weightStyle="Regular" weight="400" isBold="False" isItalic="False"/>
          <text>++++++++++++++++%E8%A1%A3%E5%B8%BD%E6%9C%8D%E9%A5%B0+++</text>
          <textColor>4280821800</textColor>
          <textSize>14</textSize>
          <textAlign>HaLeft</textAlign>
          <selectedIndex>-1</selectedIndex>
          <borderMode>[bmBottom]</borderMode>
        </control>
        <control controlID="8EEAD71A-897E-4E80-8B05-383A7A440427" controlTypeID="Shape" x="0" y="142" w="375" h="36" zOrder="4">
          <color>4408131</color>
          <borderColor>4294111986</borderColor>
          <font family="%E5%BE%AE%E8%BD%AF%E9%9B%85%E9%BB%91" displayName="%E5%BE%AE%E8%BD%AF%E9%9B%85%E9%BB%91" postScript="" weightStyle="Regular" weight="400" isBold="False" isItalic="False"/>
          <text>+++++++++%E4%BD%8F%E5%AE%BF</text>
          <textColor>4280821800</textColor>
          <textSize>14</textSize>
          <textAlign>HaLeft</textAlign>
          <selectedIndex>-1</selectedIndex>
          <borderMode>[bmBottom]</borderMode>
        </control>
        <control controlID="B90DBC3B-4684-4833-A447-C25AF73FB297" controlTypeID="Shape" x="0" y="107" w="375" h="36" zOrder="5">
          <color>4408131</color>
          <borderColor>4294111986</borderColor>
          <font family="%E5%BE%AE%E8%BD%AF%E9%9B%85%E9%BB%91" displayName="%E5%BE%AE%E8%BD%AF%E9%9B%85%E9%BB%91" postScript="" weightStyle="Regular" weight="400" isBold="False" isItalic="False"/>
          <text>++++++++++++++++%E8%A1%A3%E5%B8%BD%E6%9C%8D%E9%A5%B0+++</text>
          <textColor>4280821800</textColor>
          <textSize>14</textSize>
          <textAlign>HaLeft</textAlign>
          <selectedIndex>-1</selectedIndex>
          <borderMode>[bmBottom]</borderMode>
        </control>
        <control controlID="B7C633E8-B382-4C9C-849E-D49173752441" controlTypeID="Icon" x="351" y="153" w="14" h="14" zOrder="6">
          <color>4284374622</color>
          <icon>
            <ID/>
            <iconFontName>jdIonicons</iconFontName>
            <iconCode>62417</iconCode>
          </icon>
          <URL>97D42F84AB1ACA7B3DB71E8D7DA90BF0.svg</URL>
        </control>
        <control controlID="F8FFF522-BFF2-4BC1-94EB-68C71D552FB1" controlTypeID="Border" x="0" y="0" w="375" h="196" zOrder="7">
          <caption>%E8%BE%B9%E6%A1%86</caption>
          <borderVisible>False</borderVisible>
          <alias>borderLayer</alias>
        </control>
      </groupChildrenDescriptors>
      <thinkness>1</thinkness>
    </control>
  </controls>
  <param>
    <backgroundColor>4294967295</backgroundColor>
    <fontSize>0</fontSize>
    <fontFamily/>
    <guideLines/>
  </param>
</mockup>