﻿<mockup version="5.0" minAllowVersion="5.0" ID="F4AE4E13-1303-4685-99EB-64824D18EC9B" platform="MtMobile" defaultW="375" defaultH="667" measureW="375" measureH="880" screenOrientation="MoPortrait" mobileScreenScale="1.77777779102325" clipArea="(0,0,375,830)">
  <controls controlCount="76">
    <control controlID="4B103F56-EFA8-49EA-9FFC-D405C676FD63" controlTypeID="Shape" x="0" y="112" w="375" h="123" zOrder="0">
      <color>16750950</color>
      <borderColor>4294111986</borderColor>
      <font family="%E5%BE%AE%E8%BD%AF%E9%9B%85%E9%BB%91" displayName="%E5%BE%AE%E8%BD%AF%E9%9B%85%E9%BB%91" postScript="" weightStyle="Regular" weight="400" isBold="False" isItalic="False"/>
      <textSize>14</textSize>
      <selectedIndex>-1</selectedIndex>
      <borderMode>[bmBottom]</borderMode>
    </control>
    <control controlID="318A7B11-EE57-4D58-935E-FEF74840B812" controlTypeID="StatusBar(IOS)" x="0" y="0" w="375" h="20" zOrder="1"/>
    <control controlID="71C85305-D2A4-411D-A338-51CAF0C648D6" controlTypeID="Shape" x="10" y="30" w="355" h="32" zOrder="2">
      <color>4294111986</color>
      <borderVisible>False</borderVisible>
      <font family="%E5%BE%AE%E8%BD%AF%E9%9B%85%E9%BB%91" displayName="%E5%BE%AE%E8%BD%AF%E9%9B%85%E9%BB%91" postScript="" weightStyle="Regular" weight="400" isBold="False" isItalic="False"/>
      <textSize>14</textSize>
      <selectedIndex>-1</selectedIndex>
      <radius>8</radius>
    </control>
    <control controlID="5CC31239-FEAD-4EAE-A573-0D45A1783B03" controlTypeID="Button" x="24" y="333" w="328" h="40" zOrder="3">
      <color>4294927923</color>
      <borderVisible>False</borderVisible>
      <links eventType="AtClick" animate="AmNone" animateAutoDelay="0" animateDuration="500">
        <link targetPageID="C08BC718-2609-45F6-93DC-0330FDA3096F" linkType="ltPageLink" isApplyIncludePage="False" title="%E8%AE%B0%E4%B8%80%E7%AC%94%E5%B8%90">
          <area shape="0" alt="" ID="{14761915-0595-4CEA-B495-9B4EEDD85CA5}" coords="(0,0,328,40)"/>
        </link>
      </links>
      <font family="%E5%BE%AE%E8%BD%AF%E9%9B%85%E9%BB%91" displayName="%E5%BE%AE%E8%BD%AF%E9%9B%85%E9%BB%91" postScript="" weightStyle="Regular" weight="400" isBold="False" isItalic="False"/>
      <text>%2B+%E8%AE%B0%E4%B8%80%E7%AC%94%E5%B8%90</text>
      <textColor>4294967295</textColor>
      <lineSpacing>0</lineSpacing>
      <useDefaultTextSize>False</useDefaultTextSize>
      <selectedIndex>-1</selectedIndex>
      <radius>0</radius>
    </control>
    <control controlID="6643B3DF-5FDF-44BB-A681-9D99041258B8" controlTypeID="Shape" x="0" y="398" w="375" h="37" zOrder="4">
      <color>15921906</color>
      <borderColor>4292335575</borderColor>
      <font family="%E5%BE%AE%E8%BD%AF%E9%9B%85%E9%BB%91" displayName="%E5%BE%AE%E8%BD%AF%E9%9B%85%E9%BB%91+Bold" postScript="" weightStyle="Bold" weight="700" isBold="True" isItalic="False"/>
      <textSize>14</textSize>
      <textStyles>[fsBold]</textStyles>
      <selectedIndex>-1</selectedIndex>
      <borderMode>[bmBottom]</borderMode>
    </control>
    <control controlID="A669DA59-C867-4F32-B0F8-B6309050C8D9" controlTypeID="Label" x="10" y="407" w="33" h="19" zOrder="5">
      <font family="%E5%BE%AE%E8%BD%AF%E9%9B%85%E9%BB%91" displayName="%E5%BE%AE%E8%BD%AF%E9%9B%85%E9%BB%91+Bold" postScript="" weightStyle="Bold" weight="700" isBold="True" isItalic="False"/>
      <text>%E6%98%8E%E7%BB%86</text>
      <textColor>4280821800</textColor>
      <lineSpacing>0</lineSpacing>
      <textStyles>[fsBold]</textStyles>
      <selectedIndex>-1</selectedIndex>
    </control>
    <control controlID="4D6A7BED-B6D3-4428-BCFC-B2334F403D8A" controlTypeID="__group__" x="0" y="426" w="375" h="68" zOrder="6">
      <groupChildrenDescriptors>
        <control controlID="5C2B0BC2-A23D-4857-8A2E-CF9B75358920" controlTypeID="Shape" x="0" y="0" w="375" h="68" zOrder="0">
          <color>15921906</color>
          <borderColor>4292335575</borderColor>
          <font family="%E5%BE%AE%E8%BD%AF%E9%9B%85%E9%BB%91" displayName="%E5%BE%AE%E8%BD%AF%E9%9B%85%E9%BB%91" postScript="" weightStyle="Regular" weight="400" isBold="False" isItalic="False"/>
          <textSize>14</textSize>
          <selectedIndex>-1</selectedIndex>
          <borderMode>[bmBottom]</borderMode>
        </control>
        <control controlID="90E82263-196F-420B-AF13-0EDD9CE71276" controlTypeID="Label" x="11" y="16" w="162" h="18" zOrder="1">
          <font family="%E5%BE%AE%E8%BD%AF%E9%9B%85%E9%BB%91" displayName="%E5%BE%AE%E8%BD%AF%E9%9B%85%E9%BB%91" postScript="" weightStyle="Regular" weight="400" isBold="False" isItalic="False"/>
          <text>%E5%B7%A5%E5%95%86%E9%93%B6%E8%A1%8C%EF%BC%880855%EF%BC%89%3E%E5%85%AC%E4%BA%A4%E5%8D%A1</text>
          <textSize>13</textSize>
          <lineSpacing>0</lineSpacing>
          <useDefaultTextSize>False</useDefaultTextSize>
          <selectedIndex>-1</selectedIndex>
        </control>
        <control controlID="C6805725-7E4B-4CBE-9B21-515932845437" controlTypeID="Label" x="303" y="17" w="59" h="18" zOrder="2">
          <font family="%E5%BE%AE%E8%BD%AF%E9%9B%85%E9%BB%91" displayName="%E5%BE%AE%E8%BD%AF%E9%9B%85%E9%BB%91" postScript="" weightStyle="Regular" weight="400" isBold="False" isItalic="False"/>
          <text>%EF%BF%A5300.00</text>
          <textSize>13</textSize>
          <lineSpacing>0</lineSpacing>
          <useDefaultTextSize>False</useDefaultTextSize>
          <selectedIndex>-1</selectedIndex>
        </control>
        <control controlID="956D1615-3DFF-4C01-9949-CC04A52EDD5C" controlTypeID="Label" x="319" y="40" w="40" h="16" zOrder="3">
          <font family="%E5%BE%AE%E8%BD%AF%E9%9B%85%E9%BB%91" displayName="%E5%BE%AE%E8%BD%AF%E9%9B%85%E9%BB%91" postScript="" weightStyle="Regular" weight="400" isBold="False" isItalic="False"/>
          <text>%E9%99%88%E7%9C%9F%E8%89%B3</text>
          <textColor>4284374622</textColor>
          <textSize>12</textSize>
          <lineSpacing>0</lineSpacing>
          <useDefaultTextSize>False</useDefaultTextSize>
          <selectedIndex>-1</selectedIndex>
        </control>
        <control controlID="5188967F-A268-4E88-9592-542D064FBCA3" controlTypeID="Label" x="11" y="40" w="72" h="16" zOrder="4">
          <color>4294111986</color>
          <font family="%E5%BE%AE%E8%BD%AF%E9%9B%85%E9%BB%91" displayName="%E5%BE%AE%E8%BD%AF%E9%9B%85%E9%BB%91" postScript="" weightStyle="Regular" weight="400" isBold="False" isItalic="False"/>
          <text>11-29+21%3A59</text>
          <textColor>4287927444</textColor>
          <textSize>12</textSize>
          <lineSpacing>0</lineSpacing>
          <useDefaultTextSize>False</useDefaultTextSize>
          <selectedIndex>-1</selectedIndex>
        </control>
        <control controlID="574E1A00-E587-4265-A3E5-50B5CEDE0CE6" controlTypeID="Label" x="93" y="40" w="52" h="16" zOrder="5">
          <font family="%E5%BE%AE%E8%BD%AF%E9%9B%85%E9%BB%91" displayName="%E5%BE%AE%E8%BD%AF%E9%9B%85%E9%BB%91" postScript="" weightStyle="Regular" weight="400" isBold="False" isItalic="False"/>
          <text>%E5%A4%87%E6%B3%A8%E4%BF%A1%E6%81%AF</text>
          <textColor>4284374622</textColor>
          <textSize>12</textSize>
          <lineSpacing>0</lineSpacing>
          <useDefaultTextSize>False</useDefaultTextSize>
          <selectedIndex>-1</selectedIndex>
        </control>
      </groupChildrenDescriptors>
    </control>
    <control controlID="C233343F-D5E8-481E-8502-1E3A80CFE67A" controlTypeID="Label" x="291" y="406" w="70" h="19" zOrder="7">
      <links eventType="AtClick" animate="AmNone" animateAutoDelay="0" animateDuration="500">
        <link targetPageID="0823E0F8-D359-44CA-B69D-ADF03197D003" linkType="ltPageLink" isApplyIncludePage="False" title="%E5%85%A8%E9%83%A8%E8%AE%B0%E5%BD%95">
          <area shape="0" alt="" ID="{BA404640-66CF-481D-9C27-E3C8F4FCDCF3}" coords="(0,0,70,19)"/>
        </link>
      </links>
      <font family="%E5%BE%AE%E8%BD%AF%E9%9B%85%E9%BB%91" displayName="%E5%BE%AE%E8%BD%AF%E9%9B%85%E9%BB%91" postScript="" weightStyle="Regular" weight="400" isBold="False" isItalic="False"/>
      <text>%E6%9F%A5%E7%9C%8B%E5%85%A8%E9%83%A8%3E</text>
      <textColor>4294927923</textColor>
      <lineSpacing>0</lineSpacing>
      <selectedIndex>-1</selectedIndex>
    </control>
    <control controlID="DF546328-AF52-450C-BCCD-D337DF1F239F" controlTypeID="Master" x="0" y="830" w="375" h="50" zOrder="8" masterID="468B7B02-E4B7-4B91-B147-DE0B82B9218A">
      <groupChildrenDescriptors>
        <control controlID="D8DE9C1B-CC33-404B-80FE-E1DD8CAABCC3" controlTypeID="Shape" x="0" y="0" w="375" h="50" zOrder="0">
          <color>2061821156</color>
          <borderColor>4293190884</borderColor>
          <font family="%E5%BE%AE%E8%BD%AF%E9%9B%85%E9%BB%91" displayName="%E5%BE%AE%E8%BD%AF%E9%9B%85%E9%BB%91" postScript="" weightStyle="Regular" weight="400" isBold="False" isItalic="False"/>
          <textSize>14</textSize>
          <selectedIndex>-1</selectedIndex>
          <borderMode>[bmTop]</borderMode>
        </control>
        <control controlID="EEF39554-C291-428A-B28A-29C7317A892C" controlTypeID="Icon" x="20" y="13" w="24" h="24" zOrder="1">
          <color>4278742761</color>
          <icon>
            <ID>Back.png</ID>
            <iconFontName/>
            <iconCode>-1</iconCode>
          </icon>
        </control>
        <control controlID="924FE73C-10D1-4247-A8EB-42EF50ED82B7" controlTypeID="Icon" x="96" y="13" w="24" h="24" zOrder="2">
          <icon>
            <ID>Gt.png</ID>
            <iconFontName/>
            <iconCode>-1</iconCode>
          </icon>
        </control>
        <control controlID="79736DA4-C740-4C39-A136-80609D37E519" controlTypeID="Icon" x="172" y="13" w="24" h="24" zOrder="3">
          <color>4278742761</color>
          <icon>
            <ID/>
            <iconFontName>jdIonicons</iconFontName>
            <iconCode>62666</iconCode>
          </icon>
          <URL>69343460E9407CF814C54637629A380F.svg</URL>
        </control>
        <control controlID="CC93243E-907E-474E-B2BB-AF569556D2C4" controlTypeID="Icon" x="248" y="13" w="24" h="24" zOrder="4">
          <color>4278742761</color>
          <icon>
            <ID/>
            <iconFontName>jdIonicons</iconFontName>
            <iconCode>62439</iconCode>
          </icon>
          <URL>581821C142FFE2C30A1330D052EFFD70.svg</URL>
        </control>
        <control controlID="3AC52800-6901-4F49-AE73-522A2791D062" controlTypeID="Icon" x="324" y="13" w="24" h="24" zOrder="5">
          <color>4278742761</color>
          <icon>
            <ID/>
            <iconFontName>jdIonicons</iconFontName>
            <iconCode>62593</iconCode>
          </icon>
          <URL>1442791C8160AB432B8A0564B9E0CEDB.svg</URL>
        </control>
      </groupChildrenDescriptors>
    </control>
    <control controlID="3AD03241-BE17-450D-B933-E12676D4789A" controlTypeID="Label" x="77" y="772" w="234" h="16" zOrder="9">
      <font family="%E5%BE%AE%E8%BD%AF%E9%9B%85%E9%BB%91" displayName="%E5%BE%AE%E8%BD%AF%E9%9B%85%E9%BB%91" postScript="" weightStyle="Regular" weight="400" isBold="False" isItalic="False"/>
      <text>%E4%BB%8A%E6%97%A5%E6%96%B0%E5%A2%9E%E8%B4%A6%E5%8D%950%E7%AC%94%EF%BC%8C%E5%9D%9A%E6%8C%81%E8%AE%B0%E8%B4%A6%E6%89%8D%E8%83%BD%E5%8D%93%E6%9C%89%E6%88%90%E6%95%88%EF%BC%81</text>
      <textColor>4287006342</textColor>
      <textSize>12</textSize>
      <lineSpacing>0</lineSpacing>
      <useDefaultTextSize>False</useDefaultTextSize>
      <selectedIndex>-1</selectedIndex>
    </control>
    <control controlID="79BDD824-FB44-405A-BF6F-C996A124861F" controlTypeID="Image" x="139" y="669" w="82" h="82" zOrder="10"/>
    <control controlID="2C89BAF2-AF07-482C-9FEE-9A1ADF24B1B4" controlTypeID="__group__" x="0" y="72" w="375" h="41" zOrder="11">
      <groupChildrenDescriptors>
        <control controlID="26A30405-05E0-42CB-88F4-B499FD8F0189" controlTypeID="Shape" x="0" y="0" w="375" h="41" zOrder="0">
          <color>4294927923</color>
          <borderVisible>False</borderVisible>
          <font family="%E5%BE%AE%E8%BD%AF%E9%9B%85%E9%BB%91" displayName="%E5%BE%AE%E8%BD%AF%E9%9B%85%E9%BB%91" postScript="" weightStyle="Regular" weight="400" isBold="False" isItalic="False"/>
          <textSize>14</textSize>
          <selectedIndex>-1</selectedIndex>
        </control>
        <control controlID="D36A130E-70C1-4267-8030-AED99CAAC871" controlTypeID="Label" x="153" y="9" w="70" h="22" zOrder="1">
          <font family="%E5%BE%AE%E8%BD%AF%E9%9B%85%E9%BB%91" displayName="%E5%BE%AE%E8%BD%AF%E9%9B%85%E9%BB%91" postScript="" weightStyle="Regular" weight="400" isBold="False" isItalic="False"/>
          <text>%E5%8D%97%E7%93%9C%E8%AE%B0%E8%B4%A6</text>
          <textColor>4294967295</textColor>
          <textSize>16</textSize>
          <lineSpacing>0</lineSpacing>
          <useDefaultTextSize>False</useDefaultTextSize>
          <selectedIndex>-1</selectedIndex>
        </control>
        <control controlID="6405A716-850D-4049-8690-5561A1C2E89A" controlTypeID="Icon" x="333" y="8" w="24" h="24" zOrder="2">
          <color>4294967295</color>
          <links eventType="AtClick" animate="AmNone" animateAutoDelay="0" animateDuration="500">
            <link targetPageID="6F6E2846-2547-4E28-B5E9-9065DDEE083E" linkType="ltPageLink" isApplyIncludePage="False" title="%E6%88%91">
              <area shape="0" alt="" ID="{BCFACDEB-29DB-43D5-8933-6290CA569F84}" coords="(0,0,24,24)"/>
            </link>
          </links>
          <icon>
            <ID/>
            <iconFontName>jdiconfontB</iconFontName>
            <iconCode>59648</iconCode>
          </icon>
          <URL>42CF9E031360EBC09387427849BF6328.svg</URL>
        </control>
      </groupChildrenDescriptors>
    </control>
    <control controlID="B70136A2-16AC-4EB3-87E5-4FC5E9B64C3A" controlTypeID="Image" x="10" y="76" w="32" h="32" zOrder="12"/>
    <control controlID="E6F7781F-1902-4B72-BCCD-459821BF5238" controlTypeID="__group__" x="0" y="494" w="375" h="68" zOrder="13">
      <groupChildrenDescriptors>
        <control controlID="C1003A24-D6FE-452D-B13F-D517AE8440A5" controlTypeID="Shape" x="0" y="0" w="375" h="68" zOrder="0">
          <color>15921906</color>
          <borderColor>4292335575</borderColor>
          <font family="%E5%BE%AE%E8%BD%AF%E9%9B%85%E9%BB%91" displayName="%E5%BE%AE%E8%BD%AF%E9%9B%85%E9%BB%91" postScript="" weightStyle="Regular" weight="400" isBold="False" isItalic="False"/>
          <textSize>14</textSize>
          <selectedIndex>-1</selectedIndex>
          <borderMode>[bmBottom]</borderMode>
        </control>
        <control controlID="E3065C9C-FE3D-4403-8E9B-8AF3A37D7530" controlTypeID="Label" x="11" y="16" w="162" h="18" zOrder="1">
          <font family="%E5%BE%AE%E8%BD%AF%E9%9B%85%E9%BB%91" displayName="%E5%BE%AE%E8%BD%AF%E9%9B%85%E9%BB%91" postScript="" weightStyle="Regular" weight="400" isBold="False" isItalic="False"/>
          <text>%E5%B7%A5%E5%95%86%E9%93%B6%E8%A1%8C%EF%BC%880855%EF%BC%89%3E%E5%85%AC%E4%BA%A4%E5%8D%A1</text>
          <textSize>13</textSize>
          <lineSpacing>0</lineSpacing>
          <useDefaultTextSize>False</useDefaultTextSize>
          <selectedIndex>-1</selectedIndex>
        </control>
        <control controlID="78881E56-C202-4146-BC04-3AC48BA54690" controlTypeID="Label" x="303" y="17" w="59" h="18" zOrder="2">
          <font family="%E5%BE%AE%E8%BD%AF%E9%9B%85%E9%BB%91" displayName="%E5%BE%AE%E8%BD%AF%E9%9B%85%E9%BB%91" postScript="" weightStyle="Regular" weight="400" isBold="False" isItalic="False"/>
          <text>%EF%BF%A5300.00</text>
          <textSize>13</textSize>
          <lineSpacing>0</lineSpacing>
          <useDefaultTextSize>False</useDefaultTextSize>
          <selectedIndex>-1</selectedIndex>
        </control>
        <control controlID="8ADE17D5-EA95-411B-B678-C5993E420086" controlTypeID="Label" x="319" y="40" w="40" h="16" zOrder="3">
          <font family="%E5%BE%AE%E8%BD%AF%E9%9B%85%E9%BB%91" displayName="%E5%BE%AE%E8%BD%AF%E9%9B%85%E9%BB%91" postScript="" weightStyle="Regular" weight="400" isBold="False" isItalic="False"/>
          <text>%E9%99%88%E7%9C%9F%E8%89%B3</text>
          <textColor>4284374622</textColor>
          <textSize>12</textSize>
          <lineSpacing>0</lineSpacing>
          <useDefaultTextSize>False</useDefaultTextSize>
          <selectedIndex>-1</selectedIndex>
        </control>
        <control controlID="0B09892E-277A-4B55-9F25-CF4430BD3A2C" controlTypeID="Label" x="11" y="40" w="72" h="16" zOrder="4">
          <color>4294111986</color>
          <font family="%E5%BE%AE%E8%BD%AF%E9%9B%85%E9%BB%91" displayName="%E5%BE%AE%E8%BD%AF%E9%9B%85%E9%BB%91" postScript="" weightStyle="Regular" weight="400" isBold="False" isItalic="False"/>
          <text>11-29+21%3A59</text>
          <textColor>4287927444</textColor>
          <textSize>12</textSize>
          <lineSpacing>0</lineSpacing>
          <useDefaultTextSize>False</useDefaultTextSize>
          <selectedIndex>-1</selectedIndex>
        </control>
        <control controlID="8C4FF298-70B2-403E-B0D3-A84C9C103306" controlTypeID="Label" x="93" y="40" w="52" h="16" zOrder="5">
          <font family="%E5%BE%AE%E8%BD%AF%E9%9B%85%E9%BB%91" displayName="%E5%BE%AE%E8%BD%AF%E9%9B%85%E9%BB%91" postScript="" weightStyle="Regular" weight="400" isBold="False" isItalic="False"/>
          <text>%E5%A4%87%E6%B3%A8%E4%BF%A1%E6%81%AF</text>
          <textColor>4284374622</textColor>
          <textSize>12</textSize>
          <lineSpacing>0</lineSpacing>
          <useDefaultTextSize>False</useDefaultTextSize>
          <selectedIndex>-1</selectedIndex>
        </control>
      </groupChildrenDescriptors>
    </control>
    <control controlID="AB49D832-EFDC-410D-B073-E042C6CC74F5" controlTypeID="__group__" x="0" y="562" w="375" h="68" zOrder="14">
      <groupChildrenDescriptors>
        <control controlID="A02F95C5-280C-42E6-90F2-B06CB99B5A0F" controlTypeID="Shape" x="0" y="0" w="375" h="68" zOrder="0">
          <color>15921906</color>
          <borderColor>4292335575</borderColor>
          <font family="%E5%BE%AE%E8%BD%AF%E9%9B%85%E9%BB%91" displayName="%E5%BE%AE%E8%BD%AF%E9%9B%85%E9%BB%91" postScript="" weightStyle="Regular" weight="400" isBold="False" isItalic="False"/>
          <textSize>14</textSize>
          <selectedIndex>-1</selectedIndex>
          <borderMode>[bmBottom]</borderMode>
        </control>
        <control controlID="F225D90F-D0DE-4337-9640-C494DB4FFA52" controlTypeID="Label" x="11" y="16" w="162" h="18" zOrder="1">
          <font family="%E5%BE%AE%E8%BD%AF%E9%9B%85%E9%BB%91" displayName="%E5%BE%AE%E8%BD%AF%E9%9B%85%E9%BB%91" postScript="" weightStyle="Regular" weight="400" isBold="False" isItalic="False"/>
          <text>%E5%B7%A5%E5%95%86%E9%93%B6%E8%A1%8C%EF%BC%880855%EF%BC%89%3E%E5%85%AC%E4%BA%A4%E5%8D%A1</text>
          <textSize>13</textSize>
          <lineSpacing>0</lineSpacing>
          <useDefaultTextSize>False</useDefaultTextSize>
          <selectedIndex>-1</selectedIndex>
        </control>
        <control controlID="0305E987-E163-4D8C-B500-E9A1D1A1CFA9" controlTypeID="Label" x="303" y="17" w="59" h="18" zOrder="2">
          <font family="%E5%BE%AE%E8%BD%AF%E9%9B%85%E9%BB%91" displayName="%E5%BE%AE%E8%BD%AF%E9%9B%85%E9%BB%91" postScript="" weightStyle="Regular" weight="400" isBold="False" isItalic="False"/>
          <text>%EF%BF%A5300.00</text>
          <textSize>13</textSize>
          <lineSpacing>0</lineSpacing>
          <useDefaultTextSize>False</useDefaultTextSize>
          <selectedIndex>-1</selectedIndex>
        </control>
        <control controlID="2097A8B7-F93D-4D01-B5AA-DF0614FFD595" controlTypeID="Label" x="319" y="40" w="40" h="16" zOrder="3">
          <font family="%E5%BE%AE%E8%BD%AF%E9%9B%85%E9%BB%91" displayName="%E5%BE%AE%E8%BD%AF%E9%9B%85%E9%BB%91" postScript="" weightStyle="Regular" weight="400" isBold="False" isItalic="False"/>
          <text>%E9%99%88%E7%9C%9F%E8%89%B3</text>
          <textColor>4284374622</textColor>
          <textSize>12</textSize>
          <lineSpacing>0</lineSpacing>
          <useDefaultTextSize>False</useDefaultTextSize>
          <selectedIndex>-1</selectedIndex>
        </control>
        <control controlID="0A7604F8-36A6-4999-B0A5-BE716C25FAAF" controlTypeID="Label" x="11" y="40" w="72" h="16" zOrder="4">
          <color>4294111986</color>
          <font family="%E5%BE%AE%E8%BD%AF%E9%9B%85%E9%BB%91" displayName="%E5%BE%AE%E8%BD%AF%E9%9B%85%E9%BB%91" postScript="" weightStyle="Regular" weight="400" isBold="False" isItalic="False"/>
          <text>11-29+21%3A59</text>
          <textColor>4287927444</textColor>
          <textSize>12</textSize>
          <lineSpacing>0</lineSpacing>
          <useDefaultTextSize>False</useDefaultTextSize>
          <selectedIndex>-1</selectedIndex>
        </control>
        <control controlID="3C7E2361-0B3C-49AB-928C-84F60E885808" controlTypeID="Label" x="93" y="40" w="52" h="16" zOrder="5">
          <font family="%E5%BE%AE%E8%BD%AF%E9%9B%85%E9%BB%91" displayName="%E5%BE%AE%E8%BD%AF%E9%9B%85%E9%BB%91" postScript="" weightStyle="Regular" weight="400" isBold="False" isItalic="False"/>
          <text>%E5%A4%87%E6%B3%A8%E4%BF%A1%E6%81%AF</text>
          <textColor>4284374622</textColor>
          <textSize>12</textSize>
          <lineSpacing>0</lineSpacing>
          <useDefaultTextSize>False</useDefaultTextSize>
          <selectedIndex>-1</selectedIndex>
        </control>
      </groupChildrenDescriptors>
    </control>
    <control controlID="3C1D2658-042F-4942-89C8-25DB871E6A17" controlTypeID="Image" x="29" y="139" w="50" h="50" zOrder="15">
      <caption>%E5%A4%B4%E5%83%8F</caption>
      <clipShapeType>SbEllipse</clipShapeType>
    </control>
    <control controlID="E352486A-C2B2-4F51-B36B-A4FE4B5E2BB6" controlTypeID="Image" x="97" y="139" w="50" h="50" zOrder="16">
      <caption>%E5%A4%B4%E5%83%8F</caption>
      <clipShapeType>SbEllipse</clipShapeType>
    </control>
    <control controlID="02C663E2-A542-419E-88D1-500F9DCF31C2" controlTypeID="Circle" x="166" y="139" w="50" h="50" zOrder="17">
      <interactiveData>
        <entry title="">
          <area shape="0" alt="" ID="{2A9CAD9F-F611-4002-A0B4-C3A90F17826B}" coords="(0,0,50,50)"/>
          <events title="">
            <event eventType="atClick" isChecked="True">
              <behaviour title="" isChecked="True" isWait="False" isLoop="False" execMode="emParallel">
                <target targetID="EA7D2304-DE3B-4A93-B8DC-847C8202407C" isChecked="True" isAutoRecovery="False" isLoop="False" execMode="emSequence">
                  <command name="Popup State Change" isChecked="True" descrition="">
                    <param name="AniInterpolation" value="0" varType="3" description=""/>
                    <param name="AniDuration" value="200" varType="3" description=""/>
                    <param name="AniAutoReverse" value="False" varType="11" description=""/>
                    <param name="AniLoop" value="False" varType="11" description=""/>
                    <param name="AniInterpolationTypeOut" value="False" varType="11" description=""/>
                    <param name="Delay" value="0" varType="3" description=""/>
                    <param name="Value" value="2" varType="3" description=""/>
                    <param name="AniType" value="0" varType="3" description=""/>
                  </command>
                </target>
              </behaviour>
            </event>
          </events>
        </entry>
      </interactiveData>
      <font family="%E5%BE%AE%E8%BD%AF%E9%9B%85%E9%BB%91" displayName="%E5%BE%AE%E8%BD%AF%E9%9B%85%E9%BB%91" postScript="" weightStyle="Regular" weight="400" isBold="False" isItalic="False"/>
      <text>%2B</text>
      <textSize>14</textSize>
      <selectedIndex>-1</selectedIndex>
      <shapeBorderType>SbEllipse</shapeBorderType>
    </control>
    <control controlID="AEB85A31-8EE4-40D0-876D-0E79DECA49A0" controlTypeID="Label" x="32" y="192" w="44" h="19" zOrder="18">
      <font family="%E5%BE%AE%E8%BD%AF%E9%9B%85%E9%BB%91" displayName="%E5%BE%AE%E8%BD%AF%E9%9B%85%E9%BB%91" postScript="" weightStyle="Regular" weight="400" isBold="False" isItalic="False"/>
      <text>Petite</text>
      <lineSpacing>0</lineSpacing>
      <selectedIndex>-1</selectedIndex>
    </control>
    <control controlID="27854F7E-8CCB-47EB-945D-42440CD64913" controlTypeID="Label" x="104" y="192" w="36" h="19" zOrder="19">
      <font family="%E5%BE%AE%E8%BD%AF%E9%9B%85%E9%BB%91" displayName="%E5%BE%AE%E8%BD%AF%E9%9B%85%E9%BB%91" postScript="" weightStyle="Regular" weight="400" isBold="False" isItalic="False"/>
      <text>luozi</text>
      <lineSpacing>0</lineSpacing>
      <selectedIndex>-1</selectedIndex>
    </control>
    <control controlID="E4F950BB-315C-436E-B92F-22406ACF4117" controlTypeID="Label" x="166" y="192" w="61" h="19" zOrder="20">
      <font family="%E5%BE%AE%E8%BD%AF%E9%9B%85%E9%BB%91" displayName="%E5%BE%AE%E8%BD%AF%E9%9B%85%E9%BB%91" postScript="" weightStyle="Regular" weight="400" isBold="False" isItalic="False"/>
      <text>%E9%82%80%E8%AF%B7%E6%88%90%E5%91%98</text>
      <lineSpacing>0</lineSpacing>
      <selectedIndex>-1</selectedIndex>
    </control>
    <control controlID="DF221F81-47FF-4711-82AD-9E329BE4199C" controlTypeID="Label" x="310" y="160" w="42" h="19" zOrder="21">
      <font family="%E5%BE%AE%E8%BD%AF%E9%9B%85%E9%BB%91" displayName="%E5%BE%AE%E8%BD%AF%E9%9B%85%E9%BB%91" postScript="" weightStyle="Regular" weight="400" isBold="False" isItalic="False"/>
      <text>%E5%85%B12%E4%BA%BA+</text>
      <lineSpacing>0</lineSpacing>
      <selectedIndex>-1</selectedIndex>
    </control>
    <control controlID="030982B5-8088-4A4A-B888-007E112FE690" controlTypeID="__group__" x="39" y="260" w="82" h="43" zOrder="22">
      <groupChildrenDescriptors>
        <control controlID="B5528A71-7957-462B-890E-4D1F0940E4B7" controlTypeID="Label" x="0" y="0" w="82" h="22" zOrder="0">
          <font family="%E5%BE%AE%E8%BD%AF%E9%9B%85%E9%BB%91" displayName="%E5%BE%AE%E8%BD%AF%E9%9B%85%E9%BB%91" postScript="" weightStyle="Regular" weight="400" isBold="False" isItalic="False"/>
          <text>%EF%BF%A55555.00</text>
          <textSize>16</textSize>
          <lineSpacing>0</lineSpacing>
          <useDefaultTextSize>False</useDefaultTextSize>
          <selectedIndex>-1</selectedIndex>
        </control>
        <control controlID="A2FFF41C-82BC-4ED8-8BF9-C330B357648A" controlTypeID="Label" x="17" y="24" w="47" h="19" zOrder="1">
          <font family="%E5%BE%AE%E8%BD%AF%E9%9B%85%E9%BB%91" displayName="%E5%BE%AE%E8%BD%AF%E9%9B%85%E9%BB%91" postScript="" weightStyle="Regular" weight="400" isBold="False" isItalic="False"/>
          <text>%E6%80%BB%E8%B5%84%E4%BA%A7</text>
          <textColor>4283519313</textColor>
          <lineSpacing>0</lineSpacing>
          <selectedIndex>-1</selectedIndex>
        </control>
      </groupChildrenDescriptors>
    </control>
    <control controlID="197C3DA1-AEA7-48DE-945A-B6628EB40F3F" controlTypeID="__group__" x="150" y="260" w="82" h="43" zOrder="23">
      <groupChildrenDescriptors>
        <control controlID="C2866BD0-9462-423E-BFED-AD7BD5E3B4AE" controlTypeID="Label" x="17" y="24" w="47" h="19" zOrder="0">
          <font family="%E5%BE%AE%E8%BD%AF%E9%9B%85%E9%BB%91" displayName="%E5%BE%AE%E8%BD%AF%E9%9B%85%E9%BB%91" postScript="" weightStyle="Regular" weight="400" isBold="False" isItalic="False"/>
          <text>%E6%80%BB%E8%B4%9F%E5%80%BA</text>
          <textColor>4283519313</textColor>
          <lineSpacing>0</lineSpacing>
          <selectedIndex>-1</selectedIndex>
        </control>
        <control controlID="58FD21F3-CC4F-4CBA-804D-163480848DB2" controlTypeID="Label" x="0" y="0" w="82" h="22" zOrder="1">
          <font family="%E5%BE%AE%E8%BD%AF%E9%9B%85%E9%BB%91" displayName="%E5%BE%AE%E8%BD%AF%E9%9B%85%E9%BB%91" postScript="" weightStyle="Regular" weight="400" isBold="False" isItalic="False"/>
          <text>%EF%BF%A55555.00</text>
          <textSize>16</textSize>
          <lineSpacing>0</lineSpacing>
          <useDefaultTextSize>False</useDefaultTextSize>
          <selectedIndex>-1</selectedIndex>
        </control>
      </groupChildrenDescriptors>
    </control>
    <control controlID="9FD51E54-50C4-4160-8D72-4795D5204717" controlTypeID="__group__" x="261" y="260" w="82" h="43" zOrder="24">
      <groupChildrenDescriptors>
        <control controlID="DBC6BB95-0AA7-47A8-8F15-B36B400BD876" controlTypeID="Label" x="17" y="24" w="47" h="19" zOrder="0">
          <font family="%E5%BE%AE%E8%BD%AF%E9%9B%85%E9%BB%91" displayName="%E5%BE%AE%E8%BD%AF%E9%9B%85%E9%BB%91" postScript="" weightStyle="Regular" weight="400" isBold="False" isItalic="False"/>
          <text>%E5%87%80%E8%B5%84%E4%BA%A7</text>
          <textColor>4283519313</textColor>
          <lineSpacing>0</lineSpacing>
          <selectedIndex>-1</selectedIndex>
        </control>
        <control controlID="5D08C24C-7202-4AB8-8C07-BFABDA97A0F2" controlTypeID="Label" x="0" y="0" w="82" h="22" zOrder="1">
          <font family="%E5%BE%AE%E8%BD%AF%E9%9B%85%E9%BB%91" displayName="%E5%BE%AE%E8%BD%AF%E9%9B%85%E9%BB%91" postScript="" weightStyle="Regular" weight="400" isBold="False" isItalic="False"/>
          <text>%EF%BF%A55555.00</text>
          <textSize>16</textSize>
          <lineSpacing>0</lineSpacing>
          <useDefaultTextSize>False</useDefaultTextSize>
          <selectedIndex>-1</selectedIndex>
        </control>
      </groupChildrenDescriptors>
    </control>
    <control controlID="78832B01-D1F1-427B-A76E-591F6A86037B" controlTypeID="Line" x="135" y="261" w="1" h="42" zOrder="25">
      <color>4290559164</color>
      <font family="%E5%BE%AE%E8%BD%AF%E9%9B%85%E9%BB%91" displayName="%E5%BE%AE%E8%BD%AF%E9%9B%85%E9%BB%91" postScript="" weightStyle="Regular" weight="400" isBold="False" isItalic="False"/>
      <textSize>14</textSize>
      <lineSpacing>0</lineSpacing>
      <selectedIndex>-1</selectedIndex>
      <controlPoint>(0,21)</controlPoint>
      <startPoint>(0,0)</startPoint>
      <endPoint>(0,42)</endPoint>
    </control>
    <control controlID="C0EF4C09-C145-430D-A46C-C3D7A117B17E" controlTypeID="Line" x="246" y="261" w="1" h="42" zOrder="26">
      <color>4290559164</color>
      <font family="%E5%BE%AE%E8%BD%AF%E9%9B%85%E9%BB%91" displayName="%E5%BE%AE%E8%BD%AF%E9%9B%85%E9%BB%91" postScript="" weightStyle="Regular" weight="400" isBold="False" isItalic="False"/>
      <textSize>14</textSize>
      <lineSpacing>0</lineSpacing>
      <selectedIndex>-1</selectedIndex>
      <controlPoint>(0,21)</controlPoint>
      <startPoint>(0,0)</startPoint>
      <endPoint>(0,42)</endPoint>
    </control>
    <control controlID="EA7D2304-DE3B-4A93-B8DC-847C8202407C" controlTypeID="PopupPanel" x="385" y="180" w="46" h="46" zOrder="27">
      <caption>%E5%88%86%E4%BA%AB%E9%93%BE%E6%8E%A5</caption>
      <groupChildrenDescriptors>
        <control controlID="FC140316-B33C-4C49-BEC2-790C70280B7C" controlTypeID="Panel" x="0" y="0" w="375" h="880" zOrder="0">
          <locked>True</locked>
          <color>1879048192</color>
          <borderVisible>False</borderVisible>
          <canMove>False</canMove>
          <alias>background</alias>
          <groupChildrenDescriptors>
            <control controlID="BE5301B8-0FB2-4397-947D-3FBC7AD115C2" controlTypeID="Border" x="0" y="0" w="375" h="880" zOrder="0">
              <caption>%E8%BE%B9%E6%A1%86</caption>
              <borderVisible>False</borderVisible>
              <alias>borderLayer</alias>
            </control>
          </groupChildrenDescriptors>
          <thinkness>1</thinkness>
        </control>
        <control controlID="04C6960C-9D51-4B65-ABE9-49D97ACFD19F" controlTypeID="PopupPanelContent" x="0" y="0" w="375" h="667" zOrder="1">
          <color>16777215</color>
          <alias>content</alias>
          <groupChildrenDescriptors>
            <control controlID="C612C17D-21C7-4739-8482-07BF99226F25" controlTypeID="ModalScreen" x="0" y="0" w="375" h="667" zOrder="0">
              <color>436207616</color>
            </control>
            <control controlID="B60BE3E7-285F-4FA7-9C8A-12CEE005FA1A" controlTypeID="Shape" x="76" y="322" w="250" h="114" zOrder="1">
              <color>2399141888</color>
              <borderVisible>False</borderVisible>
              <font family="%E5%BE%AE%E8%BD%AF%E9%9B%85%E9%BB%91" displayName="%E5%BE%AE%E8%BD%AF%E9%9B%85%E9%BB%91" postScript="" weightStyle="Regular" weight="400" isBold="False" isItalic="False"/>
              <textSize>14</textSize>
              <selectedIndex>-1</selectedIndex>
              <radius>5</radius>
            </control>
            <control controlID="16CF2291-E2A7-4DFA-A3B3-D6FA2172295D" controlTypeID="Icon" x="189" y="348" w="24" h="24" zOrder="2">
              <color>4294967295</color>
              <icon>
                <ID/>
                <iconFontName>jdIcoFont</iconFontName>
                <iconCode>58944</iconCode>
              </icon>
              <URL>68BEDC76835F7CAE3D032878BA8F58B9.svg</URL>
            </control>
            <control controlID="A520E92B-4A22-4E4D-83BC-BA2361CB67E6" controlTypeID="Label" x="110" y="388" w="182" h="22" zOrder="3">
              <font family="%E5%BE%AE%E8%BD%AF%E9%9B%85%E9%BB%91" displayName="%E5%BE%AE%E8%BD%AF%E9%9B%85%E9%BB%91" postScript="" weightStyle="Regular" weight="400" isBold="False" isItalic="False"/>
              <text>%E9%82%80%E8%AF%B7%E9%93%BE%E6%8E%A5%E5%B7%B2%E5%A4%8D%E5%88%B6%E5%88%B0%E5%89%AA%E8%B4%B4%E6%9D%BF</text>
              <textColor>4294967295</textColor>
              <textSize>16</textSize>
              <lineSpacing>0</lineSpacing>
              <useDefaultTextSize>False</useDefaultTextSize>
              <selectedIndex>-1</selectedIndex>
            </control>
          </groupChildrenDescriptors>
        </control>
      </groupChildrenDescriptors>
      <closeByClickMode>cmClickAllArea</closeByClickMode>
    </control>
    <control controlID="7AEE2925-483A-4BE2-AFED-69FF78F6A682" controlTypeID="PopupPanel" x="385" y="279" w="46" h="46" zOrder="28">
      <caption>%E6%88%90%E5%8A%9F%E5%8A%A0%E5%85%A5%E8%B4%A6%E6%9C%AC</caption>
      <groupChildrenDescriptors>
        <control controlID="7ACAEEC0-3174-46A9-B9F6-47191A38BAE7" controlTypeID="Panel" x="0" y="0" w="375" h="880" zOrder="0">
          <locked>True</locked>
          <color>1879048192</color>
          <borderVisible>False</borderVisible>
          <canMove>False</canMove>
          <alias>background</alias>
          <groupChildrenDescriptors>
            <control controlID="0941507D-6DBD-44F3-AA49-FB8BB0D0D6FD" controlTypeID="Border" x="0" y="0" w="375" h="880" zOrder="0">
              <caption>%E8%BE%B9%E6%A1%86</caption>
              <borderVisible>False</borderVisible>
              <alias>borderLayer</alias>
            </control>
          </groupChildrenDescriptors>
          <thinkness>1</thinkness>
        </control>
        <control controlID="EC54851D-4509-4F23-8734-92BC34F456FD" controlTypeID="PopupPanelContent" x="0" y="0" w="375" h="667" zOrder="1">
          <color>16777215</color>
          <alias>content</alias>
          <groupChildrenDescriptors>
            <control controlID="E599ED1F-F05E-40AC-9749-D97F45D0B0A9" controlTypeID="ModalScreen" x="0" y="0" w="375" h="667" zOrder="0">
              <color>436207616</color>
            </control>
            <control controlID="77972D01-B563-425C-ACCF-DCE5204CEBFA" controlTypeID="Shape" x="76" y="322" w="250" h="114" zOrder="1">
              <color>2399141888</color>
              <borderVisible>False</borderVisible>
              <font family="%E5%BE%AE%E8%BD%AF%E9%9B%85%E9%BB%91" displayName="%E5%BE%AE%E8%BD%AF%E9%9B%85%E9%BB%91" postScript="" weightStyle="Regular" weight="400" isBold="False" isItalic="False"/>
              <textSize>14</textSize>
              <selectedIndex>-1</selectedIndex>
              <radius>5</radius>
            </control>
            <control controlID="4225F309-776A-434E-A48B-6E6E4A97CE17" controlTypeID="Icon" x="189" y="348" w="24" h="24" zOrder="2">
              <color>4294967295</color>
              <icon>
                <ID/>
                <iconFontName>jdIcoFont</iconFontName>
                <iconCode>58944</iconCode>
              </icon>
              <URL>68BEDC76835F7CAE3D032878BA8F58B9.svg</URL>
            </control>
            <control controlID="88738229-6C52-490B-833E-18BE560ADCFD" controlTypeID="Label" x="150" y="388" w="102" h="22" zOrder="3">
              <font family="%E5%BE%AE%E8%BD%AF%E9%9B%85%E9%BB%91" displayName="%E5%BE%AE%E8%BD%AF%E9%9B%85%E9%BB%91" postScript="" weightStyle="Regular" weight="400" isBold="False" isItalic="False"/>
              <text>%E6%88%90%E5%8A%9F%E5%8A%A0%E5%85%A5%E8%B4%A6%E6%9C%AC</text>
              <textColor>4294967295</textColor>
              <textSize>16</textSize>
              <lineSpacing>0</lineSpacing>
              <useDefaultTextSize>False</useDefaultTextSize>
              <selectedIndex>-1</selectedIndex>
            </control>
          </groupChildrenDescriptors>
        </control>
      </groupChildrenDescriptors>
      <closeByClickMode>cmClickAllArea</closeByClickMode>
    </control>
  </controls>
  <param>
    <backgroundColor>4294967295</backgroundColor>
    <fontSize>0</fontSize>
    <fontFamily/>
    <guideLines>
      <guideLine isLocked="False" isHori="True" value="444"/>
      <guideLine isLocked="False" isHori="True" value="-92"/>
      <guideLine isLocked="False" isHori="True" value="462"/>
      <guideLine isLocked="False" isHori="True" value="-228"/>
    </guideLines>
  </param>
</mockup>