<mockup version="5.0" minAllowVersion="5.0" ID="24087468-20EA-41D2-BB7A-79D4BC241D4F" platform="MtMobile" defaultW="375" defaultH="667" measureW="375" measureH="667" screenOrientation="MoPortrait" mobileScreenScale="1.77777779102325" clipArea="(0,0,0,0)">
  <controls controlCount="15">
    <control controlID="318A7B11-EE57-4D58-935E-FEF74840B812" controlTypeID="StatusBar(IOS)" x="0" y="0" w="375" h="20" zOrder="0"/>
    <control controlID="71C85305-D2A4-411D-A338-51CAF0C648D6" controlTypeID="Shape" x="10" y="30" w="355" h="32" zOrder="1">
      <color>4294111986</color>
      <borderVisible>False</borderVisible>
      <font family="%E5%BE%AE%E8%BD%AF%E9%9B%85%E9%BB%91" displayName="%E5%BE%AE%E8%BD%AF%E9%9B%85%E9%BB%91" postScript="" weightStyle="Regular" weight="400" isBold="False" isItalic="False"/>
      <textSize>14</textSize>
      <lineSpacing>18</lineSpacing>
      <selectedIndex>-1</selectedIndex>
      <radius>8</radius>
    </control>
    <control controlID="EF7F8827-0B09-4260-B24C-626F88B7B930" controlTypeID="Image" x="128" y="118" w="121" h="135" zOrder="2">
      <caption>%E5%B0%81%E9%9D%A2</caption>
    </control>
    <control controlID="A65CE2EE-B62D-4910-8C18-F28BE7C56ED1" controlTypeID="Line" x="48" y="320" w="282" h="1" zOrder="3">
      <color>4287927444</color>
      <font family="%E5%BE%AE%E8%BD%AF%E9%9B%85%E9%BB%91" displayName="%E5%BE%AE%E8%BD%AF%E9%9B%85%E9%BB%91" postScript="" weightStyle="Regular" weight="400" isBold="False" isItalic="False"/>
      <textSize>14</textSize>
      <lineSpacing>18</lineSpacing>
      <selectedIndex>-1</selectedIndex>
      <controlPoint>(141,0)</controlPoint>
      <startPoint>(0,0)</startPoint>
      <endPoint>(282,0)</endPoint>
    </control>
    <control controlID="E9493E98-439C-4EC1-A5E3-D9FD25CA4663" controlTypeID="TextInput" x="122" y="280" w="138" h="33" zOrder="4">
      <borderVisible>False</borderVisible>
      <font family="%E5%BE%AE%E8%BD%AF%E9%9B%85%E9%BB%91" displayName="%E5%BE%AE%E8%BD%AF%E9%9B%85%E9%BB%91+Bold" postScript="" weightStyle="Bold" weight="700" isBold="True" isItalic="False"/>
      <text>%E7%82%B9%E5%87%BB%E8%BE%93%E5%85%A5%E8%B4%A6%E6%9C%AC%E5%90%8D%E7%A7%B0</text>
      <textColor>4290559164</textColor>
      <textSize>15</textSize>
      <textAlign>HaCenter</textAlign>
      <lineSpacing>20</lineSpacing>
      <textStyles>[fsBold]</textStyles>
      <useDefaultTextSize>False</useDefaultTextSize>
      <selectedIndex>-1</selectedIndex>
    </control>
    <control controlID="3BE135DC-5FA9-40FB-A9C5-90EFD1F80C70" controlTypeID="__group__" x="17" y="377" w="349" h="97" zOrder="5">
      <groupChildrenDescriptors>
        <control controlID="E69DFE98-468C-4870-B618-3FCCB4898F0E" controlTypeID="Label" x="0" y="0" w="89" h="19" zOrder="0">
          <font family="%E5%BE%AE%E8%BD%AF%E9%9B%85%E9%BB%91" displayName="%E5%BE%AE%E8%BD%AF%E9%9B%85%E9%BB%91" postScript="" weightStyle="Regular" weight="400" isBold="False" isItalic="False"/>
          <text>%E9%80%89%E6%8B%A9%E8%B4%A6%E6%9C%AC%E5%B0%81%E9%9D%A2</text>
          <lineSpacing>18</lineSpacing>
          <selectedIndex>-1</selectedIndex>
        </control>
        <control controlID="563BC67B-5B5C-4F7E-B4F5-653B68765D0A" controlTypeID="Shape" x="3" y="35" w="60" h="62" zOrder="1">
          <borderColor>4294927923</borderColor>
          <font family="%E5%BE%AE%E8%BD%AF%E9%9B%85%E9%BB%91" displayName="%E5%BE%AE%E8%BD%AF%E9%9B%85%E9%BB%91" postScript="" weightStyle="Regular" weight="400" isBold="False" isItalic="False"/>
          <textSize>14</textSize>
          <lineSpacing>18</lineSpacing>
          <selectedIndex>-1</selectedIndex>
        </control>
        <control controlID="37D749B3-E4D7-4255-BBED-8E78800DFD53" controlTypeID="Image" x="5" y="37" w="55" h="58" zOrder="2">
          <caption>%E5%B0%81%E9%9D%A2</caption>
        </control>
        <control controlID="726B1B08-BE4F-4507-B0F5-41BB747921F7" controlTypeID="Image" x="73" y="37" w="55" h="58" zOrder="3">
          <caption>%E5%B0%81%E9%9D%A2</caption>
        </control>
        <control controlID="12F50F87-4DBA-45C2-AC74-FF43A84ACA05" controlTypeID="Image" x="146" y="37" w="55" h="58" zOrder="4">
          <caption>%E5%B0%81%E9%9D%A2</caption>
        </control>
        <control controlID="97D9DEA0-E864-4F36-93A7-876B591DE88D" controlTypeID="Image" x="219" y="37" w="55" h="58" zOrder="5">
          <caption>%E5%B0%81%E9%9D%A2</caption>
        </control>
        <control controlID="8ADB8688-95CB-4860-AADD-83FF975FE31F" controlTypeID="Image" x="294" y="37" w="55" h="58" zOrder="6">
          <caption>%E5%B0%81%E9%9D%A2</caption>
        </control>
        <control controlID="7BCE3C1C-6894-4870-A498-1C16B54383DA" controlTypeID="Icon" x="44" y="74" w="21" h="21" zOrder="7">
          <color>4294927923</color>
          <icon>
            <ID/>
            <iconFontName>jdIcoFont</iconFontName>
            <iconCode>58908</iconCode>
          </icon>
          <URL>F5B0FFCDE2455616FF86122E2451CBB6.svg</URL>
        </control>
      </groupChildrenDescriptors>
    </control>
    <control controlID="DCB709C7-CB89-46EB-8A0F-9236B406BFC8" controlTypeID="Button" x="99" y="552" w="180" h="40" zOrder="6">
      <color>4294927923</color>
      <borderVisible>False</borderVisible>
      <font family="%E5%BE%AE%E8%BD%AF%E9%9B%85%E9%BB%91" displayName="%E5%BE%AE%E8%BD%AF%E9%9B%85%E9%BB%91" postScript="" weightStyle="Regular" weight="400" isBold="False" isItalic="False"/>
      <text>%E7%A1%AE++++%E5%AE%9A</text>
      <textColor>4294967295</textColor>
      <lineSpacing>18</lineSpacing>
      <useDefaultTextSize>False</useDefaultTextSize>
      <selectedIndex>-1</selectedIndex>
    </control>
  </controls>
  <param>
    <backgroundColor>4294967295</backgroundColor>
    <fontSize>0</fontSize>
    <fontFamily/>
    <guideLines>
      <guideLine isLocked="False" isHori="True" value="442"/>
      <guideLine isLocked="False" isHori="True" value="189"/>
      <guideLine isLocked="False" isHori="True" value="462"/>
    </guideLines>
  </param>
</mockup>